user_id,user_idx
100,0
1000,1
1001000,2
1001500,3
1001700,4
1001800,5
1002200,6
1003200,7
100400,8
1004800,9
100600,10
1006400,11
1006900,12
100700,13
1007100,14
1007200,15
100800,16
1008100,17
1008500,18
1009000,19
1009200,20
1011000,21
1011100,22
1011400,23
1012000,24
1012500,25
101300,26
1013600,27
1014800,28
101500,29
1015600,30
1016400,31
1016500,32
1016700,33
1017100,34
1018000,35
105000,36
106100,37
106200,38
106400,39
106600,40
106800,41
107800,42
108800,43
109100,44
109200,45
109300,46
109900,47
110200,48
110300,49
111200,50
111400,51
111700,52
112300,53
112900,54
113000,55
113100,56
113900,57
114200,58
114300,59
114900,60
11500,61
116300,62
117100,63
117200,64
11800,65
118200,66
118500,67
118600,68
11900,69
119500,70
120600,71
120700,72
120900,73
122300,74
123000,75
123400,76
12400,77
124200,78
124800,79
124900,80
12500,81
125800,82
126400,83
126500,84
126900,85
12700,86
127000,87
127800,88
127900,89
128000,90
128600,91
129300,92
129600,93
129900,94
130600,95
130800,96
131000,97
131700,98
133200,99
133300,100
133800,101
133900,102
134100,103
134700,104
135800,105
137000,106
137400,107
138100,108
138800,109
139600,110
14000,111
140200,112
140600,113
141000,114
143600,115
14400,116
145600,117
145700,118
145900,119
146200,120
146400,121
146800,122
147300,123
149800,124
15000,125
150200,126
150500,127
150800,128
151100,129
151200,130
151300,131
152300,132
152700,133
153900,134
154500,135
154600,136
155600,137
155900,138
156800,139
157300,140
157600,141
158200,142
1600,143
160000,144
160100,145
160800,146
161600,147
162100,148
162900,149
16400,150
164700,151
164800,152
165400,153
16600,154
166200,155
166800,156
16700,157
167200,158
167700,159
167800,160
167900,161
168000,162
170200,163
170400,164
170800,165
171100,166
171300,167
171600,168
172900,169
17300,170
175100,171
175300,172
175500,173
175800,174
176200,175
176300,176
176800,177
177200,178
177600,179
177900,180
178000,181
178100,182
178200,183
178300,184
179900,185
18100,186
181400,187
181500,188
181700,189
182100,190
182900,191
183200,192
184800,193
186100,194
186200,195
186300,196
186600,197
186900,198
18800,199
188800,200
189400,201
189800,202
190000,203
190400,204
190700,205
191400,206
192400,207
193600,208
193700,209
194000,210
194700,211
194900,212
19500,213
195000,214
197000,215
197200,216
198400,217
198600,218
198800,219
198900,220
200600,221
201700,222
201800,223
202600,224
202700,225
203100,226
204200,227
204700,228
20700,229
207800,230
209200,231
210100,232
210600,233
210800,234
211900,235
212000,236
212100,237
212200,238
212600,239
212800,240
213500,241
214100,242
214600,243
214900,244
215300,245
215700,246
217000,247
217300,248
217400,249
218300,250
219200,251
219900,252
220100,253
220300,254
220400,255
22100,256
221000,257
221500,258
221700,259
222000,260
222300,261
222600,262
222700,263
222800,264
223300,265
225200,266
226000,267
226900,268
22900,269
229300,270
229800,271
230100,272
230200,273
230400,274
231500,275
231900,276
232200,277
232600,278
232900,279
233100,280
233600,281
23400,282
234600,283
235100,284
235200,285
235600,286
235700,287
236500,288
236800,289
237200,290
237400,291
237500,292
237800,293
237900,294
23800,295
239700,296
239900,297
2400,298
240200,299
241100,300
241800,301
242400,302
242500,303
242900,304
243300,305
244600,306
245100,307
246600,308
246700,309
246900,310
247000,311
247900,312
249000,313
249300,314
249400,315
249700,316
250400,317
250800,318
251700,319
251800,320
252700,321
252900,322
253200,323
253300,324
253400,325
253700,326
253800,327
254000,328
254900,329
255200,330
255300,331
255800,332
256300,333
257000,334
257100,335
257800,336
259800,337
260200,338
260700,339
261200,340
26200,341
262000,342
262300,343
263200,344
263400,345
263900,346
264300,347
265200,348
265300,349
265900,350
26600,351
266200,352
26700,353
267000,354
267400,355
267900,356
268000,357
268700,358
268800,359
26900,360
270000,361
270100,362
270700,363
271000,364
27200,365
272100,366
272500,367
273200,368
273600,369
274500,370
274700,371
276000,372
276600,373
277000,374
278700,375
278800,376
279500,377
279700,378
280500,379
280700,380
280800,381
281000,382
281600,383
282400,384
282500,385
283600,386
283800,387
283900,388
284000,389
284100,390
284200,391
284300,392
285000,393
28600,394
286600,395
287300,396
28800,397
288100,398
289500,399
289800,400
290200,401
290400,402
290800,403
290900,404
291000,405
292100,406
292400,407
292900,408
293100,409
293700,410
293800,411
294900,412
296600,413
296900,414
297200,415
297900,416
298000,417
298600,418
299100,419
299400,420
299500,421
299600,422
300,423
300100,424
300700,425
300800,426
301000,427
301200,428
301600,429
302000,430
302300,431
303000,432
304600,433
305400,434
305500,435
30600,436
306100,437
306900,438
307300,439
307400,440
307600,441
307700,442
307800,443
308300,444
308400,445
309000,446
309100,447
3100,448
310700,449
31100,450
311200,451
311600,452
31200,453
312100,454
312200,455
312900,456
313500,457
313800,458
314000,459
314300,460
314700,461
314800,462
31500,463
316400,464
316600,465
316700,466
316900,467
317000,468
317200,469
318100,470
318200,471
319000,472
319200,473
319400,474
3200,475
320600,476
320900,477
321100,478
321600,479
321700,480
322200,481
322500,482
322700,483
324100,484
324300,485
324400,486
324600,487
324800,488
325300,489
326000,490
326400,491
326500,492
326700,493
327200,494
328400,495
329200,496
329300,497
329500,498
329900,499
330400,500
330700,501
331300,502
332300,503
333000,504
333200,505
334000,506
33500,507
335200,508
335700,509
33600,510
336500,511
336900,512
337000,513
337500,514
337900,515
33800,516
338800,517
339400,518
34000,519
340100,520
340700,521
340900,522
341100,523
341900,524
342300,525
342600,526
343000,527
343100,528
343300,529
344600,530
345000,531
346700,532
347100,533
347200,534
347800,535
348100,536
348900,537
349400,538
350600,539
351400,540
351700,541
351800,542
351900,543
35200,544
352300,545
352900,546
35300,547
353900,548
354100,549
354500,550
355200,551
357100,552
358100,553
358200,554
358300,555
358700,556
359300,557
359700,558
3600,559
360000,560
36200,561
362000,562
362400,563
362900,564
363800,565
363900,566
364000,567
364100,568
364900,569
365000,570
365100,571
36700,572
367800,573
368200,574
36900,575
369100,576
3700,577
37000,578
370100,579
371000,580
371200,581
372100,582
372800,583
372900,584
373900,585
374400,586
375100,587
37600,588
376600,589
377300,590
377600,591
378100,592
378500,593
379000,594
379100,595
379300,596
381100,597
381400,598
381600,599
382200,600
382600,601
383300,602
383400,603
384700,604
385000,605
385100,606
385300,607
385400,608
385500,609
385800,610
38600,611
386000,612
386800,613
386900,614
38700,615
387000,616
387800,617
38800,618
388500,619
3900,620
390400,621
390500,622
390800,623
390900,624
391200,625
393500,626
394200,627
39500,628
395300,629
395800,630
396400,631
39700,632
398900,633
399000,634
399100,635
399600,636
399800,637
400,638
4000,639
400100,640
400300,641
400500,642
400800,643
400900,644
40100,645
401800,646
402000,647
402500,648
402700,649
403300,650
403600,651
403900,652
404500,653
404800,654
405000,655
405400,656
40800,657
408300,658
408400,659
408700,660
409000,661
409300,662
409500,663
409700,664
410500,665
410600,666
410900,667
411000,668
411400,669
412000,670
412200,671
412300,672
412400,673
412700,674
413400,675
413600,676
414000,677
414300,678
414800,679
415000,680
415600,681
416100,682
416300,683
416500,684
416700,685
416800,686
416900,687
41700,688
417900,689
41800,690
419300,691
419900,692
420000,693
420300,694
421200,695
421300,696
421500,697
422100,698
422400,699
423200,700
423400,701
423800,702
424500,703
424800,704
42500,705
425100,706
425300,707
425600,708
425900,709
42600,710
426100,711
427600,712
42800,713
429500,714
429700,715
430100,716
430200,717
431300,718
431400,719
431500,720
432000,721
432100,722
432900,723
433000,724
433200,725
43400,726
434200,727
435900,728
436100,729
436300,730
436400,731
436700,732
43700,733
437800,734
439000,735
439600,736
439800,737
440000,738
440400,739
440800,740
441100,741
442100,742
442400,743
442500,744
443700,745
44400,746
444900,747
446400,748
446700,749
446900,750
447400,751
447700,752
448700,753
449200,754
452100,755
452200,756
452700,757
453200,758
453800,759
453900,760
454800,761
454900,762
455200,763
455800,764
457000,765
457900,766
458600,767
45900,768
460500,769
460700,770
46200,771
462700,772
462800,773
462900,774
463600,775
464200,776
46500,777
465000,778
465100,779
465600,780
466400,781
466500,782
467500,783
467600,784
467700,785
467800,786
468900,787
469900,788
470000,789
470500,790
470900,791
471500,792
471900,793
47200,794
472000,795
472100,796
472300,797
473300,798
473700,799
47500,800
475500,801
475700,802
476100,803
476200,804
476400,805
476600,806
477000,807
477100,808
477500,809
477900,810
478500,811
480300,812
480500,813
480800,814
481300,815
481600,816
481900,817
482400,818
482600,819
482800,820
48300,821
483100,822
483600,823
485400,824
485700,825
487700,826
48800,827
488000,828
488800,829
48900,830
490600,831
491300,832
491500,833
491600,834
491900,835
492100,836
492600,837
493500,838
49400,839
494900,840
495400,841
495500,842
495800,843
497700,844
498500,845
498700,846
499300,847
499500,848
499700,849
500800,850
500900,851
501000,852
501500,853
502100,854
502500,855
502600,856
50300,857
503600,858
504000,859
504100,860
505100,861
505900,862
506000,863
506100,864
506300,865
507000,866
509300,867
509400,868
509900,869
510400,870
511100,871
511300,872
51200,873
512300,874
512700,875
512900,876
513000,877
514700,878
514800,879
515100,880
515600,881
516100,882
517800,883
519700,884
52000,885
520000,886
520200,887
521100,888
521300,889
522000,890
522500,891
522600,892
52300,893
523300,894
523500,895
524800,896
525600,897
526000,898
527700,899
52800,900
528100,901
528300,902
528800,903
529900,904
53000,905
530100,906
530800,907
531400,908
532600,909
532700,910
53300,911
533400,912
534000,913
534400,914
534800,915
535500,916
535900,917
53600,918
536000,919
536500,920
536800,921
537100,922
537600,923
537700,924
53800,925
538200,926
53900,927
539000,928
539600,929
540600,930
541100,931
541200,932
541400,933
541600,934
542000,935
542100,936
542200,937
542600,938
54300,939
543100,940
543900,941
544300,942
544600,943
544800,944
545100,945
545300,946
545500,947
545800,948
54600,949
546000,950
546300,951
546700,952
546900,953
547300,954
54800,955
548300,956
549500,957
549800,958
550300,959
550600,960
551200,961
552000,962
552200,963
552700,964
553300,965
553400,966
553900,967
555000,968
555100,969
555600,970
555800,971
556000,972
556500,973
556800,974
55700,975
557300,976
557600,977
558000,978
558100,979
558800,980
559300,981
559400,982
559500,983
559600,984
559700,985
560700,986
56200,987
562500,988
56300,989
563000,990
563100,991
563300,992
563400,993
563900,994
565000,995
565100,996
566200,997
566500,998
566600,999
567200,1000
569100,1001
569700,1002
570500,1003
570900,1004
57100,1005
571900,1006
572200,1007
573100,1008
573500,1009
574000,1010
574700,1011
575700,1012
575800,1013
575900,1014
576000,1015
576800,1016
577600,1017
577800,1018
578200,1019
579400,1020
579700,1021
5800,1022
580700,1023
582000,1024
583400,1025
583600,1026
584100,1027
584800,1028
585400,1029
585500,1030
58600,1031
586100,1032
586500,1033
586600,1034
586900,1035
587100,1036
587200,1037
587300,1038
587600,1039
59000,1040
590000,1041
590500,1042
59100,1043
591300,1044
592900,1045
59300,1046
593000,1047
593500,1048
593700,1049
594600,1050
595100,1051
595500,1052
595600,1053
596900,1054
597200,1055
597500,1056
598000,1057
598100,1058
598300,1059
599700,1060
599900,1061
600700,1062
601000,1063
601400,1064
601700,1065
601800,1066
602000,1067
602200,1068
603100,1069
603500,1070
604300,1071
60600,1072
606200,1073
606400,1074
60700,1075
607400,1076
608000,1077
608200,1078
608300,1079
608700,1080
609800,1081
61000,1082
610500,1083
61100,1084
611700,1085
613000,1086
613100,1087
613300,1088
613500,1089
613800,1090
613900,1091
614700,1092
615000,1093
616000,1094
616300,1095
616900,1096
61700,1097
617100,1098
617200,1099
61800,1100
618700,1101
619100,1102
619500,1103
619600,1104
62000,1105
620500,1106
620600,1107
620700,1108
621100,1109
622500,1110
622800,1111
622900,1112
623200,1113
623300,1114
624100,1115
624400,1116
624800,1117
626200,1118
626500,1119
627700,1120
628200,1121
629100,1122
629400,1123
629500,1124
629800,1125
630000,1126
630400,1127
630800,1128
631400,1129
63200,1130
632500,1131
632600,1132
633100,1133
633200,1134
635300,1135
635500,1136
63600,1137
636000,1138
636200,1139
636400,1140
637000,1141
637900,1142
63800,1143
638300,1144
638600,1145
639500,1146
640800,1147
64100,1148
641100,1149
641400,1150
641500,1151
642100,1152
643600,1153
64400,1154
644200,1155
644900,1156
64500,1157
645200,1158
645300,1159
645600,1160
646000,1161
646100,1162
646700,1163
646800,1164
646900,1165
647600,1166
648100,1167
648400,1168
648500,1169
649000,1170
649600,1171
6500,1172
650000,1173
650400,1174
650700,1175
650800,1176
651400,1177
651500,1178
652200,1179
652700,1180
652900,1181
653000,1182
653300,1183
654400,1184
654600,1185
655900,1186
656300,1187
656500,1188
657000,1189
657700,1190
658200,1191
658600,1192
660400,1193
660800,1194
660900,1195
661400,1196
661600,1197
66200,1198
662200,1199
663300,1200
663800,1201
664000,1202
664300,1203
664800,1204
665200,1205
666600,1206
666700,1207
667200,1208
667600,1209
669800,1210
671200,1211
671700,1212
67200,1213
672100,1214
673000,1215
673300,1216
673600,1217
673700,1218
674300,1219
674600,1220
674700,1221
674800,1222
675700,1223
675800,1224
676100,1225
676300,1226
676400,1227
676500,1228
676600,1229
676700,1230
677400,1231
677500,1232
678000,1233
678700,1234
678800,1235
679300,1236
679500,1237
679600,1238
680000,1239
680100,1240
680600,1241
680800,1242
681500,1243
681700,1244
682100,1245
682700,1246
683000,1247
683300,1248
683400,1249
684200,1250
684900,1251
686100,1252
686300,1253
686800,1254
687500,1255
68800,1256
688400,1257
688500,1258
688600,1259
688800,1260
68900,1261
689500,1262
689900,1263
69000,1264
690300,1265
691500,1266
691800,1267
692600,1268
692800,1269
693400,1270
694100,1271
694400,1272
694500,1273
695300,1274
696300,1275
696700,1276
697700,1277
697800,1278
698600,1279
699000,1280
700400,1281
700600,1282
700700,1283
700800,1284
701000,1285
70200,1286
702500,1287
70300,1288
703200,1289
705700,1290
706400,1291
706700,1292
706900,1293
70700,1294
707100,1295
707200,1296
707600,1297
708300,1298
708800,1299
70900,1300
710000,1301
710100,1302
710200,1303
710400,1304
710800,1305
711100,1306
711200,1307
711900,1308
712000,1309
712500,1310
714400,1311
714500,1312
715300,1313
715800,1314
715900,1315
716600,1316
717200,1317
717300,1318
718700,1319
71900,1320
719300,1321
719400,1322
719900,1323
720000,1324
72100,1325
721000,1326
721200,1327
721600,1328
72200,1329
722000,1330
722600,1331
722900,1332
723100,1333
723600,1334
723700,1335
724600,1336
72500,1337
725000,1338
725800,1339
726500,1340
72700,1341
727200,1342
727300,1343
727400,1344
728000,1345
728100,1346
728300,1347
728800,1348
729600,1349
731100,1350
732600,1351
733100,1352
734600,1353
735200,1354
735800,1355
736000,1356
738000,1357
738100,1358
738200,1359
738900,1360
740200,1361
741000,1362
741900,1363
74200,1364
743500,1365
743600,1366
744000,1367
744400,1368
744600,1369
744900,1370
745000,1371
745600,1372
746300,1373
747000,1374
747300,1375
747400,1376
747500,1377
747800,1378
74800,1379
748100,1380
748700,1381
750900,1382
75100,1383
752500,1384
752800,1385
75300,1386
753000,1387
754200,1388
754300,1389
754500,1390
755100,1391
755200,1392
756200,1393
75700,1394
757900,1395
75900,1396
760300,1397
760700,1398
76100,1399
761600,1400
761700,1401
762100,1402
762400,1403
762600,1404
763100,1405
763300,1406
764100,1407
764200,1408
764800,1409
76500,1410
765200,1411
766300,1412
766400,1413
766800,1414
768100,1415
768300,1416
768600,1417
768700,1418
768800,1419
769100,1420
769500,1421
77000,1422
770400,1423
77100,1424
771300,1425
771500,1426
77200,1427
772800,1428
773200,1429
773300,1430
773500,1431
77400,1432
774500,1433
774800,1434
775200,1435
77800,1436
778400,1437
779100,1438
779800,1439
780300,1440
780900,1441
781000,1442
781500,1443
781800,1444
782000,1445
782100,1446
782900,1447
783800,1448
78500,1449
785500,1450
786400,1451
786500,1452
788000,1453
788100,1454
78900,1455
789900,1456
790100,1457
790300,1458
790900,1459
792600,1460
792800,1461
792900,1462
793200,1463
793500,1464
793800,1465
793900,1466
794000,1467
794300,1468
794700,1469
79500,1470
795000,1471
795300,1472
796000,1473
796700,1474
798200,1475
798300,1476
798600,1477
798700,1478
799100,1479
799500,1480
799900,1481
800000,1482
800400,1483
800900,1484
801400,1485
801600,1486
802200,1487
802400,1488
802500,1489
802600,1490
80300,1491
803000,1492
803100,1493
803300,1494
803500,1495
804900,1496
805000,1497
805200,1498
805300,1499
806000,1500
806500,1501
806800,1502
807500,1503
807600,1504
808400,1505
809600,1506
809900,1507
810100,1508
810500,1509
811100,1510
811300,1511
811700,1512
812300,1513
812700,1514
813300,1515
813600,1516
813700,1517
814000,1518
814500,1519
814900,1520
81500,1521
815200,1522
816400,1523
816500,1524
816600,1525
817500,1526
818100,1527
818600,1528
818700,1529
818900,1530
81900,1531
820000,1532
820100,1533
822000,1534
822100,1535
822300,1536
822700,1537
823300,1538
824100,1539
824500,1540
824800,1541
82500,1542
825200,1543
82600,1544
826200,1545
828200,1546
828700,1547
829100,1548
829500,1549
829800,1550
830200,1551
830800,1552
831100,1553
831200,1554
831800,1555
831900,1556
832100,1557
832300,1558
832700,1559
833100,1560
833800,1561
833900,1562
83400,1563
834100,1564
835000,1565
835800,1566
83600,1567
836200,1568
836300,1569
836500,1570
837000,1571
837800,1572
838000,1573
838200,1574
83900,1575
839000,1576
839800,1577
8400,1578
84000,1579
840700,1580
841200,1581
841900,1582
842000,1583
842300,1584
843100,1585
843600,1586
846800,1587
84700,1588
847100,1589
847300,1590
847900,1591
84800,1592
849000,1593
849600,1594
849700,1595
850000,1596
850300,1597
850500,1598
850900,1599
851700,1600
851800,1601
85200,1602
852000,1603
852400,1604
852500,1605
852800,1606
852900,1607
85400,1608
854100,1609
854900,1610
855100,1611
855700,1612
855800,1613
85600,1614
856100,1615
856600,1616
857000,1617
857600,1618
857800,1619
859900,1620
860300,1621
861000,1622
861300,1623
861500,1624
863000,1625
863100,1626
863300,1627
863600,1628
863800,1629
86500,1630
86600,1631
866300,1632
866400,1633
866600,1634
86700,1635
867300,1636
86800,1637
868200,1638
868600,1639
86900,1640
869400,1641
870000,1642
871200,1643
871900,1644
872700,1645
872800,1646
873000,1647
873800,1648
874100,1649
874800,1650
87500,1651
875400,1652
875700,1653
875800,1654
877900,1655
87800,1656
878500,1657
879200,1658
879400,1659
879900,1660
880100,1661
880400,1662
880500,1663
880600,1664
880700,1665
881600,1666
882300,1667
882600,1668
883100,1669
883200,1670
883300,1671
883400,1672
883600,1673
884300,1674
884400,1675
884600,1676
88500,1677
885200,1678
885300,1679
885400,1680
88600,1681
886000,1682
886200,1683
88700,1684
887400,1685
888800,1686
88900,1687
889800,1688
89000,1689
890100,1690
890800,1691
891000,1692
891500,1693
891600,1694
892000,1695
893100,1696
893200,1697
893700,1698
89400,1699
894700,1700
895500,1701
895800,1702
896500,1703
897500,1704
898400,1705
898500,1706
898600,1707
898700,1708
900,1709
9000,1710
900000,1711
900300,1712
900400,1713
900500,1714
901200,1715
901300,1716
903200,1717
903900,1718
904100,1719
905700,1720
90600,1721
907000,1722
907100,1723
90800,1724
908200,1725
908700,1726
908800,1727
908900,1728
909100,1729
909600,1730
909700,1731
909900,1732
910400,1733
910500,1734
910800,1735
910900,1736
911700,1737
911800,1738
91300,1739
913100,1740
913500,1741
913700,1742
913800,1743
914300,1744
914600,1745
915300,1746
916100,1747
916300,1748
916900,1749
91700,1750
917000,1751
917200,1752
917500,1753
917800,1754
91800,1755
918000,1756
9200,1757
92100,1758
921100,1759
921300,1760
921400,1761
922200,1762
923100,1763
923400,1764
925000,1765
926600,1766
927800,1767
928800,1768
930600,1769
930900,1770
931200,1771
931700,1772
933100,1773
933500,1774
93400,1775
934800,1776
936000,1777
936300,1778
93700,1779
937600,1780
93800,1781
938500,1782
939300,1783
939500,1784
939600,1785
939700,1786
941300,1787
942100,1788
942700,1789
942900,1790
943400,1791
943700,1792
944900,1793
945600,1794
945800,1795
946800,1796
94700,1797
947300,1798
947500,1799
947800,1800
948200,1801
948400,1802
948600,1803
949000,1804
949800,1805
9500,1806
95000,1807
950500,1808
951300,1809
952900,1810
953000,1811
953300,1812
954100,1813
954400,1814
954500,1815
954700,1816
95500,1817
955100,1818
955900,1819
956300,1820
957700,1821
957800,1822
958900,1823
95900,1824
959100,1825
959400,1826
959900,1827
960100,1828
961200,1829
96200,1830
962200,1831
962500,1832
963700,1833
964000,1834
964600,1835
966400,1836
966700,1837
966800,1838
96700,1839
967200,1840
967300,1841
968100,1842
968600,1843
968900,1844
9700,1845
97000,1846
971500,1847
971700,1848
971800,1849
972000,1850
972300,1851
972900,1852
973200,1853
973600,1854
973800,1855
974200,1856
974400,1857
974800,1858
974900,1859
975200,1860
975900,1861
97600,1862
976100,1863
976700,1864
977200,1865
977600,1866
977800,1867
978000,1868
978400,1869
978900,1870
979400,1871
980700,1872
981300,1873
982200,1874
982400,1875
983500,1876
983600,1877
983700,1878
98400,1879
984100,1880
985000,1881
985800,1882
98600,1883
986400,1884
987600,1885
988700,1886
989500,1887
989600,1888
99000,1889
990300,1890
990900,1891
991000,1892
991300,1893
991400,1894
991700,1895
992500,1896
993800,1897
994300,1898
994900,1899
99500,1900
995100,1901
995300,1902
995400,1903
996000,1904
996100,1905
996200,1906
996700,1907
997600,1908
998400,1909
998900,1910
999100,1911
999200,1912
999300,1913
999600,1914
1000200,1915
1000400,1916
1000600,1917
100100,1918
1001600,1919
100200,1920
1002100,1921
1002700,1922
1002800,1923
1003300,1924
1003400,1925
1003500,1926
1003600,1927
1004300,1928
1004500,1929
1005500,1930
1005600,1931
1005800,1932
1006600,1933
1007500,1934
1010000,1935
1010500,1936
1010700,1937
1010900,1938
101100,1939
1011300,1940
1011500,1941
1011600,1942
1012700,1943
1013000,1944
1013100,1945
1013200,1946
1013500,1947
1013800,1948
101400,1949
1014500,1950
1015300,1951
101700,1952
1017400,1953
102300,1954
103000,1955
103300,1956
103600,1957
103800,1958
103900,1959
104100,1960
105400,1961
105600,1962
105800,1963
106300,1964
10700,1965
107300,1966
107900,1967
10900,1968
109500,1969
109600,1970
110100,1971
110500,1972
110600,1973
11200,1974
113400,1975
11400,1976
114000,1977
114400,1978
115500,1979
115900,1980
116500,1981
116600,1982
116900,1983
117000,1984
117300,1985
117700,1986
118300,1987
119100,1988
119400,1989
12000,1990
121000,1991
121200,1992
121800,1993
123800,1994
124300,1995
125000,1996
125200,1997
125400,1998
125500,1999
125600,2000
126100,2001
126300,2002
127700,2003
128400,2004
128900,2005
129000,2006
129500,2007
130300,2008
130500,2009
13100,2010
131800,2011
13200,2012
132200,2013
132700,2014
134000,2015
134900,2016
135500,2017
135600,2018
13600,2019
136000,2020
136100,2021
136200,2022
136300,2023
136400,2024
136500,2025
136900,2026
137100,2027
137700,2028
138600,2029
139300,2030
139500,2031
139700,2032
1400,2033
140400,2034
140700,2035
14100,2036
141100,2037
141300,2038
141500,2039
141800,2040
141900,2041
142300,2042
142900,2043
143800,2044
145800,2045
146000,2046
14700,2047
147700,2048
147900,2049
148100,2050
148200,2051
149500,2052
149900,2053
151400,2054
151600,2055
152000,2056
152200,2057
152500,2058
152800,2059
153300,2060
154000,2061
155100,2062
155200,2063
155400,2064
15600,2065
156900,2066
157500,2067
157800,2068
158400,2069
158500,2070
158800,2071
159000,2072
159500,2073
159600,2074
160500,2075
160900,2076
162000,2077
162300,2078
162700,2079
163000,2080
163200,2081
163500,2082
163600,2083
163800,2084
164400,2085
165300,2086
168100,2087
168800,2088
169000,2089
169200,2090
169400,2091
170000,2092
170300,2093
170500,2094
170700,2095
171200,2096
172000,2097
172300,2098
172600,2099
172700,2100
172800,2101
175000,2102
175400,2103
175900,2104
176100,2105
178600,2106
178900,2107
179500,2108
179700,2109
1800,2110
180000,2111
181800,2112
183000,2113
183100,2114
183600,2115
18600,2116
186000,2117
187100,2118
187200,2119
187300,2120
187600,2121
189200,2122
189600,2123
190900,2124
19200,2125
192100,2126
192600,2127
194200,2128
194500,2129
194600,2130
195400,2131
195600,2132
196100,2133
196300,2134
197700,2135
197900,2136
19800,2137
199200,2138
200500,2139
201000,2140
201400,2141
201600,2142
202000,2143
202300,2144
203000,2145
203300,2146
203500,2147
203800,2148
203900,2149
204600,2150
205100,2151
205600,2152
20600,2153
206100,2154
206200,2155
206400,2156
206800,2157
207700,2158
20800,2159
208200,2160
209000,2161
209100,2162
209900,2163
2100,2164
210500,2165
210700,2166
211000,2167
211400,2168
211600,2169
212700,2170
213000,2171
213700,2172
213800,2173
21400,2174
214000,2175
214200,2176
214500,2177
215000,2178
215200,2179
215800,2180
216800,2181
216900,2182
21700,2183
218100,2184
218400,2185
218600,2186
219000,2187
219100,2188
22000,2189
220000,2190
220700,2191
220800,2192
221300,2193
222500,2194
223100,2195
223700,2196
223900,2197
225500,2198
225700,2199
225800,2200
225900,2201
226300,2202
226800,2203
227700,2204
227900,2205
228700,2206
228800,2207
228900,2208
229500,2209
229600,2210
229700,2211
230000,2212
230800,2213
231000,2214
231300,2215
232300,2216
232500,2217
232700,2218
23300,2219
233000,2220
234100,2221
234800,2222
23600,2223
236000,2224
236100,2225
236700,2226
237600,2227
238000,2228
238800,2229
23900,2230
239200,2231
239400,2232
239500,2233
239600,2234
240300,2235
240600,2236
240800,2237
240900,2238
241300,2239
242100,2240
242200,2241
243700,2242
244100,2243
244400,2244
24500,2245
245600,2246
245800,2247
24600,2248
246500,2249
247200,2250
247600,2251
24800,2252
248100,2253
248200,2254
248700,2255
248800,2256
249600,2257
250000,2258
250200,2259
251500,2260
25200,2261
252100,2262
252600,2263
254100,2264
254300,2265
254400,2266
254700,2267
255100,2268
255900,2269
25600,2270
256100,2271
256500,2272
256600,2273
256800,2274
257200,2275
257700,2276
258100,2277
258200,2278
25900,2279
259300,2280
259400,2281
260100,2282
260800,2283
261400,2284
261600,2285
261800,2286
262400,2287
262700,2288
262900,2289
26300,2290
263300,2291
266000,2292
266400,2293
266500,2294
268400,2295
268500,2296
269200,2297
269300,2298
270900,2299
27100,2300
271600,2301
272200,2302
272400,2303
272600,2304
27300,2305
274400,2306
274900,2307
275200,2308
275300,2309
275400,2310
275500,2311
275600,2312
275900,2313
276300,2314
27700,2315
277600,2316
277700,2317
278400,2318
279900,2319
28000,2320
280000,2321
280300,2322
281300,2323
281500,2324
282600,2325
28300,2326
283100,2327
283300,2328
283700,2329
28500,2330
285100,2331
285200,2332
285500,2333
286000,2334
286400,2335
286900,2336
287000,2337
287100,2338
287400,2339
287900,2340
288000,2341
288600,2342
289600,2343
289900,2344
290000,2345
290500,2346
291300,2347
291500,2348
291700,2349
292200,2350
29400,2351
294100,2352
294500,2353
29500,2354
295500,2355
295900,2356
296300,2357
296500,2358
296800,2359
297000,2360
297600,2361
297700,2362
298400,2363
300300,2364
300600,2365
301400,2366
301500,2367
301700,2368
302100,2369
302700,2370
30300,2371
304000,2372
304200,2373
304400,2374
304800,2375
306200,2376
306800,2377
307900,2378
308100,2379
309700,2380
309800,2381
31000,2382
310000,2383
310100,2384
310300,2385
310500,2386
311300,2387
311800,2388
312500,2389
312800,2390
313000,2391
313200,2392
31400,2393
315100,2394
315300,2395
31600,2396
316300,2397
317300,2398
317600,2399
317800,2400
318600,2401
319900,2402
320000,2403
320200,2404
320700,2405
32100,2406
321200,2407
321800,2408
321900,2409
322300,2410
323600,2411
324000,2412
324700,2413
324900,2414
325100,2415
325400,2416
325500,2417
325600,2418
32600,2419
326600,2420
32700,2421
327600,2422
328900,2423
329100,2424
3300,2425
330000,2426
330300,2427
331200,2428
33200,2429
332400,2430
332600,2431
333100,2432
333600,2433
333800,2434
334300,2435
334500,2436
334600,2437
334700,2438
334900,2439
335300,2440
337100,2441
337200,2442
337600,2443
338200,2444
338500,2445
339700,2446
339800,2447
3400,2448
341000,2449
341800,2450
34200,2451
342200,2452
342500,2453
342700,2454
344000,2455
344500,2456
34500,2457
345900,2458
34600,2459
346400,2460
346500,2461
346600,2462
347300,2463
347400,2464
347700,2465
348400,2466
348500,2467
348600,2468
349300,2469
349500,2470
3500,2471
350500,2472
350700,2473
353500,2474
353800,2475
354300,2476
354800,2477
355100,2478
356400,2479
356600,2480
357200,2481
357500,2482
358800,2483
358900,2484
35900,2485
359600,2486
359800,2487
360300,2488
360500,2489
360700,2490
361000,2491
361200,2492
361700,2493
361900,2494
362800,2495
36300,2496
363200,2497
364300,2498
364500,2499
364700,2500
365300,2501
365400,2502
365800,2503
366000,2504
366800,2505
367100,2506
367400,2507
367700,2508
369800,2509
370200,2510
371100,2511
371400,2512
372000,2513
372300,2514
373300,2515
373400,2516
373600,2517
374300,2518
374800,2519
375600,2520
376100,2521
377100,2522
377400,2523
377900,2524
378700,2525
378800,2526
379200,2527
380000,2528
380100,2529
380200,2530
380500,2531
380700,2532
380800,2533
381200,2534
382000,2535
382900,2536
383000,2537
383800,2538
384100,2539
384400,2540
385200,2541
386200,2542
386300,2543
386500,2544
386600,2545
386700,2546
387700,2547
388300,2548
388400,2549
389700,2550
389800,2551
390000,2552
391100,2553
392400,2554
392500,2555
392700,2556
392900,2557
393000,2558
393300,2559
393700,2560
39400,2561
394900,2562
395700,2563
395900,2564
39600,2565
396000,2566
396600,2567
397100,2568
397800,2569
398600,2570
398800,2571
39900,2572
399500,2573
40000,2574
400400,2575
400700,2576
401500,2577
401600,2578
401700,2579
401900,2580
40200,2581
403200,2582
403500,2583
403700,2584
404200,2585
404300,2586
405200,2587
405800,2588
406000,2589
406900,2590
407000,2591
407200,2592
407900,2593
408100,2594
408500,2595
408800,2596
409100,2597
410300,2598
410700,2599
410800,2600
41100,2601
411300,2602
411700,2603
413700,2604
413900,2605
414100,2606
41500,2607
415500,2608
415700,2609
41600,2610
416000,2611
417800,2612
418300,2613
418500,2614
418600,2615
418700,2616
419000,2617
419400,2618
419500,2619
4200,2620
420100,2621
420900,2622
42100,2623
421700,2624
422000,2625
422600,2626
422900,2627
423600,2628
424300,2629
426200,2630
426500,2631
426900,2632
427000,2633
427200,2634
427300,2635
427900,2636
428400,2637
429100,2638
429300,2639
429900,2640
430600,2641
430800,2642
431200,2643
431600,2644
431800,2645
43200,2646
432800,2647
433300,2648
433800,2649
434100,2650
434700,2651
43500,2652
435000,2653
435300,2654
43600,2655
436800,2656
437100,2657
437400,2658
437600,2659
437900,2660
438000,2661
438400,2662
43900,2663
439500,2664
440900,2665
441400,2666
441800,2667
442800,2668
443000,2669
443100,2670
443200,2671
443400,2672
444100,2673
444200,2674
444600,2675
445600,2676
446000,2677
446100,2678
446200,2679
446300,2680
446500,2681
447100,2682
447500,2683
447600,2684
447900,2685
448300,2686
44900,2687
449400,2688
449500,2689
449700,2690
450000,2691
450100,2692
450300,2693
450700,2694
45100,2695
451700,2696
451800,2697
452900,2698
453100,2699
453300,2700
454000,2701
454200,2702
454300,2703
454700,2704
45500,2705
455000,2706
456000,2707
456200,2708
456500,2709
456800,2710
45700,2711
45800,2712
458200,2713
458400,2714
458500,2715
458800,2716
458900,2717
459700,2718
459900,2719
460100,2720
460300,2721
461000,2722
461100,2723
461300,2724
461800,2725
462100,2726
462400,2727
463200,2728
46400,2729
464400,2730
464900,2731
465200,2732
465900,2733
46600,2734
466300,2735
466600,2736
466700,2737
467000,2738
467400,2739
467900,2740
468000,2741
468400,2742
46900,2743
469700,2744
470700,2745
471200,2746
471400,2747
471600,2748
472600,2749
47300,2750
473400,2751
47400,2752
474900,2753
475000,2754
475300,2755
476700,2756
477300,2757
477400,2758
477600,2759
478000,2760
478200,2761
478600,2762
479700,2763
479800,2764
480100,2765
480200,2766
48100,2767
481000,2768
481200,2769
481500,2770
481700,2771
481800,2772
482000,2773
482300,2774
483200,2775
483700,2776
483800,2777
483900,2778
484100,2779
484200,2780
484500,2781
485100,2782
485200,2783
485900,2784
48600,2785
486500,2786
487400,2787
487900,2788
488200,2789
488700,2790
489300,2791
4900,2792
490100,2793
490300,2794
49200,2795
492900,2796
493400,2797
493600,2798
493700,2799
494300,2800
494800,2801
495000,2802
495600,2803
495900,2804
496000,2805
496100,2806
496300,2807
496600,2808
49700,2809
497400,2810
498000,2811
498100,2812
498200,2813
499100,2814
499800,2815
499900,2816
5000,2817
50000,2818
500000,2819
500300,2820
500500,2821
500700,2822
501200,2823
502200,2824
503300,2825
503400,2826
50400,2827
504300,2828
505000,2829
505500,2830
505600,2831
505800,2832
507600,2833
508700,2834
508800,2835
50900,2836
509200,2837
509500,2838
509600,2839
509800,2840
510800,2841
510900,2842
511400,2843
511700,2844
512600,2845
513600,2846
513800,2847
515500,2848
515700,2849
516000,2850
516400,2851
516500,2852
516700,2853
516800,2854
517000,2855
518400,2856
519300,2857
519400,2858
519800,2859
5200,2860
520100,2861
520500,2862
521400,2863
521900,2864
522400,2865
523200,2866
523800,2867
524400,2868
52500,2869
525800,2870
526600,2871
526800,2872
527200,2873
527800,2874
529000,2875
529400,2876
529700,2877
5300,2878
530300,2879
530400,2880
531800,2881
53200,2882
533000,2883
533700,2884
533800,2885
53400,2886
534200,2887
534500,2888
535000,2889
535300,2890
535800,2891
536100,2892
536200,2893
536600,2894
536900,2895
537300,2896
537900,2897
538100,2898
538400,2899
539200,2900
539500,2901
540200,2902
540300,2903
540700,2904
541700,2905
542300,2906
542500,2907
543200,2908
544700,2909
54500,2910
546600,2911
546800,2912
547600,2913
548000,2914
548200,2915
54900,2916
549100,2917
549600,2918
55000,2919
550800,2920
55100,2921
551100,2922
551300,2923
551500,2924
551600,2925
551700,2926
551900,2927
552900,2928
553000,2929
553600,2930
553800,2931
55400,2932
55600,2933
556100,2934
557500,2935
558700,2936
559100,2937
559200,2938
56000,2939
560200,2940
560500,2941
561700,2942
561900,2943
562000,2944
562400,2945
562600,2946
562700,2947
564000,2948
564100,2949
564400,2950
564500,2951
564700,2952
565500,2953
566100,2954
566400,2955
567600,2956
56800,2957
568100,2958
569500,2959
570200,2960
570400,2961
571000,2962
571100,2963
571200,2964
573200,2965
573800,2966
574300,2967
574400,2968
574500,2969
57500,2970
575400,2971
575500,2972
576500,2973
576600,2974
57700,2975
577100,2976
577200,2977
577400,2978
577700,2979
578800,2980
578900,2981
57900,2982
579300,2983
580900,2984
581200,2985
581300,2986
582400,2987
582700,2988
583000,2989
583100,2990
583200,2991
583900,2992
584000,2993
584300,2994
58500,2995
586000,2996
587500,2997
587700,2998
587900,2999
588200,3000
588800,3001
588900,3002
589000,3003
589300,3004
589800,3005
591000,3006
591500,3007
591600,3008
591700,3009
592300,3010
592400,3011
592500,3012
592700,3013
592800,3014
593600,3015
594400,3016
594500,3017
595000,3018
595400,3019
595800,3020
596000,3021
596400,3022
596600,3023
596700,3024
597000,3025
597600,3026
6000,3027
600200,3028
600300,3029
60200,3030
602500,3031
602800,3032
60300,3033
603200,3034
604400,3035
604700,3036
604900,3037
605000,3038
605900,3039
606100,3040
606600,3041
606700,3042
607000,3043
607300,3044
607600,3045
607700,3046
608400,3047
608500,3048
609200,3049
609700,3050
610100,3051
610300,3052
610400,3053
610900,3054
611000,3055
611800,3056
611900,3057
612200,3058
613200,3059
614900,3060
61500,3061
615200,3062
616500,3063
617000,3064
617500,3065
617600,3066
617700,3067
618100,3068
618600,3069
618900,3070
619000,3071
619400,3072
621000,3073
621500,3074
621800,3075
622000,3076
622700,3077
62300,3078
623700,3079
623800,3080
624000,3081
625100,3082
625900,3083
62700,3084
627200,3085
627300,3086
627500,3087
627800,3088
628100,3089
628400,3090
629200,3091
630700,3092
632300,3093
632800,3094
632900,3095
633600,3096
633800,3097
635200,3098
635800,3099
636700,3100
63700,3101
637500,3102
638100,3103
638200,3104
638500,3105
639300,3106
639600,3107
639700,3108
639900,3109
640900,3110
641000,3111
641300,3112
641600,3113
641700,3114
64200,3115
642400,3116
642800,3117
64300,3118
643200,3119
643800,3120
644000,3121
644100,3122
644600,3123
645000,3124
645100,3125
645500,3126
645800,3127
646400,3128
646500,3129
647000,3130
647100,3131
647800,3132
648900,3133
65000,3134
651700,3135
651900,3136
652500,3137
653100,3138
65400,3139
654100,3140
655800,3141
656600,3142
658400,3143
659100,3144
659900,3145
661100,3146
662600,3147
66300,3148
663200,3149
663500,3150
664100,3151
665300,3152
665600,3153
665800,3154
666100,3155
666300,3156
666400,3157
667400,3158
66800,3159
668300,3160
669500,3161
669700,3162
6700,3163
67100,3164
671800,3165
672200,3166
673800,3167
675100,3168
675200,3169
675400,3170
677300,3171
677700,3172
678200,3173
678300,3174
679900,3175
680300,3176
680500,3177
681600,3178
682300,3179
683500,3180
683600,3181
683900,3182
68400,3183
685200,3184
685300,3185
685400,3186
686600,3187
687300,3188
688200,3189
688900,3190
689000,3191
689700,3192
690100,3193
690400,3194
690800,3195
69100,3196
692400,3197
692500,3198
692900,3199
693700,3200
694700,3201
694900,3202
695000,3203
695100,3204
695500,3205
695700,3206
695900,3207
69600,3208
696200,3209
697400,3210
697600,3211
698900,3212
69900,3213
699500,3214
699700,3215
700,3216
70000,3217
700200,3218
701700,3219
701800,3220
702600,3221
702800,3222
703100,3223
703600,3224
70400,3225
704500,3226
704700,3227
705100,3228
705600,3229
705900,3230
706000,3231
706800,3232
708000,3233
709100,3234
709500,3235
709900,3236
710900,3237
711500,3238
711800,3239
712300,3240
712800,3241
713200,3242
713500,3243
713900,3244
714200,3245
715000,3246
716100,3247
716300,3248
716500,3249
716700,3250
716800,3251
717000,3252
717600,3253
718000,3254
719700,3255
720200,3256
720400,3257
720500,3258
720700,3259
721700,3260
721900,3261
722200,3262
722400,3263
723300,3264
723400,3265
723500,3266
723800,3267
724100,3268
724700,3269
724900,3270
725500,3271
726100,3272
726700,3273
727000,3274
728400,3275
728700,3276
729100,3277
729300,3278
729400,3279
730000,3280
730100,3281
730200,3282
730300,3283
73100,3284
731200,3285
731300,3286
731500,3287
732100,3288
732900,3289
733200,3290
733800,3291
735700,3292
736200,3293
736400,3294
736600,3295
737300,3296
737400,3297
73800,3298
738500,3299
738600,3300
738800,3301
739000,3302
739400,3303
740600,3304
741400,3305
741500,3306
741600,3307
742200,3308
742300,3309
743000,3310
743900,3311
74400,3312
744100,3313
746200,3314
746700,3315
746800,3316
747700,3317
749700,3318
7500,3319
750000,3320
750600,3321
750800,3322
751100,3323
753100,3324
753300,3325
753600,3326
753700,3327
753900,3328
754000,3329
754400,3330
75500,3331
755600,3332
755800,3333
756000,3334
756800,3335
757100,3336
757300,3337
757600,3338
758400,3339
758500,3340
758800,3341
759600,3342
759700,3343
759900,3344
760100,3345
760800,3346
761200,3347
761300,3348
761500,3349
76200,3350
76300,3351
763600,3352
763800,3353
763900,3354
76400,3355
764300,3356
765000,3357
765300,3358
765700,3359
766200,3360
766500,3361
767100,3362
768200,3363
769000,3364
769900,3365
770000,3366
770100,3367
770300,3368
770600,3369
770700,3370
772700,3371
773100,3372
774600,3373
774900,3374
775000,3375
775400,3376
775500,3377
775700,3378
776900,3379
77700,3380
777000,3381
777100,3382
777300,3383
777700,3384
777800,3385
778300,3386
778600,3387
77900,3388
779200,3389
779400,3390
779500,3391
779700,3392
780400,3393
780500,3394
780600,3395
781100,3396
782200,3397
782700,3398
78300,3399
783500,3400
783900,3401
785200,3402
785700,3403
785800,3404
786300,3405
786600,3406
786800,3407
786900,3408
787500,3409
787600,3410
787800,3411
78800,3412
788300,3413
788700,3414
788900,3415
789000,3416
789200,3417
789500,3418
789800,3419
7900,3420
79000,3421
790000,3422
790200,3423
790400,3424
790800,3425
791000,3426
791100,3427
791400,3428
792400,3429
792500,3430
792700,3431
793400,3432
79400,3433
796600,3434
79700,3435
797400,3436
798500,3437
799000,3438
799600,3439
799700,3440
800,3441
80000,3442
800300,3443
80100,3444
801000,3445
801200,3446
802100,3447
803400,3448
804200,3449
804500,3450
804600,3451
80500,3452
805500,3453
805800,3454
807400,3455
8100,3456
810300,3457
810400,3458
810600,3459
810700,3460
811800,3461
813200,3462
813900,3463
814600,3464
814700,3465
815000,3466
815300,3467
815500,3468
816300,3469
817300,3470
817400,3471
817600,3472
818400,3473
819100,3474
820300,3475
820500,3476
820700,3477
82100,3478
821100,3479
821500,3480
821800,3481
821900,3482
822800,3483
823000,3484
823100,3485
823700,3486
824300,3487
824600,3488
825700,3489
825800,3490
825900,3491
826400,3492
826900,3493
827000,3494
827100,3495
827700,3496
828000,3497
828300,3498
829200,3499
83000,3500
830600,3501
83100,3502
83200,3503
832400,3504
832900,3505
83300,3506
833400,3507
833700,3508
834400,3509
834900,3510
835500,3511
836100,3512
836400,3513
83700,3514
837700,3515
837900,3516
83800,3517
838800,3518
838900,3519
839100,3520
839300,3521
839900,3522
840100,3523
840500,3524
84100,3525
841100,3526
841300,3527
841600,3528
841700,3529
841800,3530
84200,3531
842400,3532
842900,3533
843200,3534
843700,3535
844200,3536
844700,3537
844900,3538
845100,3539
845200,3540
845300,3541
845600,3542
845900,3543
846100,3544
846300,3545
846700,3546
847000,3547
847200,3548
847800,3549
848400,3550
848700,3551
84900,3552
849900,3553
850600,3554
850800,3555
851300,3556
851500,3557
851900,3558
853500,3559
854600,3560
855000,3561
855500,3562
856500,3563
856800,3564
85700,3565
857300,3566
85800,3567
8600,3568
86200,3569
86300,3570
863700,3571
864000,3572
864300,3573
864400,3574
864700,3575
864800,3576
865200,3577
865400,3578
865500,3579
866000,3580
866200,3581
867700,3582
868000,3583
868100,3584
868300,3585
868800,3586
869500,3587
870300,3588
870400,3589
870700,3590
870800,3591
87100,3592
871600,3593
871800,3594
872200,3595
872300,3596
872900,3597
87300,3598
873300,3599
874700,3600
874900,3601
875600,3602
875900,3603
876000,3604
876300,3605
876400,3606
876500,3607
876600,3608
876900,3609
877000,3610
877700,3611
877800,3612
878000,3613
878300,3614
878600,3615
879300,3616
881200,3617
881300,3618
881400,3619
881700,3620
882100,3621
882200,3622
882500,3623
883000,3624
884100,3625
884200,3626
885000,3627
885700,3628
886100,3629
887900,3630
888300,3631
889300,3632
889400,3633
890400,3634
89100,3635
891300,3636
891800,3637
89200,3638
892200,3639
892400,3640
892500,3641
894500,3642
895000,3643
895100,3644
895200,3645
895300,3646
896000,3647
896300,3648
896600,3649
896700,3650
899000,3651
899300,3652
900200,3653
901500,3654
901600,3655
902100,3656
902600,3657
902700,3658
903800,3659
90400,3660
90500,3661
905000,3662
905200,3663
906700,3664
906900,3665
907300,3666
907600,3667
908000,3668
908500,3669
90900,3670
909000,3671
909200,3672
909500,3673
91100,3674
911500,3675
912600,3676
912700,3677
913000,3678
913900,3679
914100,3680
914400,3681
914500,3682
914900,3683
91500,3684
915100,3685
915600,3686
916000,3687
916500,3688
917400,3689
917600,3690
917700,3691
917900,3692
919200,3693
919300,3694
919600,3695
92000,3696
920000,3697
921000,3698
921600,3699
922000,3700
922600,3701
922700,3702
922800,3703
92300,3704
923600,3705
923700,3706
923800,3707
924100,3708
924500,3709
924900,3710
925600,3711
925900,3712
926000,3713
926500,3714
926700,3715
927000,3716
927900,3717
92800,3718
928200,3719
928900,3720
929500,3721
9300,3722
931100,3723
933200,3724
934100,3725
935600,3726
936200,3727
937000,3728
937300,3729
93900,3730
939800,3731
939900,3732
940000,3733
941000,3734
941100,3735
942600,3736
942800,3737
943100,3738
943200,3739
943500,3740
944100,3741
944400,3742
945000,3743
945200,3744
945400,3745
946200,3746
946500,3747
947000,3748
947200,3749
94900,3750
949400,3751
949500,3752
950000,3753
950200,3754
950400,3755
950700,3756
950800,3757
95100,3758
952100,3759
953200,3760
953500,3761
953800,3762
953900,3763
954600,3764
955300,3765
955800,3766
956000,3767
956400,3768
956600,3769
956900,3770
957100,3771
957300,3772
958000,3773
958100,3774
958200,3775
958500,3776
958800,3777
960800,3778
962300,3779
962600,3780
96300,3781
963000,3782
963800,3783
964100,3784
964500,3785
964800,3786
964900,3787
965000,3788
965100,3789
965500,3790
96600,3791
966300,3792
966600,3793
967400,3794
967500,3795
967700,3796
96800,3797
968300,3798
968400,3799
968800,3800
969700,3801
970100,3802
970400,3803
970500,3804
97100,3805
971600,3806
971900,3807
973100,3808
973500,3809
974500,3810
975400,3811
976400,3812
976500,3813
977000,3814
977300,3815
978200,3816
978800,3817
97900,3818
979100,3819
979800,3820
980500,3821
980800,3822
980900,3823
98100,3824
981100,3825
981500,3826
981900,3827
982700,3828
983400,3829
983800,3830
984300,3831
984600,3832
986100,3833
986200,3834
987500,3835
987800,3836
988100,3837
988300,3838
988400,3839
988500,3840
988900,3841
989200,3842
989400,3843
9900,3844
990100,3845
990700,3846
991600,3847
991800,3848
992900,3849
993200,3850
993300,3851
994200,3852
995600,3853
995900,3854
997900,3855
1000000,3856
1000100,3857
1000500,3858
1000800,3859
1001400,3860
1001900,3861
1002500,3862
1003100,3863
1003900,3864
1004200,3865
1004700,3866
100500,3867
1005100,3868
1005200,3869
1005400,3870
1006800,3871
1007600,3872
1007700,3873
1008000,3874
1008200,3875
1008300,3876
1008700,3877
1009300,3878
101000,3879
1010400,3880
1010800,3881
1011200,3882
1011900,3883
101200,3884
1012100,3885
1013300,3886
1013400,3887
1014100,3888
1014300,3889
1014900,3890
1015200,3891
1015900,3892
1017000,3893
1017600,3894
1017900,3895
101900,3896
102700,3897
102800,3898
102900,3899
103400,3900
103700,3901
10400,3902
104200,3903
104500,3904
104800,3905
104900,3906
105100,3907
105200,3908
105300,3909
10600,3910
106500,3911
108000,3912
108300,3913
108400,3914
108500,3915
108600,3916
109000,3917
1100,3918
110400,3919
110700,3920
110900,3921
11100,3922
111300,3923
111500,3924
112400,3925
112800,3926
113300,3927
115100,3928
115200,3929
115300,3930
115400,3931
115600,3932
116000,3933
116100,3934
116700,3935
118100,3936
118400,3937
118700,3938
118900,3939
119000,3940
119600,3941
120000,3942
120100,3943
120300,3944
121300,3945
122600,3946
122800,3947
122900,3948
12300,3949
123600,3950
124100,3951
124400,3952
125900,3953
126000,3954
126200,3955
126700,3956
127100,3957
127600,3958
12800,3959
129100,3960
129400,3961
129800,3962
130700,3963
131600,3964
131900,3965
132100,3966
132600,3967
133000,3968
133100,3969
133400,3970
13400,3971
134300,3972
134400,3973
134500,3974
134800,3975
135100,3976
136800,3977
137200,3978
138000,3979
138200,3980
138400,3981
138900,3982
139400,3983
140300,3984
141600,3985
141700,3986
142000,3987
142200,3988
142600,3989
143300,3990
143500,3991
143700,3992
144600,3993
144800,3994
145300,3995
146300,3996
146700,3997
147200,3998
14800,3999
148000,4000
148400,4001
148700,4002
149400,4003
149600,4004
149700,4005
150000,4006
150100,4007
150600,4008
151800,4009
151900,4010
152900,4011
15300,4012
153000,4013
153100,4014
153800,4015
15400,4016
154300,4017
154700,4018
154900,4019
155500,4020
155700,4021
156300,4022
156500,4023
156700,4024
157900,4025
158600,4026
158700,4027
158900,4028
159100,4029
159900,4030
160300,4031
160600,4032
160700,4033
161000,4034
161100,4035
161300,4036
162200,4037
162600,4038
16300,4039
163300,4040
164100,4041
164300,4042
164500,4043
165100,4044
165700,4045
165900,4046
166600,4047
167000,4048
16800,4049
168200,4050
168500,4051
168700,4052
168900,4053
16900,4054
169800,4055
170900,4056
171000,4057
171500,4058
17200,4059
173000,4060
173100,4061
173200,4062
173300,4063
173400,4064
174500,4065
174600,4066
175200,4067
176900,4068
177000,4069
17800,4070
178400,4071
178800,4072
17900,4073
179000,4074
179100,4075
179300,4076
180200,4077
180300,4078
180500,4079
180800,4080
181300,4081
182500,4082
18300,4083
183800,4084
184000,4085
184100,4086
184600,4087
184700,4088
18500,4089
185100,4090
185200,4091
185700,4092
185800,4093
186700,4094
187800,4095
187900,4096
188400,4097
18900,4098
190800,4099
191600,4100
191700,4101
191800,4102
192000,4103
19300,4104
193000,4105
193400,4106
193500,4107
193800,4108
19400,4109
194400,4110
196800,4111
197400,4112
197500,4113
198200,4114
198700,4115
19900,4116
199100,4117
200,4118
200000,4119
200100,4120
200300,4121
200700,4122
200900,4123
201900,4124
20200,4125
202100,4126
203200,4127
203700,4128
204400,4129
204500,4130
204900,4131
205000,4132
205300,4133
205400,4134
205900,4135
207000,4136
207600,4137
207900,4138
208100,4139
20900,4140
209300,4141
209400,4142
209500,4143
209600,4144
209700,4145
209800,4146
210400,4147
21100,4148
211200,4149
212900,4150
213100,4151
213300,4152
213400,4153
213900,4154
214400,4155
214800,4156
216200,4157
216400,4158
216700,4159
217100,4160
217700,4161
217900,4162
21800,4163
21900,4164
219800,4165
2200,4166
220500,4167
220600,4168
220900,4169
221800,4170
222100,4171
222200,4172
22300,4173
223200,4174
223600,4175
22400,4176
22500,4177
225000,4178
225600,4179
22600,4180
226500,4181
227200,4182
227300,4183
227400,4184
227500,4185
227600,4186
228500,4187
229200,4188
230300,4189
230500,4190
231200,4191
231400,4192
231800,4193
23200,4194
232000,4195
233300,4196
233400,4197
233500,4198
234000,4199
234200,4200
234500,4201
234700,4202
23500,4203
235000,4204
235300,4205
236300,4206
236400,4207
237000,4208
237100,4209
237300,4210
237700,4211
238100,4212
239100,4213
239800,4214
240500,4215
24100,4216
241000,4217
242000,4218
242300,4219
242700,4220
243000,4221
243100,4222
243500,4223
244200,4224
244900,4225
245000,4226
245500,4227
245700,4228
245900,4229
24700,4230
247100,4231
247300,4232
247400,4233
247800,4234
248400,4235
24900,4236
249200,4237
249500,4238
249900,4239
2500,4240
251400,4241
252500,4242
252800,4243
25300,4244
253500,4245
254600,4246
25500,4247
255700,4248
256000,4249
25700,4250
257900,4251
25800,4252
258300,4253
258500,4254
258900,4255
259500,4256
26000,4257
260000,4258
260400,4259
260600,4260
261000,4261
261300,4262
261500,4263
262500,4264
262600,4265
263600,4266
264200,4267
264400,4268
264700,4269
264800,4270
265000,4271
265100,4272
265400,4273
265600,4274
265700,4275
266300,4276
266700,4277
267500,4278
267600,4279
26800,4280
269400,4281
269500,4282
269600,4283
269900,4284
27000,4285
270400,4286
270500,4287
270600,4288
270800,4289
271400,4290
271500,4291
271800,4292
272900,4293
273900,4294
27400,4295
274200,4296
274300,4297
274600,4298
27500,4299
275000,4300
275100,4301
275800,4302
276200,4303
276700,4304
276900,4305
277100,4306
277900,4307
278600,4308
278900,4309
279000,4310
279100,4311
279300,4312
2800,4313
280600,4314
280900,4315
281100,4316
281400,4317
281700,4318
282300,4319
282700,4320
283500,4321
284400,4322
284600,4323
284900,4324
285400,4325
285600,4326
286100,4327
287800,4328
288400,4329
288500,4330
28900,4331
289100,4332
289700,4333
2900,4334
29000,4335
29200,4336
292700,4337
294200,4338
294800,4339
295100,4340
295200,4341
295800,4342
297100,4343
297800,4344
298500,4345
299700,4346
299800,4347
3000,4348
300000,4349
300200,4350
300400,4351
300500,4352
30200,4353
302400,4354
303300,4355
303400,4356
303500,4357
303600,4358
303800,4359
30400,4360
304700,4361
304900,4362
30500,4363
305200,4364
305300,4365
305700,4366
305800,4367
306600,4368
307500,4369
30800,4370
308700,4371
30900,4372
309200,4373
309500,4374
309600,4375
310200,4376
310800,4377
310900,4378
311900,4379
312300,4380
312600,4381
31300,4382
313600,4383
313900,4384
314600,4385
315600,4386
315700,4387
316100,4388
316800,4389
31700,4390
317100,4391
317400,4392
317700,4393
318400,4394
318900,4395
319100,4396
319300,4397
319600,4398
319700,4399
320300,4400
320400,4401
321400,4402
322400,4403
322600,4404
32300,4405
323300,4406
323700,4407
324200,4408
32500,4409
325700,4410
326100,4411
326800,4412
327100,4413
327500,4414
327700,4415
327800,4416
32800,4417
328700,4418
329000,4419
329400,4420
329800,4421
330500,4422
330600,4423
330900,4424
331500,4425
331700,4426
331800,4427
332000,4428
332100,4429
332800,4430
333400,4431
333700,4432
333900,4433
335000,4434
335100,4435
335400,4436
336000,4437
336200,4438
336700,4439
338000,4440
338100,4441
339100,4442
340000,4443
340300,4444
340400,4445
34100,4446
341500,4447
342900,4448
343700,4449
34400,4450
344100,4451
345100,4452
345300,4453
345400,4454
345600,4455
346200,4456
347600,4457
34900,4458
349000,4459
35000,4460
350300,4461
350400,4462
350900,4463
351000,4464
352000,4465
352600,4466
353300,4467
353400,4468
353600,4469
354200,4470
354600,4471
35500,4472
355300,4473
355500,4474
355600,4475
355800,4476
356100,4477
356500,4478
356700,4479
35700,4480
357000,4481
357600,4482
35800,4483
358000,4484
359200,4485
36000,4486
360100,4487
361300,4488
361400,4489
361600,4490
361800,4491
362200,4492
362500,4493
362700,4494
363100,4495
363500,4496
363600,4497
363700,4498
364200,4499
36500,4500
365900,4501
36600,4502
366200,4503
366500,4504
366600,4505
366700,4506
367200,4507
367500,4508
367900,4509
368500,4510
368600,4511
369700,4512
370500,4513
370900,4514
37100,4515
371700,4516
371900,4517
37200,4518
372700,4519
37300,4520
373000,4521
373700,4522
373800,4523
374100,4524
374500,4525
374600,4526
374700,4527
374900,4528
375200,4529
375400,4530
376000,4531
376900,4532
37700,4533
378000,4534
378600,4535
379500,4536
379800,4537
3800,4538
38000,4539
380900,4540
38100,4541
381000,4542
381300,4543
381800,4544
38200,4545
382100,4546
382700,4547
383100,4548
383200,4549
383500,4550
38400,4551
384000,4552
384300,4553
384500,4554
384800,4555
384900,4556
38500,4557
385700,4558
385900,4559
387100,4560
387500,4561
387900,4562
388700,4563
388800,4564
388900,4565
38900,4566
389300,4567
389400,4568
390100,4569
390300,4570
390700,4571
391300,4572
391400,4573
391500,4574
391600,4575
391700,4576
392000,4577
392100,4578
392600,4579
39300,4580
393200,4581
393400,4582
394000,4583
394100,4584
394400,4585
394500,4586
394800,4587
395200,4588
396300,4589
396500,4590
396700,4591
396900,4592
397200,4593
397700,4594
397900,4595
39800,4596
398000,4597
398200,4598
398500,4599
399300,4600
399900,4601
400000,4602
400600,4603
401000,4604
401100,4605
402400,4606
402800,4607
40300,4608
403000,4609
403400,4610
404400,4611
404700,4612
40500,4613
405500,4614
40600,4615
406300,4616
406500,4617
406700,4618
407700,4619
408900,4620
40900,4621
410100,4622
410200,4623
411600,4624
411800,4625
41200,4626
412100,4627
412500,4628
412900,4629
413000,4630
413100,4631
41400,4632
414200,4633
414400,4634
414700,4635
415300,4636
415400,4637
415800,4638
417000,4639
417100,4640
417200,4641
417600,4642
418200,4643
41900,4644
419700,4645
419800,4646
420800,4647
422700,4648
422800,4649
423500,4650
424000,4651
424200,4652
424400,4653
424600,4654
424700,4655
425400,4656
426000,4657
426600,4658
427400,4659
427800,4660
428500,4661
428600,4662
428700,4663
428800,4664
429600,4665
430300,4666
430500,4667
430700,4668
43100,4669
431700,4670
432300,4671
432400,4672
432600,4673
433100,4674
433400,4675
434000,4676
435200,4677
435800,4678
436500,4679
437200,4680
437500,4681
437700,4682
438300,4683
438600,4684
439100,4685
439700,4686
4400,4687
440600,4688
440700,4689
441000,4690
441300,4691
441900,4692
442300,4693
442600,4694
44300,4695
443500,4696
443600,4697
443900,4698
444700,4699
444800,4700
445000,4701
445200,4702
445700,4703
445800,4704
445900,4705
44600,4706
446600,4707
448000,4708
448600,4709
448900,4710
449000,4711
450400,4712
450900,4713
451100,4714
451500,4715
452400,4716
452600,4717
452800,4718
454400,4719
454500,4720
454600,4721
455300,4722
455900,4723
45600,4724
456100,4725
456300,4726
456400,4727
456600,4728
456900,4729
457200,4730
457300,4731
457500,4732
457600,4733
458100,4734
458300,4735
458700,4736
459100,4737
459300,4738
459800,4739
460400,4740
461200,4741
462000,4742
463300,4743
463800,4744
464700,4745
465500,4746
465800,4747
466000,4748
466900,4749
467100,4750
467200,4751
467300,4752
468800,4753
469100,4754
469200,4755
469600,4756
469800,4757
4700,4758
470200,4759
470300,4760
470400,4761
47100,4762
471300,4763
471700,4764
472800,4765
473200,4766
473900,4767
474400,4768
475900,4769
476300,4770
476500,4771
478300,4772
478400,4773
478700,4774
478900,4775
479000,4776
479900,4777
481400,4778
482900,4779
48400,4780
485500,4781
485600,4782
486600,4783
48700,4784
487200,4785
487600,4786
488400,4787
488500,4788
489100,4789
489500,4790
489600,4791
489900,4792
490000,4793
490200,4794
490900,4795
491400,4796
492300,4797
492800,4798
493000,4799
494000,4800
49500,4801
49600,4802
496200,4803
496700,4804
496900,4805
497000,4806
497100,4807
497200,4808
497300,4809
497600,4810
49800,4811
498300,4812
498600,4813
498800,4814
500,4815
500200,4816
502000,4817
502400,4818
502900,4819
503100,4820
503700,4821
504600,4822
504700,4823
505200,4824
506500,4825
506800,4826
507400,4827
507800,4828
508100,4829
508200,4830
509000,4831
510200,4832
510300,4833
510500,4834
510600,4835
510700,4836
51100,4837
511000,4838
511500,4839
511900,4840
512800,4841
513100,4842
513400,4843
513500,4844
514400,4845
514600,4846
515200,4847
515400,4848
516200,4849
516300,4850
517600,4851
517900,4852
518200,4853
518300,4854
518500,4855
518600,4856
518800,4857
518900,4858
519600,4859
519900,4860
520900,4861
521000,4862
521200,4863
521600,4864
52200,4865
522200,4866
522300,4867
523400,4868
524100,4869
524200,4870
524300,4871
525300,4872
525400,4873
525900,4874
526100,4875
526500,4876
526700,4877
526900,4878
527000,4879
527900,4880
528000,4881
528900,4882
52900,4883
529300,4884
529500,4885
530000,4886
530500,4887
530600,4888
531200,4889
531700,4890
532000,4891
532300,4892
532500,4893
532800,4894
533200,4895
534600,4896
535400,4897
535600,4898
536400,4899
536700,4900
537200,4901
537500,4902
538600,4903
538900,4904
539300,4905
539400,4906
539900,4907
54000,4908
540000,4909
540800,4910
543000,4911
543700,4912
544000,4913
544100,4914
544200,4915
545600,4916
545700,4917
545900,4918
546400,4919
547500,4920
547700,4921
547800,4922
548700,4923
549000,4924
549200,4925
549700,4926
5500,4927
55300,4928
553100,4929
554100,4930
554600,4931
554800,4932
556600,4933
55800,4934
558400,4935
558500,4936
559900,4937
5600,4938
560000,4939
560400,4940
561400,4941
561500,4942
562900,4943
563500,4944
564600,4945
564800,4946
564900,4947
565200,4948
565900,4949
566900,4950
567000,4951
567100,4952
567700,4953
568000,4954
568300,4955
568600,4956
568700,4957
56900,4958
569400,4959
57000,4960
570000,4961
571300,4962
571500,4963
571800,4964
57200,4965
572100,4966
572400,4967
572500,4968
572800,4969
573000,4970
573900,4971
57400,4972
574800,4973
575000,4974
575100,4975
576200,4976
577300,4977
578300,4978
578500,4979
578600,4980
578700,4981
579100,4982
579200,4983
579500,4984
579800,4985
580000,4986
580400,4987
580500,4988
581400,4989
581600,4990
581900,4991
582200,4992
583300,4993
583700,4994
583800,4995
584600,4996
585100,4997
586400,4998
587800,4999
588100,5000
588700,5001
59200,5002
592000,5003
593400,5004
593900,5005
594000,5006
594100,5007
594300,5008
594900,5009
595900,5010
59600,5011
596100,5012
596200,5013
596300,5014
596500,5015
597400,5016
597800,5017
597900,5018
598400,5019
598600,5020
59900,5021
599400,5022
599800,5023
600,5024
60000,5025
600400,5026
600900,5027
601100,5028
601200,5029
602900,5030
604100,5031
604500,5032
605700,5033
605800,5034
606000,5035
606500,5036
606900,5037
607200,5038
60800,5039
60900,5040
609000,5041
609300,5042
610200,5043
610800,5044
612000,5045
612400,5046
614200,5047
614500,5048
615300,5049
615600,5050
61600,5051
616100,5052
616200,5053
616400,5054
616700,5055
617300,5056
618300,5057
619200,5058
619300,5059
6200,5060
620200,5061
62100,5062
621700,5063
621900,5064
622600,5065
623100,5066
623400,5067
624500,5068
625000,5069
625700,5070
626100,5071
627400,5072
629700,5073
6300,5074
63000,5075
630500,5076
630900,5077
631200,5078
631300,5079
631600,5080
631700,5081
631800,5082
631900,5083
632000,5084
632100,5085
63300,5086
633900,5087
634100,5088
634300,5089
634800,5090
635000,5091
635100,5092
635600,5093
636600,5094
636900,5095
637800,5096
638900,5097
63900,5098
639000,5099
639800,5100
640000,5101
640300,5102
640400,5103
640600,5104
640700,5105
641800,5106
641900,5107
642500,5108
643100,5109
643500,5110
643700,5111
643900,5112
644400,5113
644500,5114
644700,5115
647200,5116
647300,5117
648800,5118
64900,5119
649100,5120
649700,5121
649900,5122
650500,5123
650600,5124
650900,5125
65100,5126
651100,5127
651600,5128
651800,5129
652300,5130
652400,5131
652600,5132
653200,5133
653900,5134
654300,5135
654800,5136
655200,5137
655500,5138
655700,5139
65600,5140
656200,5141
656400,5142
656900,5143
657500,5144
658100,5145
658900,5146
65900,5147
6600,5148
66000,5149
660100,5150
660600,5151
661000,5152
661700,5153
662300,5154
662500,5155
662800,5156
663000,5157
663400,5158
664400,5159
664900,5160
665400,5161
666200,5162
666500,5163
666900,5164
66700,5165
667100,5166
667500,5167
667700,5168
668100,5169
668400,5170
668600,5171
669200,5172
669400,5173
669600,5174
670100,5175
670700,5176
671300,5177
671600,5178
672400,5179
672600,5180
673100,5181
673200,5182
673400,5183
674100,5184
674200,5185
674900,5186
67500,5187
675600,5188
675900,5189
67600,5190
677100,5191
678600,5192
679000,5193
679200,5194
680400,5195
681000,5196
681800,5197
682800,5198
682900,5199
683100,5200
683700,5201
684600,5202
685000,5203
685900,5204
686700,5205
68700,5206
687000,5207
687800,5208
687900,5209
688000,5210
688100,5211
688700,5212
689600,5213
691000,5214
691200,5215
691400,5216
691600,5217
693300,5218
693900,5219
694300,5220
695200,5221
695800,5222
696500,5223
696800,5224
69700,5225
697000,5226
697100,5227
697300,5228
697500,5229
698000,5230
698400,5231
698700,5232
699100,5233
699600,5234
700300,5235
70100,5236
701300,5237
701600,5238
702000,5239
702700,5240
703800,5241
704400,5242
704600,5243
705200,5244
705500,5245
705800,5246
706200,5247
706600,5248
707500,5249
70800,5250
708700,5251
709000,5252
709200,5253
709700,5254
71000,5255
710600,5256
710700,5257
71200,5258
712100,5259
712400,5260
712600,5261
713300,5262
714700,5263
715200,5264
715500,5265
71600,5266
716000,5267
716900,5268
71700,5269
71800,5270
718200,5271
718400,5272
719000,5273
719800,5274
7200,5275
721100,5276
721400,5277
722500,5278
723900,5279
724500,5280
725100,5281
726200,5282
726400,5283
726600,5284
726800,5285
726900,5286
727100,5287
727700,5288
72800,5289
728500,5290
728600,5291
729200,5292
729500,5293
729700,5294
729800,5295
730400,5296
730600,5297
730700,5298
731700,5299
731900,5300
732300,5301
732400,5302
733500,5303
734000,5304
734800,5305
734900,5306
735400,5307
735600,5308
736500,5309
736700,5310
736800,5311
736900,5312
737000,5313
737100,5314
737600,5315
739200,5316
739700,5317
739800,5318
739900,5319
74000,5320
740000,5321
740100,5322
740400,5323
740900,5324
743800,5325
744200,5326
744800,5327
745300,5328
745400,5329
745700,5330
745800,5331
746500,5332
746900,5333
74700,5334
748500,5335
748900,5336
749300,5337
749500,5338
750200,5339
751300,5340
751600,5341
752000,5342
752100,5343
752200,5344
752700,5345
753200,5346
75400,5347
754100,5348
754800,5349
754900,5350
755000,5351
756500,5352
756700,5353
756900,5354
757000,5355
757200,5356
757800,5357
75800,5358
759000,5359
759300,5360
759400,5361
76000,5362
761000,5363
761400,5364
761800,5365
761900,5366
762300,5367
762500,5368
763200,5369
763700,5370
765100,5371
765500,5372
765600,5373
766000,5374
766100,5375
766700,5376
76700,5377
76800,5378
768000,5379
769600,5380
769700,5381
771000,5382
773000,5383
773900,5384
774700,5385
775800,5386
776200,5387
776600,5388
777500,5389
778200,5390
779300,5391
7800,5392
78100,5393
781200,5394
781400,5395
781900,5396
782500,5397
784300,5398
784500,5399
784800,5400
785000,5401
785400,5402
787900,5403
788200,5404
788500,5405
789600,5406
790700,5407
791500,5408
791600,5409
791700,5410
791800,5411
793000,5412
793100,5413
793600,5414
793700,5415
794500,5416
794800,5417
795500,5418
795700,5419
795800,5420
79600,5421
796100,5422
796200,5423
796500,5424
797300,5425
797600,5426
797700,5427
798800,5428
79900,5429
8000,5430
800500,5431
800800,5432
802000,5433
802300,5434
80400,5435
804100,5436
806100,5437
807700,5438
807800,5439
808300,5440
808900,5441
809000,5442
809100,5443
810200,5444
810900,5445
811200,5446
811500,5447
811600,5448
811900,5449
813400,5450
814100,5451
814200,5452
815100,5453
816100,5454
816200,5455
81700,5456
817200,5457
817800,5458
818500,5459
819000,5460
819300,5461
819900,5462
82000,5463
820200,5464
820400,5465
820900,5466
821200,5467
821600,5468
821700,5469
822200,5470
822400,5471
822500,5472
823200,5473
823500,5474
823900,5475
82400,5476
824200,5477
825000,5478
826300,5479
826800,5480
82700,5481
827300,5482
82800,5483
828600,5484
828800,5485
829300,5486
829400,5487
829600,5488
8300,5489
830100,5490
830300,5491
832500,5492
832600,5493
833300,5494
833600,5495
835100,5496
835300,5497
835900,5498
836600,5499
836700,5500
838600,5501
838700,5502
840000,5503
840600,5504
840800,5505
840900,5506
841500,5507
842100,5508
842700,5509
843300,5510
843400,5511
844000,5512
844300,5513
844800,5514
845000,5515
845400,5516
845500,5517
846000,5518
847400,5519
847500,5520
848200,5521
848800,5522
848900,5523
849100,5524
849400,5525
849800,5526
850400,5527
851000,5528
851200,5529
852100,5530
852300,5531
853200,5532
853400,5533
853600,5534
853800,5535
853900,5536
854200,5537
85500,5538
855200,5539
855300,5540
855400,5541
856300,5542
856400,5543
857500,5544
858000,5545
858200,5546
858800,5547
859100,5548
859300,5549
859700,5550
860400,5551
861100,5552
861800,5553
862000,5554
862600,5555
862700,5556
862800,5557
863400,5558
865000,5559
867100,5560
867400,5561
867500,5562
868900,5563
869200,5564
869300,5565
870600,5566
871100,5567
871700,5568
87200,5569
872500,5570
873400,5571
874000,5572
874600,5573
875500,5574
876700,5575
87700,5576
877200,5577
87900,5578
879500,5579
879800,5580
8800,5581
880200,5582
880800,5583
881000,5584
882000,5585
882400,5586
882900,5587
885500,5588
886500,5589
886600,5590
886800,5591
887600,5592
887700,5593
887800,5594
88800,5595
888100,5596
889600,5597
889700,5598
8900,5599
890000,5600
890600,5601
890700,5602
890900,5603
891700,5604
891900,5605
892100,5606
892300,5607
892900,5608
893400,5609
893600,5610
894300,5611
894400,5612
894600,5613
894900,5614
895900,5615
896900,5616
897600,5617
898200,5618
898900,5619
899200,5620
899400,5621
899500,5622
899600,5623
900100,5624
900600,5625
900700,5626
900900,5627
90100,5628
901000,5629
901400,5630
901700,5631
902000,5632
902200,5633
902300,5634
903100,5635
903600,5636
904300,5637
904600,5638
904700,5639
905100,5640
905400,5641
905600,5642
905900,5643
906000,5644
906100,5645
906800,5646
907400,5647
907700,5648
907800,5649
908400,5650
909300,5651
909800,5652
91000,5653
910600,5654
911200,5655
911300,5656
911600,5657
912200,5658
912300,5659
912400,5660
914800,5661
915000,5662
915200,5663
915400,5664
915500,5665
915800,5666
91600,5667
916200,5668
916400,5669
918300,5670
918500,5671
918700,5672
918900,5673
919000,5674
919500,5675
920200,5676
920300,5677
920900,5678
921200,5679
921900,5680
922400,5681
922500,5682
923300,5683
924000,5684
925400,5685
925800,5686
92600,5687
926100,5688
926200,5689
926300,5690
92700,5691
927100,5692
927300,5693
928700,5694
93000,5695
930000,5696
930100,5697
930300,5698
930700,5699
930800,5700
93100,5701
931000,5702
931300,5703
931900,5704
932600,5705
932900,5706
933600,5707
933900,5708
934000,5709
934500,5710
934600,5711
934700,5712
93500,5713
935000,5714
935300,5715
935500,5716
935800,5717
936100,5718
936400,5719
936500,5720
936600,5721
937700,5722
937900,5723
938100,5724
938200,5725
938300,5726
938900,5727
939000,5728
939200,5729
939400,5730
940100,5731
940300,5732
940600,5733
941500,5734
94200,5735
942200,5736
942300,5737
942500,5738
943300,5739
944300,5740
94500,5741
945900,5742
946000,5743
946100,5744
946700,5745
947700,5746
947900,5747
948700,5748
949300,5749
950600,5750
951600,5751
952200,5752
952400,5753
952800,5754
954000,5755
956100,5756
956700,5757
95700,5758
957000,5759
957200,5760
95800,5761
958300,5762
959000,5763
959200,5764
959600,5765
960500,5766
960700,5767
960900,5768
961600,5769
962000,5770
962400,5771
963100,5772
965200,5773
965700,5774
965800,5775
966000,5776
967600,5777
968500,5778
968700,5779
969000,5780
969400,5781
969500,5782
969800,5783
970700,5784
970800,5785
972400,5786
972500,5787
972700,5788
97300,5789
973700,5790
974000,5791
974600,5792
974700,5793
975300,5794
975600,5795
975700,5796
976900,5797
977100,5798
977500,5799
977900,5800
979000,5801
979200,5802
979300,5803
979500,5804
979700,5805
9800,5806
980000,5807
980300,5808
980400,5809
980600,5810
98300,5811
983200,5812
984200,5813
984500,5814
984800,5815
985700,5816
986500,5817
986700,5818
986800,5819
986900,5820
987200,5821
987400,5822
987900,5823
988000,5824
988600,5825
989100,5826
989700,5827
990000,5828
990500,5829
991900,5830
992200,5831
992400,5832
992600,5833
992700,5834
992800,5835
993000,5836
993100,5837
993500,5838
993700,5839
994000,5840
995000,5841
995200,5842
995800,5843
99600,5844
996400,5845
996800,5846
99700,5847
997400,5848
997500,5849
998000,5850
998300,5851
998600,5852
999000,5853
999500,5854
999700,5855
1000700,5856
1001100,5857
1001200,5858
1001300,5859
1002600,5860
100300,5861
1003000,5862
1003800,5863
1004400,5864
1004600,5865
1005000,5866
1005700,5867
1006100,5868
1006300,5869
1007900,5870
1008400,5871
1008800,5872
1008900,5873
100900,5874
1009800,5875
1009900,5876
10100,5877
1010100,5878
1011700,5879
1011800,5880
1012200,5881
1012400,5882
1013700,5883
1014400,5884
1014600,5885
1014700,5886
1015000,5887
1015400,5888
1015500,5889
1015700,5890
1016000,5891
1016100,5892
1016300,5893
1017800,5894
10200,5895
102100,5896
102500,5897
103100,5898
103200,5899
104300,5900
104700,5901
10500,5902
107000,5903
107400,5904
109700,5905
110000,5906
110800,5907
111800,5908
111900,5909
112000,5910
112700,5911
11300,5912
113600,5913
113800,5914
114100,5915
115700,5916
11600,5917
116800,5918
117400,5919
117600,5920
117800,5921
117900,5922
119200,5923
119300,5924
119700,5925
119800,5926
119900,5927
12100,5928
121100,5929
121600,5930
121700,5931
121900,5932
12200,5933
122100,5934
122400,5935
122500,5936
123500,5937
123700,5938
124700,5939
125700,5940
127300,5941
127400,5942
128100,5943
128300,5944
128800,5945
12900,5946
129200,5947
129700,5948
1300,5949
13000,5950
130000,5951
130100,5952
130200,5953
130900,5954
131300,5955
131400,5956
131500,5957
132400,5958
132900,5959
13300,5960
133500,5961
133600,5962
133700,5963
134200,5964
135000,5965
135200,5966
135300,5967
136600,5968
136700,5969
13700,5970
137600,5971
137800,5972
137900,5973
13800,5974
138700,5975
13900,5976
139900,5977
140500,5978
141400,5979
14200,5980
142100,5981
14300,5982
143900,5983
144100,5984
144300,5985
144500,5986
145000,5987
145100,5988
145200,5989
145400,5990
145500,5991
146100,5992
146500,5993
147000,5994
147100,5995
147600,5996
148300,5997
148800,5998
14900,5999
149100,6000
1500,6001
151000,6002
15200,6003
153500,6004
153600,6005
154200,6006
154800,6007
15500,6008
155000,6009
155800,6010
156100,6011
157000,6012
157400,6013
157700,6014
15800,6015
158000,6016
158100,6017
158300,6018
15900,6019
159200,6020
159700,6021
159800,6022
161500,6023
161800,6024
161900,6025
162800,6026
163400,6027
163700,6028
164200,6029
164600,6030
164900,6031
165200,6032
166000,6033
166400,6034
166900,6035
167600,6036
169100,6037
169300,6038
169600,6039
169700,6040
169900,6041
170600,6042
17100,6043
171700,6044
172100,6045
172200,6046
172500,6047
173600,6048
173800,6049
174000,6050
174100,6051
174400,6052
174900,6053
17500,6054
17700,6055
177100,6056
177400,6057
177800,6058
178500,6059
179200,6060
179400,6061
180700,6062
181100,6063
181200,6064
18200,6065
182000,6066
182300,6067
182400,6068
182600,6069
182700,6070
182800,6071
183900,6072
18400,6073
184400,6074
185000,6075
185400,6076
185500,6077
186500,6078
18700,6079
187400,6080
187500,6081
187700,6082
188100,6083
188700,6084
189000,6085
189500,6086
189700,6087
19000,6088
190200,6089
190500,6090
191100,6091
192200,6092
192900,6093
193100,6094
193200,6095
194300,6096
194800,6097
195300,6098
195900,6099
19600,6100
196200,6101
196500,6102
196600,6103
196900,6104
197300,6105
197800,6106
198000,6107
198100,6108
198300,6109
199000,6110
199500,6111
199600,6112
199700,6113
199800,6114
200200,6115
200400,6116
20100,6117
202200,6118
202500,6119
203400,6120
205700,6121
205800,6122
206500,6123
207200,6124
207400,6125
208600,6126
208900,6127
210000,6128
210900,6129
211100,6130
211300,6131
211500,6132
211700,6133
21200,6134
212300,6135
213600,6136
214300,6137
214700,6138
21500,6139
215500,6140
215600,6141
21600,6142
216000,6143
216100,6144
216500,6145
217500,6146
220200,6147
221400,6148
222400,6149
223800,6150
224300,6151
224400,6152
224500,6153
224700,6154
224800,6155
225100,6156
225300,6157
225400,6158
22700,6159
227100,6160
228000,6161
228100,6162
228300,6163
228600,6164
229000,6165
229400,6166
230600,6167
23100,6168
231700,6169
232800,6170
234400,6171
235800,6172
235900,6173
236200,6174
238200,6175
238400,6176
238500,6177
238600,6178
238900,6179
239000,6180
240100,6181
240700,6182
241400,6183
241500,6184
241700,6185
241900,6186
242600,6187
24300,6188
243600,6189
243800,6190
243900,6191
24400,6192
244000,6193
244800,6194
245300,6195
246300,6196
248000,6197
248600,6198
25000,6199
250300,6200
250900,6201
25100,6202
251900,6203
252300,6204
253000,6205
253900,6206
25400,6207
254200,6208
254500,6209
255500,6210
255600,6211
256700,6212
257300,6213
257400,6214
258700,6215
258800,6216
259000,6217
259100,6218
259600,6219
259700,6220
261100,6221
261700,6222
263000,6223
263500,6224
263700,6225
263800,6226
264000,6227
264100,6228
264500,6229
266800,6230
267200,6231
267300,6232
267700,6233
267800,6234
268300,6235
268600,6236
269700,6237
269800,6238
271200,6239
271700,6240
271900,6241
272700,6242
273100,6243
273300,6244
273400,6245
273500,6246
273700,6247
273800,6248
274100,6249
27600,6250
276500,6251
276800,6252
277200,6253
277500,6254
277800,6255
278100,6256
278200,6257
278500,6258
279200,6259
280200,6260
281900,6261
28200,6262
282100,6263
282200,6264
282900,6265
283200,6266
28400,6267
284700,6268
285300,6269
286200,6270
286300,6271
286500,6272
286700,6273
287200,6274
288200,6275
288300,6276
288700,6277
289000,6278
289200,6279
290100,6280
290300,6281
290600,6282
29100,6283
291100,6284
291800,6285
292300,6286
292500,6287
292600,6288
292800,6289
29300,6290
293000,6291
293400,6292
293500,6293
294300,6294
294400,6295
295000,6296
295300,6297
295600,6298
29600,6299
296000,6300
296100,6301
296700,6302
297300,6303
297400,6304
297500,6305
298700,6306
298800,6307
298900,6308
29900,6309
299300,6310
299900,6311
30000,6312
300900,6313
301100,6314
301300,6315
301800,6316
302500,6317
302600,6318
303100,6319
303900,6320
304100,6321
304500,6322
305100,6323
305600,6324
306000,6325
306300,6326
306400,6327
306500,6328
306700,6329
308200,6330
308800,6331
309300,6332
309400,6333
309900,6334
310400,6335
311000,6336
311400,6337
311700,6338
312000,6339
312700,6340
313400,6341
313700,6342
314100,6343
316200,6344
316500,6345
317500,6346
318000,6347
318300,6348
318700,6349
31900,6350
319800,6351
32000,6352
320100,6353
320500,6354
320800,6355
321300,6356
321500,6357
32200,6358
322000,6359
322100,6360
322800,6361
323100,6362
323200,6363
323400,6364
323500,6365
32400,6366
325000,6367
325200,6368
325900,6369
326200,6370
326300,6371
327000,6372
327300,6373
327400,6374
328000,6375
328100,6376
328300,6377
328500,6378
328600,6379
32900,6380
329700,6381
33000,6382
330100,6383
330800,6384
33100,6385
331000,6386
331100,6387
331900,6388
332500,6389
333300,6390
334100,6391
334200,6392
334400,6393
335500,6394
336800,6395
33700,6396
337300,6397
337700,6398
337800,6399
338300,6400
338700,6401
33900,6402
339000,6403
339300,6404
339600,6405
339900,6406
340200,6407
341200,6408
341300,6409
341400,6410
341600,6411
341700,6412
342100,6413
342400,6414
342800,6415
343200,6416
343500,6417
343800,6418
344300,6419
344400,6420
345500,6421
345700,6422
346000,6423
346100,6424
346800,6425
346900,6426
34700,6427
347500,6428
347900,6429
348700,6430
348800,6431
349100,6432
349200,6433
349600,6434
349700,6435
349900,6436
350000,6437
350800,6438
351200,6439
351300,6440
352100,6441
352200,6442
352400,6443
352500,6444
352800,6445
353000,6446
35400,6447
354000,6448
354700,6449
354900,6450
355000,6451
355900,6452
356300,6453
356800,6454
356900,6455
357700,6456
358500,6457
360200,6458
360600,6459
360900,6460
362100,6461
363000,6462
363400,6463
364400,6464
364600,6465
365500,6466
366100,6467
366400,6468
366900,6469
367600,6470
368000,6471
368400,6472
369400,6473
370600,6474
370700,6475
370800,6476
371600,6477
371800,6478
372200,6479
372500,6480
373200,6481
37400,6482
374000,6483
374200,6484
37500,6485
375500,6486
375800,6487
375900,6488
376200,6489
376700,6490
376800,6491
377000,6492
377500,6493
377800,6494
379600,6495
379700,6496
380400,6497
380600,6498
381500,6499
381900,6500
382300,6501
382800,6502
383600,6503
383700,6504
384600,6505
386400,6506
387300,6507
387600,6508
388100,6509
388600,6510
389000,6511
389100,6512
389500,6513
389600,6514
389900,6515
390200,6516
391900,6517
39200,6518
393100,6519
393600,6520
393800,6521
394300,6522
394600,6523
395000,6524
395100,6525
395400,6526
395500,6527
395600,6528
397400,6529
397500,6530
397600,6531
398100,6532
399700,6533
401300,6534
401400,6535
402200,6536
402300,6537
402900,6538
40400,6539
404000,6540
404600,6541
405100,6542
405300,6543
405600,6544
405700,6545
406100,6546
406400,6547
406800,6548
407100,6549
407300,6550
407500,6551
409800,6552
409900,6553
41000,6554
410000,6555
410400,6556
411200,6557
411500,6558
413500,6559
414500,6560
416400,6561
416600,6562
417300,6563
417400,6564
418400,6565
419200,6566
419600,6567
420200,6568
420500,6569
421000,6570
421600,6571
421900,6572
42200,6573
422300,6574
42300,6575
423100,6576
423700,6577
424100,6578
425500,6579
425800,6580
426300,6581
427100,6582
427700,6583
428000,6584
428200,6585
428300,6586
42900,6587
429000,6588
429800,6589
4300,6590
430900,6591
431900,6592
432200,6593
433700,6594
434300,6595
434400,6596
434500,6597
434800,6598
434900,6599
435100,6600
435600,6601
436000,6602
436600,6603
436900,6604
437000,6605
438100,6606
438200,6607
438800,6608
438900,6609
439200,6610
440100,6611
440200,6612
440300,6613
440500,6614
441200,6615
441600,6616
441700,6617
443800,6618
444000,6619
444400,6620
444500,6621
44500,6622
445100,6623
445300,6624
445500,6625
446800,6626
44700,6627
44800,6628
448100,6629
448200,6630
448800,6631
449100,6632
45000,6633
450500,6634
451000,6635
451200,6636
451300,6637
451900,6638
452300,6639
452500,6640
453000,6641
453400,6642
453500,6643
453600,6644
453700,6645
45400,6646
454100,6647
455100,6648
455400,6649
457400,6650
457700,6651
457800,6652
459000,6653
459600,6654
460800,6655
460900,6656
46100,6657
461700,6658
461900,6659
462200,6660
462300,6661
462600,6662
46300,6663
463000,6664
463100,6665
463500,6666
466100,6667
466800,6668
46700,6669
468100,6670
468200,6671
468500,6672
469500,6673
47000,6674
470800,6675
471000,6676
471100,6677
472200,6678
472500,6679
472700,6680
472900,6681
473000,6682
473100,6683
473500,6684
474600,6685
474700,6686
475200,6687
475400,6688
475600,6689
476000,6690
47700,6691
477200,6692
47900,6693
479100,6694
479200,6695
479400,6696
479500,6697
480000,6698
480400,6699
480900,6700
481100,6701
48200,6702
482500,6703
483300,6704
483400,6705
484000,6706
484300,6707
484600,6708
484700,6709
48500,6710
486000,6711
486200,6712
486300,6713
486700,6714
486800,6715
486900,6716
488100,6717
488300,6718
488600,6719
488900,6720
489000,6721
49000,6722
490500,6723
490800,6724
49100,6725
491800,6726
492000,6727
492500,6728
493100,6729
493200,6730
493300,6731
493900,6732
494100,6733
494400,6734
494500,6735
494700,6736
495200,6737
495300,6738
495700,6739
497500,6740
497900,6741
498900,6742
499000,6743
499400,6744
500100,6745
500400,6746
50100,6747
501100,6748
501300,6749
501400,6750
501600,6751
501800,6752
501900,6753
503500,6754
503900,6755
504500,6756
504900,6757
505300,6758
505400,6759
506200,6760
506400,6761
506700,6762
50700,6763
507100,6764
507200,6765
507500,6766
507900,6767
508300,6768
508400,6769
508600,6770
509100,6771
509700,6772
511200,6773
511600,6774
512100,6775
512200,6776
513200,6777
513300,6778
513700,6779
513900,6780
514100,6781
51500,6782
515300,6783
515800,6784
515900,6785
516600,6786
516900,6787
517300,6788
51800,6789
518000,6790
518100,6791
518700,6792
519000,6793
519200,6794
519500,6795
521500,6796
521700,6797
522100,6798
522700,6799
522800,6800
522900,6801
523000,6802
523100,6803
523600,6804
523700,6805
52400,6806
524600,6807
524700,6808
526200,6809
52700,6810
527500,6811
528200,6812
528500,6813
528600,6814
528700,6815
529800,6816
530200,6817
531100,6818
531300,6819
531600,6820
531900,6821
532100,6822
532900,6823
533100,6824
533300,6825
533900,6826
534300,6827
534900,6828
53500,6829
535100,6830
536300,6831
53700,6832
537000,6833
537400,6834
538300,6835
538500,6836
539100,6837
539700,6838
539800,6839
5400,6840
540100,6841
541300,6842
541800,6843
54200,6844
542700,6845
542800,6846
543300,6847
543400,6848
543500,6849
543600,6850
544500,6851
544900,6852
545000,6853
545200,6854
545400,6855
546200,6856
546500,6857
547100,6858
547400,6859
548400,6860
548600,6861
548800,6862
549300,6863
550000,6864
550500,6865
550900,6866
551400,6867
551800,6868
55200,6869
552800,6870
553500,6871
554000,6872
554200,6873
554300,6874
554700,6875
55500,6876
555300,6877
555400,6878
555900,6879
556200,6880
556400,6881
556700,6882
557000,6883
557700,6884
557800,6885
557900,6886
558200,6887
558300,6888
558600,6889
558900,6890
559800,6891
560800,6892
561000,6893
561200,6894
561300,6895
562200,6896
562800,6897
565300,6898
566000,6899
566700,6900
56700,6901
567400,6902
567500,6903
567900,6904
568800,6905
568900,6906
569800,6907
569900,6908
5700,6909
570700,6910
570800,6911
571400,6912
571600,6913
572300,6914
572600,6915
572900,6916
573700,6917
574200,6918
575300,6919
57600,6920
576100,6921
576300,6922
576400,6923
576700,6924
576900,6925
577900,6926
57800,6927
578100,6928
578400,6929
58000,6930
580200,6931
580800,6932
581000,6933
581100,6934
581500,6935
581700,6936
58200,6937
582500,6938
582600,6939
58300,6940
584200,6941
584700,6942
585000,6943
585600,6944
586300,6945
58700,6946
587400,6947
58800,6948
588000,6949
588400,6950
588500,6951
589100,6952
589200,6953
589400,6954
589500,6955
5900,6956
590300,6957
590600,6958
590700,6959
590800,6960
590900,6961
591100,6962
591900,6963
592200,6964
592600,6965
593300,6966
59400,6967
594700,6968
594800,6969
595200,6970
595300,6971
595700,6972
59700,6973
597700,6974
598200,6975
598700,6976
599000,6977
599200,6978
599500,6979
599600,6980
600100,6981
600500,6982
600600,6983
600800,6984
601300,6985
601500,6986
601600,6987
601900,6988
602100,6989
602300,6990
602400,6991
602600,6992
602700,6993
603800,6994
604000,6995
604200,6996
604800,6997
605100,6998
605200,6999
605300,7000
605400,7001
605500,7002
605600,7003
606300,7004
607500,7005
607900,7006
608100,7007
608900,7008
610600,7009
610700,7010
611100,7011
611200,7012
611300,7013
611400,7014
611500,7015
611600,7016
612700,7017
612800,7018
612900,7019
61300,7020
613400,7021
613700,7022
614000,7023
614100,7024
614300,7025
615400,7026
615500,7027
615800,7028
615900,7029
616800,7030
617400,7031
617800,7032
617900,7033
618000,7034
618800,7035
620000,7036
620400,7037
620800,7038
621200,7039
621400,7040
621600,7041
622300,7042
623600,7043
623900,7044
62400,7045
624200,7046
624300,7047
625200,7048
625300,7049
625400,7050
625500,7051
62600,7052
626000,7053
626400,7054
627000,7055
62800,7056
628300,7057
628700,7058
628800,7059
630600,7060
631000,7061
632200,7062
633400,7063
634000,7064
634500,7065
634700,7066
634900,7067
63500,7068
635400,7069
635900,7070
636300,7071
636500,7072
637200,7073
637300,7074
637400,7075
637600,7076
637700,7077
638400,7078
638700,7079
638800,7080
639100,7081
639200,7082
6400,7083
640100,7084
642200,7085
642700,7086
642900,7087
643400,7088
644300,7089
645900,7090
646200,7091
64700,7092
647900,7093
64800,7094
648000,7095
648200,7096
648700,7097
649300,7098
649400,7099
650300,7100
652100,7101
652800,7102
653400,7103
653600,7104
653700,7105
654200,7106
654500,7107
65500,7108
655000,7109
655100,7110
655400,7111
655600,7112
656100,7113
656700,7114
656800,7115
657100,7116
657300,7117
657400,7118
657600,7119
657900,7120
659000,7121
659200,7122
659500,7123
659700,7124
660300,7125
660500,7126
66100,7127
661200,7128
661300,7129
661900,7130
662000,7131
662400,7132
662700,7133
663100,7134
663900,7135
66400,7136
66500,7137
666000,7138
666800,7139
667800,7140
667900,7141
668200,7142
668700,7143
668800,7144
66900,7145
669300,7146
670000,7147
670400,7148
670500,7149
670900,7150
671000,7151
671500,7152
672000,7153
672300,7154
672700,7155
672800,7156
672900,7157
67300,7158
674000,7159
675300,7160
676800,7161
677000,7162
677600,7163
677800,7164
677900,7165
67800,7166
678500,7167
67900,7168
679400,7169
679800,7170
6800,7171
68000,7172
68100,7173
681200,7174
681300,7175
682000,7176
682200,7177
682500,7178
682600,7179
68300,7180
683200,7181
684100,7182
684300,7183
684500,7184
68500,7185
685500,7186
685600,7187
685800,7188
68600,7189
687200,7190
687400,7191
687700,7192
689100,7193
690500,7194
690700,7195
690900,7196
691100,7197
691300,7198
691700,7199
691900,7200
69200,7201
692300,7202
692700,7203
69300,7204
693000,7205
69400,7206
694000,7207
694200,7208
694800,7209
69500,7210
695400,7211
695600,7212
696100,7213
696400,7214
696600,7215
696900,7216
698100,7217
698500,7218
698800,7219
699200,7220
699300,7221
699400,7222
699800,7223
7000,7224
700500,7225
700900,7226
701200,7227
701400,7228
701500,7229
702400,7230
703300,7231
703500,7232
703700,7233
704000,7234
704200,7235
704900,7236
70500,7237
70600,7238
706500,7239
707000,7240
707700,7241
708200,7242
708500,7243
708900,7244
709300,7245
71100,7246
711300,7247
711400,7248
711600,7249
713000,7250
713400,7251
713800,7252
714100,7253
714300,7254
714600,7255
714800,7256
71500,7257
715100,7258
715400,7259
715600,7260
715700,7261
716400,7262
717100,7263
717500,7264
717700,7265
717800,7266
717900,7267
718600,7268
718800,7269
718900,7270
719100,7271
719200,7272
719600,7273
72000,7274
720100,7275
720800,7276
721500,7277
721800,7278
722100,7279
722800,7280
72300,7281
723000,7282
72400,7283
724300,7284
724400,7285
725300,7286
725400,7287
725600,7288
726300,7289
729000,7290
731000,7291
731400,7292
731800,7293
732500,7294
73300,7295
733400,7296
733600,7297
734200,7298
734300,7299
734500,7300
734700,7301
735000,7302
735300,7303
735500,7304
735900,7305
73600,7306
736300,7307
73700,7308
738300,7309
738400,7310
739500,7311
739600,7312
7400,7313
740500,7314
740700,7315
740800,7316
74100,7317
741800,7318
742700,7319
74300,7320
743100,7321
743200,7322
744500,7323
745100,7324
745900,7325
74600,7326
746000,7327
746100,7328
746400,7329
746600,7330
747100,7331
747200,7332
74900,7333
749200,7334
749400,7335
749600,7336
749900,7337
750100,7338
750300,7339
751000,7340
751200,7341
75200,7342
752600,7343
752900,7344
753400,7345
754600,7346
754700,7347
755400,7348
755700,7349
756600,7350
757400,7351
758600,7352
758900,7353
759500,7354
759800,7355
760000,7356
760400,7357
760900,7358
762200,7359
764500,7360
764700,7361
765400,7362
765800,7363
766600,7364
766900,7365
767400,7366
767500,7367
767700,7368
768400,7369
768900,7370
769200,7371
769800,7372
7700,7373
771100,7374
771600,7375
771700,7376
771800,7377
772100,7378
772300,7379
772400,7380
772500,7381
772900,7382
77300,7383
773700,7384
773800,7385
774000,7386
774200,7387
774300,7388
775100,7389
775300,7390
775900,7391
77600,7392
776000,7393
776100,7394
776700,7395
776800,7396
777200,7397
777400,7398
779000,7399
779900,7400
780000,7401
780100,7402
780700,7403
780800,7404
781600,7405
78200,7406
782300,7407
782400,7408
782800,7409
783100,7410
783200,7411
783400,7412
78400,7413
784000,7414
784100,7415
784200,7416
784600,7417
784700,7418
785300,7419
785900,7420
786200,7421
787100,7422
788800,7423
789400,7424
789700,7425
790500,7426
79100,7427
791200,7428
791900,7429
79200,7430
792000,7431
792300,7432
79300,7433
794400,7434
794900,7435
795200,7436
796400,7437
796800,7438
797100,7439
797500,7440
797900,7441
798000,7442
798900,7443
800100,7444
800600,7445
801100,7446
801800,7447
80200,7448
802700,7449
802900,7450
803200,7451
803800,7452
804000,7453
804400,7454
804700,7455
805100,7456
806300,7457
806900,7458
80700,7459
807200,7460
80800,7461
808700,7462
808800,7463
810800,7464
811000,7465
812400,7466
812500,7467
812900,7468
813500,7469
813800,7470
814800,7471
815800,7472
815900,7473
81600,7474
816700,7475
816900,7476
818200,7477
818300,7478
819400,7479
819600,7480
819700,7481
819800,7482
820600,7483
821300,7484
821400,7485
82200,7486
823400,7487
824900,7488
825100,7489
825300,7490
825400,7491
825500,7492
826500,7493
826700,7494
827500,7495
827800,7496
828400,7497
828500,7498
828900,7499
829000,7500
829700,7501
829900,7502
830000,7503
830400,7504
830500,7505
831000,7506
831300,7507
831700,7508
832000,7509
832800,7510
833000,7511
833200,7512
833500,7513
834700,7514
835200,7515
836000,7516
836800,7517
837100,7518
837300,7519
837400,7520
837500,7521
839500,7522
839600,7523
841000,7524
841400,7525
842500,7526
842600,7527
842800,7528
84300,7529
843000,7530
843500,7531
84400,7532
845700,7533
84600,7534
846200,7535
846400,7536
847600,7537
848300,7538
848600,7539
849300,7540
850100,7541
850200,7542
85100,7543
851100,7544
851400,7545
852700,7546
854500,7547
854700,7548
855600,7549
856000,7550
856700,7551
857400,7552
857700,7553
858100,7554
858400,7555
858500,7556
858900,7557
85900,7558
859200,7559
859500,7560
859800,7561
860000,7562
860500,7563
860700,7564
860900,7565
861400,7566
861700,7567
861900,7568
862300,7569
862400,7570
862900,7571
86400,7572
864100,7573
864500,7574
864600,7575
864900,7576
866900,7577
867000,7578
867800,7579
867900,7580
868700,7581
869000,7582
869100,7583
869700,7584
869800,7585
869900,7586
8700,7587
870200,7588
870900,7589
871000,7590
872400,7591
872600,7592
873100,7593
873700,7594
873900,7595
875000,7596
875200,7597
875300,7598
87600,7599
876100,7600
876200,7601
876800,7602
877100,7603
877400,7604
878100,7605
878400,7606
878800,7607
878900,7608
879100,7609
879600,7610
879700,7611
880000,7612
880900,7613
88100,7614
881100,7615
881500,7616
881800,7617
88200,7618
882800,7619
883500,7620
883800,7621
883900,7622
88400,7623
884000,7624
884500,7625
884700,7626
884800,7627
884900,7628
885100,7629
885600,7630
885900,7631
886700,7632
887100,7633
887200,7634
888000,7635
888600,7636
889000,7637
889200,7638
889900,7639
890200,7640
892800,7641
893300,7642
893900,7643
894000,7644
894100,7645
894800,7646
895400,7647
895700,7648
896100,7649
896200,7650
896400,7651
896800,7652
897100,7653
897200,7654
898000,7655
899100,7656
899700,7657
900800,7658
901100,7659
901900,7660
90200,7661
902400,7662
902800,7663
902900,7664
903300,7665
903400,7666
905300,7667
906200,7668
906400,7669
906500,7670
907900,7671
908600,7672
910200,7673
910300,7674
91200,7675
912500,7676
912800,7677
913400,7678
913600,7679
914000,7680
914200,7681
914700,7682
918100,7683
918600,7684
918800,7685
919800,7686
920100,7687
920700,7688
920800,7689
921500,7690
921700,7691
921800,7692
92200,7693
922100,7694
922300,7695
922900,7696
923200,7697
923500,7698
923900,7699
92400,7700
924200,7701
924600,7702
924700,7703
92500,7704
925500,7705
925700,7706
926400,7707
928000,7708
928100,7709
928300,7710
928400,7711
928500,7712
92900,7713
929000,7714
929100,7715
929200,7716
929300,7717
929400,7718
929700,7719
929800,7720
929900,7721
930200,7722
930400,7723
930500,7724
931400,7725
932000,7726
932100,7727
932200,7728
932300,7729
932400,7730
932500,7731
932800,7732
933000,7733
933800,7734
935400,7735
935700,7736
935900,7737
936900,7738
937400,7739
938000,7740
938600,7741
9400,7742
940200,7743
940400,7744
940500,7745
940700,7746
940900,7747
94100,7748
941700,7749
941900,7750
94300,7751
943000,7752
943600,7753
943800,7754
944000,7755
944200,7756
944500,7757
944600,7758
944700,7759
945100,7760
945700,7761
94600,7762
946600,7763
946900,7764
94800,7765
948100,7766
948500,7767
948900,7768
949900,7769
950900,7770
951000,7771
951100,7772
951200,7773
951500,7774
951800,7775
951900,7776
952000,7777
952500,7778
953400,7779
95400,7780
954200,7781
955000,7782
955200,7783
955600,7784
955700,7785
95600,7786
957600,7787
957900,7788
958600,7789
958700,7790
959300,7791
959500,7792
96000,7793
960000,7794
960600,7795
96100,7796
961100,7797
961300,7798
961400,7799
961500,7800
961700,7801
961900,7802
962700,7803
963300,7804
963400,7805
963600,7806
96400,7807
96500,7808
965600,7809
966100,7810
966500,7811
967100,7812
969100,7813
969300,7814
969600,7815
970200,7816
970300,7817
970900,7818
971000,7819
971200,7820
971300,7821
971400,7822
972100,7823
972600,7824
973000,7825
973900,7826
97400,7827
974100,7828
974300,7829
975100,7830
976000,7831
976200,7832
976300,7833
977400,7834
978100,7835
978600,7836
978700,7837
98000,7838
980100,7839
980200,7840
981000,7841
981200,7842
981400,7843
981700,7844
982000,7845
982300,7846
982500,7847
983900,7848
984400,7849
984900,7850
98500,7851
985200,7852
985400,7853
987000,7854
987100,7855
987300,7856
98800,7857
988200,7858
988800,7859
989300,7860
989900,7861
991200,7862
991500,7863
992300,7864
993900,7865
994500,7866
994700,7867
995500,7868
995700,7869
996900,7870
997000,7871
997100,7872
997200,7873
997300,7874
998500,7875
998800,7876
999400,7877
999900,7878
100000,7879
1000300,7880
1000900,7881
1002000,7882
1002300,7883
1002400,7884
1002900,7885
1003700,7886
1004000,7887
1004100,7888
1004900,7889
1005300,7890
1006000,7891
1006200,7892
1006500,7893
1006700,7894
1007300,7895
1007800,7896
1008600,7897
1009100,7898
1009400,7899
1009600,7900
1009700,7901
1010200,7902
1010300,7903
1010600,7904
1012300,7905
1012600,7906
1012800,7907
1012900,7908
1013900,7909
1014000,7910
1014200,7911
1015100,7912
1015800,7913
101600,7914
1016200,7915
1016600,7916
1016800,7917
1016900,7918
1017200,7919
1017300,7920
1017500,7921
1017700,7922
101800,7923
102000,7924
102200,7925
102400,7926
102600,7927
10300,7928
103500,7929
104000,7930
104400,7931
104600,7932
105500,7933
105700,7934
105900,7935
106000,7936
106700,7937
106900,7938
107100,7939
107200,7940
107500,7941
107600,7942
107700,7943
10800,7944
108100,7945
108200,7946
108700,7947
108900,7948
109400,7949
109800,7950
11000,7951
111000,7952
111100,7953
111600,7954
112100,7955
112200,7956
112500,7957
113700,7958
114500,7959
114600,7960
114700,7961
114800,7962
115800,7963
116200,7964
116400,7965
11700,7966
117500,7967
118000,7968
118800,7969
1200,7970
120200,7971
120400,7972
120500,7973
121400,7974
121500,7975
122000,7976
122200,7977
122700,7978
123100,7979
123900,7980
124000,7981
124500,7982
125100,7983
125300,7984
126800,7985
127200,7986
128500,7987
128700,7988
131100,7989
131200,7990
132000,7991
132300,7992
132500,7993
132800,7994
13500,7995
135400,7996
135700,7997
135900,7998
137500,7999
139000,8000
139100,8001
139200,8002
140000,8003
140100,8004
140800,8005
140900,8006
142400,8007
142700,8008
142800,8009
143000,8010
143100,8011
143200,8012
143400,8013
144400,8014
144900,8015
146600,8016
146900,8017
147400,8018
147500,8019
147800,8020
148500,8021
148600,8022
148900,8023
149000,8024
149200,8025
149300,8026
150300,8027
150400,8028
150700,8029
150900,8030
15100,8031
151500,8032
151700,8033
152400,8034
153200,8035
153400,8036
153700,8037
154100,8038
154400,8039
156000,8040
156200,8041
156400,8042
156600,8043
15700,8044
157100,8045
159300,8046
159400,8047
16000,8048
160200,8049
160400,8050
16100,8051
161400,8052
161700,8053
16200,8054
162500,8055
163100,8056
163900,8057
164000,8058
16500,8059
165000,8060
165500,8061
165600,8062
165800,8063
166100,8064
166300,8065
166500,8066
166700,8067
167100,8068
167300,8069
167400,8070
167500,8071
168300,8072
168400,8073
168600,8074
169500,8075
1700,8076
17000,8077
170100,8078
171800,8079
171900,8080
172400,8081
17400,8082
174200,8083
174300,8084
174700,8085
174800,8086
17600,8087
176000,8088
176400,8089
176500,8090
176600,8091
176700,8092
177300,8093
177500,8094
177700,8095
178700,8096
179600,8097
179800,8098
18000,8099
180100,8100
180400,8101
180600,8102
180900,8103
181000,8104
181600,8105
181900,8106
182200,8107
183300,8108
183400,8109
183500,8110
183700,8111
184300,8112
184500,8113
184900,8114
185300,8115
185600,8116
185900,8117
186800,8118
187000,8119
188000,8120
188200,8121
188300,8122
188600,8123
188900,8124
189100,8125
189300,8126
189900,8127
1900,8128
190100,8129
190300,8130
190600,8131
19100,8132
191200,8133
191300,8134
191500,8135
191900,8136
192300,8137
192500,8138
192700,8139
192800,8140
193300,8141
193900,8142
194100,8143
195100,8144
195200,8145
195700,8146
196000,8147
196400,8148
196700,8149
19700,8150
197100,8151
198500,8152
199400,8153
201100,8154
201300,8155
202400,8156
202800,8157
202900,8158
20300,8159
203600,8160
20400,8161
204100,8162
204300,8163
204800,8164
20500,8165
205200,8166
205500,8167
206000,8168
206600,8169
206900,8170
207100,8171
207500,8172
208400,8173
208500,8174
208700,8175
208800,8176
21000,8177
210200,8178
210300,8179
212400,8180
21300,8181
213200,8182
215100,8183
215900,8184
216300,8185
216600,8186
217200,8187
217600,8188
217800,8189
218000,8190
218200,8191
218500,8192
218700,8193
218800,8194
218900,8195
219300,8196
219400,8197
219500,8198
219600,8199
221100,8200
221200,8201
221600,8202
221900,8203
22200,8204
222900,8205
223000,8206
223400,8207
223500,8208
224100,8209
224600,8210
224900,8211
226100,8212
226400,8213
226600,8214
226700,8215
227000,8216
227800,8217
228200,8218
228400,8219
229100,8220
229900,8221
2300,8222
23000,8223
230700,8224
231100,8225
231600,8226
232100,8227
232400,8228
233200,8229
233700,8230
233800,8231
233900,8232
234300,8233
234900,8234
235400,8235
236600,8236
236900,8237
23700,8238
238300,8239
238700,8240
239300,8241
24000,8242
240000,8243
241200,8244
24200,8245
242800,8246
243400,8247
244300,8248
244700,8249
245200,8250
246000,8251
246100,8252
246200,8253
246400,8254
246800,8255
247500,8256
247700,8257
248300,8258
248500,8259
248900,8260
249100,8261
249800,8262
250100,8263
250500,8264
250600,8265
251000,8266
251100,8267
251200,8268
251300,8269
252000,8270
252200,8271
252400,8272
253100,8273
254800,8274
255000,8275
255400,8276
256200,8277
256400,8278
256900,8279
257600,8280
258000,8281
258400,8282
258600,8283
259900,8284
2600,8285
260300,8286
260500,8287
260900,8288
26100,8289
261900,8290
262100,8291
262800,8292
26400,8293
264900,8294
26500,8295
265500,8296
265800,8297
266100,8298
267100,8299
268100,8300
268200,8301
268900,8302
269000,8303
269100,8304
270300,8305
271100,8306
271300,8307
272000,8308
272300,8309
272800,8310
273000,8311
274000,8312
274800,8313
275700,8314
276100,8315
276400,8316
277400,8317
27800,8318
278000,8319
278300,8320
27900,8321
279400,8322
279600,8323
279800,8324
280100,8325
280400,8326
28100,8327
281200,8328
282000,8329
282800,8330
283000,8331
283400,8332
284500,8333
285700,8334
285800,8335
285900,8336
286800,8337
28700,8338
287500,8339
287600,8340
287700,8341
288800,8342
288900,8343
289400,8344
290700,8345
291400,8346
292000,8347
293200,8348
293600,8349
293900,8350
294000,8351
294600,8352
294700,8353
295400,8354
295700,8355
296200,8356
296400,8357
29700,8358
29800,8359
298100,8360
298200,8361
298300,8362
299000,8363
299200,8364
30100,8365
302200,8366
302800,8367
302900,8368
303200,8369
303700,8370
304300,8371
30700,8372
307000,8373
307100,8374
307200,8375
308000,8376
308500,8377
308600,8378
310600,8379
311100,8380
312400,8381
313100,8382
313300,8383
314200,8384
314400,8385
314500,8386
314900,8387
315000,8388
315200,8389
315400,8390
315500,8391
315800,8392
315900,8393
316000,8394
317900,8395
31800,8396
318500,8397
318800,8398
319500,8399
321000,8400
322900,8401
323800,8402
323900,8403
324500,8404
325800,8405
326900,8406
327900,8407
328200,8408
328800,8409
329600,8410
330200,8411
331400,8412
332200,8413
332700,8414
332900,8415
333500,8416
33400,8417
335800,8418
335900,8419
336100,8420
336300,8421
336400,8422
336600,8423
337400,8424
338400,8425
338600,8426
338900,8427
339200,8428
339500,8429
340500,8430
340600,8431
342000,8432
34300,8433
343400,8434
343600,8435
343900,8436
344700,8437
344800,8438
345800,8439
346300,8440
347000,8441
348000,8442
348200,8443
349800,8444
350100,8445
35100,8446
351100,8447
351600,8448
352700,8449
353100,8450
353700,8451
354400,8452
355400,8453
355700,8454
356000,8455
356200,8456
357300,8457
357400,8458
357800,8459
357900,8460
358600,8461
359000,8462
359100,8463
359400,8464
359500,8465
360800,8466
36100,8467
361100,8468
362300,8469
362600,8470
363300,8471
36400,8472
364800,8473
365200,8474
365600,8475
366300,8476
36800,8477
368100,8478
368300,8479
368700,8480
368800,8481
368900,8482
369000,8483
369200,8484
369300,8485
369500,8486
369900,8487
370000,8488
370300,8489
370400,8490
371300,8491
371500,8492
372400,8493
372600,8494
373100,8495
373500,8496
375300,8497
375700,8498
376400,8499
376500,8500
377700,8501
37800,8502
378200,8503
378300,8504
37900,8505
379400,8506
379900,8507
380300,8508
381700,8509
382400,8510
382500,8511
383900,8512
384200,8513
385600,8514
386100,8515
387400,8516
388200,8517
39000,8518
390600,8519
39100,8520
391000,8521
392300,8522
393900,8523
396100,8524
396800,8525
397000,8526
397300,8527
398300,8528
398400,8529
398700,8530
399200,8531
399400,8532
400200,8533
401200,8534
402100,8535
402600,8536
403800,8537
404100,8538
404900,8539
405900,8540
406200,8541
40700,8542
407400,8543
407600,8544
407800,8545
408000,8546
408200,8547
408600,8548
409200,8549
409400,8550
409600,8551
4100,8552
411100,8553
411900,8554
412600,8555
41300,8556
413200,8557
413300,8558
413800,8559
414600,8560
414900,8561
415200,8562
415900,8563
417500,8564
418100,8565
418800,8566
418900,8567
419100,8568
420400,8569
420600,8570
420700,8571
421100,8572
421400,8573
421800,8574
422500,8575
423000,8576
423900,8577
42400,8578
424900,8579
425000,8580
425200,8581
425700,8582
426400,8583
426700,8584
426800,8585
42700,8586
427500,8587
428100,8588
428900,8589
430000,8590
430400,8591
431000,8592
431100,8593
432500,8594
43300,8595
433500,8596
433900,8597
435400,8598
435500,8599
435700,8600
436200,8601
437300,8602
43800,8603
438500,8604
438700,8605
439400,8606
439900,8607
44000,8608
44100,8609
441500,8610
44200,8611
442000,8612
442900,8613
443300,8614
444300,8615
445400,8616
447000,8617
447200,8618
447300,8619
448400,8620
448500,8621
449300,8622
449600,8623
449800,8624
4500,8625
450200,8626
450800,8627
451400,8628
451600,8629
45200,8630
452000,8631
45300,8632
455500,8633
455600,8634
455700,8635
456700,8636
457100,8637
458000,8638
459200,8639
459400,8640
459500,8641
4600,8642
46000,8643
460000,8644
460200,8645
460600,8646
462500,8647
463400,8648
463700,8649
463900,8650
464000,8651
464100,8652
464500,8653
464600,8654
464800,8655
465300,8656
465400,8657
465700,8658
466200,8659
46800,8660
468300,8661
468600,8662
468700,8663
469000,8664
469300,8665
470600,8666
471800,8667
472400,8668
473600,8669
474000,8670
474100,8671
474300,8672
474500,8673
474800,8674
475100,8675
475800,8676
47600,8677
476800,8678
476900,8679
477700,8680
477800,8681
47800,8682
478100,8683
478800,8684
479300,8685
4800,8686
48000,8687
480600,8688
480700,8689
482100,8690
483000,8691
483500,8692
484400,8693
484800,8694
484900,8695
485000,8696
485300,8697
485800,8698
486400,8699
487000,8700
487100,8701
487300,8702
487500,8703
489200,8704
489400,8705
489700,8706
490400,8707
490700,8708
491000,8709
491200,8710
491700,8711
492200,8712
492400,8713
49300,8714
493800,8715
494200,8716
494600,8717
495100,8718
496400,8719
496500,8720
496800,8721
497800,8722
49900,8723
499200,8724
499600,8725
500600,8726
501700,8727
50200,8728
502300,8729
502700,8730
503000,8731
503200,8732
504200,8733
504400,8734
504800,8735
50500,8736
505700,8737
50600,8738
506600,8739
506900,8740
507300,8741
507700,8742
508000,8743
508500,8744
51000,8745
510000,8746
511800,8747
512000,8748
512400,8749
512500,8750
51300,8751
51400,8752
514000,8753
514200,8754
514300,8755
514500,8756
515000,8757
51600,8758
51700,8759
517100,8760
517200,8761
517400,8762
517500,8763
517700,8764
51900,8765
519100,8766
520400,8767
520600,8768
520700,8769
520800,8770
52100,8771
523900,8772
524900,8773
525000,8774
525100,8775
525200,8776
525700,8777
52600,8778
526300,8779
526400,8780
527100,8781
527400,8782
527600,8783
528400,8784
529100,8785
529200,8786
529600,8787
530700,8788
530900,8789
53100,8790
531000,8791
532200,8792
532400,8793
533500,8794
533600,8795
534100,8796
534700,8797
535700,8798
537800,8799
538000,8800
538700,8801
538800,8802
540400,8803
540500,8804
540900,8805
541000,8806
541500,8807
541900,8808
542400,8809
543800,8810
54400,8811
544400,8812
546100,8813
54700,8814
547000,8815
547200,8816
547900,8817
548100,8818
548900,8819
549400,8820
549900,8821
550100,8822
550200,8823
550400,8824
550700,8825
551000,8826
552100,8827
552400,8828
552500,8829
552600,8830
553200,8831
553700,8832
554400,8833
554500,8834
554900,8835
555200,8836
555500,8837
555700,8838
556900,8839
557100,8840
557200,8841
557400,8842
55900,8843
559000,8844
560300,8845
560900,8846
56100,8847
561100,8848
561600,8849
561800,8850
562300,8851
563200,8852
563700,8853
564300,8854
56500,8855
565400,8856
565600,8857
565700,8858
565800,8859
56600,8860
566300,8861
566800,8862
567300,8863
567800,8864
568200,8865
569000,8866
569300,8867
569600,8868
570100,8869
570300,8870
570600,8871
571700,8872
572000,8873
57300,8874
573300,8875
573600,8876
574100,8877
574600,8878
574900,8879
577000,8880
577500,8881
578000,8882
579600,8883
579900,8884
580100,8885
580300,8886
580600,8887
58100,8888
581800,8889
582100,8890
582300,8891
582800,8892
582900,8893
583500,8894
58400,8895
584400,8896
584500,8897
584900,8898
585200,8899
585300,8900
585800,8901
585900,8902
586200,8903
586700,8904
586800,8905
587000,8906
588300,8907
588600,8908
58900,8909
589600,8910
589700,8911
589900,8912
590200,8913
590400,8914
591200,8915
591400,8916
592100,8917
593100,8918
593200,8919
593800,8920
594200,8921
59500,8922
597100,8923
597300,8924
59800,8925
598500,8926
598800,8927
599100,8928
599300,8929
600000,8930
60100,8931
603000,8932
603400,8933
603600,8934
603700,8935
603900,8936
60400,8937
604600,8938
60500,8939
606800,8940
607100,8941
608600,8942
608800,8943
609100,8944
609400,8945
609900,8946
610000,8947
61200,8948
612100,8949
612300,8950
612500,8951
612600,8952
613600,8953
61400,8954
614400,8955
614600,8956
614800,8957
615100,8958
615700,8959
616600,8960
618200,8961
618400,8962
61900,8963
619800,8964
619900,8965
620100,8966
620300,8967
621300,8968
62200,8969
622100,8970
622200,8971
622400,8972
623500,8973
624600,8974
624900,8975
62500,8976
625600,8977
625800,8978
626300,8979
626600,8980
626700,8981
626900,8982
627100,8983
627900,8984
628000,8985
628500,8986
628600,8987
628900,8988
62900,8989
629600,8990
629900,8991
630100,8992
630200,8993
630300,8994
631100,8995
631500,8996
632700,8997
633000,8998
633300,8999
633500,9000
633700,9001
63400,9002
634200,9003
634400,9004
634600,9005
635700,9006
636100,9007
636800,9008
637100,9009
638000,9010
639400,9011
64000,9012
640200,9013
640500,9014
642000,9015
642300,9016
642600,9017
643300,9018
644800,9019
645400,9020
645700,9021
64600,9022
646300,9023
646600,9024
647500,9025
648300,9026
648600,9027
649200,9028
649500,9029
649800,9030
650100,9031
650200,9032
651200,9033
651300,9034
65200,9035
65300,9036
653500,9037
653800,9038
654000,9039
654700,9040
655300,9041
656000,9042
65700,9043
657200,9044
657800,9045
65800,9046
658000,9047
658500,9048
658800,9049
659300,9050
659400,9051
660000,9052
660200,9053
660700,9054
661500,9055
661800,9056
663600,9057
663700,9058
664200,9059
664500,9060
664600,9061
664700,9062
665000,9063
665100,9064
665500,9065
665700,9066
665900,9067
66600,9068
667000,9069
668000,9070
668900,9071
669000,9072
669100,9073
669900,9074
67000,9075
670200,9076
670300,9077
670600,9078
671100,9079
671900,9080
672500,9081
673500,9082
673900,9083
67400,9084
674400,9085
675000,9086
675500,9087
676000,9088
676200,9089
676900,9090
677200,9091
678100,9092
678900,9093
679100,9094
679700,9095
680200,9096
680700,9097
681100,9098
681400,9099
681900,9100
68200,9101
682400,9102
683800,9103
684000,9104
684400,9105
684700,9106
684800,9107
685100,9108
685700,9109
686200,9110
686400,9111
686500,9112
686900,9113
687100,9114
689300,9115
689400,9116
689800,9117
6900,9118
690000,9119
690200,9120
690600,9121
692000,9122
692100,9123
692200,9124
693100,9125
693200,9126
693500,9127
693800,9128
694600,9129
696000,9130
697900,9131
69800,9132
698200,9133
698300,9134
699900,9135
700000,9136
701100,9137
701900,9138
702100,9139
702200,9140
702300,9141
702900,9142
703000,9143
703900,9144
704100,9145
704300,9146
704800,9147
705000,9148
705300,9149
705400,9150
706100,9151
706300,9152
707300,9153
707400,9154
707800,9155
708100,9156
708600,9157
709600,9158
709800,9159
7100,9160
710300,9161
710500,9162
711000,9163
712700,9164
712900,9165
71300,9166
713600,9167
713700,9168
71400,9169
714000,9170
714900,9171
716200,9172
717400,9173
718100,9174
718300,9175
719500,9176
720600,9177
720900,9178
721300,9179
722300,9180
722700,9181
723200,9182
724000,9183
724200,9184
724800,9185
725200,9186
725700,9187
725900,9188
72600,9189
726000,9190
727500,9191
727600,9192
727800,9193
727900,9194
728200,9195
728900,9196
72900,9197
729900,9198
7300,9199
730500,9200
730800,9201
730900,9202
731600,9203
73200,9204
732000,9205
732200,9206
732700,9207
732800,9208
733000,9209
733300,9210
733700,9211
733900,9212
73400,9213
734100,9214
734400,9215
73500,9216
735100,9217
736100,9218
737200,9219
737500,9220
737700,9221
737800,9222
737900,9223
738700,9224
73900,9225
739100,9226
740300,9227
741100,9228
741200,9229
741300,9230
741700,9231
742000,9232
742100,9233
742400,9234
742500,9235
742600,9236
742900,9237
743300,9238
743400,9239
743700,9240
744300,9241
744700,9242
74500,9243
745500,9244
747600,9245
747900,9246
748400,9247
748600,9248
748800,9249
749000,9250
749100,9251
749800,9252
75000,9253
750500,9254
750700,9255
751400,9256
751500,9257
751700,9258
751800,9259
751900,9260
752300,9261
752400,9262
753500,9263
753800,9264
755300,9265
755500,9266
755900,9267
75600,9268
756100,9269
756400,9270
757500,9271
758000,9272
758100,9273
758200,9274
758300,9275
758700,9276
759100,9277
759200,9278
7600,9279
760200,9280
760500,9281
760600,9282
762700,9283
762800,9284
763000,9285
763400,9286
763500,9287
764000,9288
764600,9289
764900,9290
76600,9291
767200,9292
767300,9293
767600,9294
767800,9295
767900,9296
768500,9297
76900,9298
769300,9299
769400,9300
770200,9301
770500,9302
770900,9303
771200,9304
771400,9305
772000,9306
772200,9307
772600,9308
773400,9309
773600,9310
774400,9311
77500,9312
775600,9313
776400,9314
777600,9315
777900,9316
778100,9317
778500,9318
778700,9319
778800,9320
779600,9321
78000,9322
780200,9323
781300,9324
782600,9325
783000,9326
783300,9327
783600,9328
784400,9329
784900,9330
785100,9331
785600,9332
78600,9333
786000,9334
786100,9335
786700,9336
78700,9337
787000,9338
787200,9339
787300,9340
787400,9341
787700,9342
788600,9343
789100,9344
789300,9345
790600,9346
791300,9347
792100,9348
793300,9349
794100,9350
794600,9351
795100,9352
795900,9353
796300,9354
796900,9355
797000,9356
797200,9357
797800,9358
79800,9359
798100,9360
799200,9361
799300,9362
799400,9363
799800,9364
800200,9365
800700,9366
801700,9367
803700,9368
803900,9369
804300,9370
804800,9371
805400,9372
805600,9373
805700,9374
805900,9375
80600,9376
806200,9377
806400,9378
806600,9379
806700,9380
807100,9381
807900,9382
808000,9383
808100,9384
808200,9385
808500,9386
808600,9387
80900,9388
809200,9389
809300,9390
809400,9391
809500,9392
809700,9393
809800,9394
81000,9395
810000,9396
81100,9397
81200,9398
812000,9399
812100,9400
812200,9401
812600,9402
812800,9403
813000,9404
813100,9405
81400,9406
814300,9407
814400,9408
815400,9409
815600,9410
815700,9411
816800,9412
817100,9413
817900,9414
81800,9415
818000,9416
819200,9417
8200,9418
820800,9419
821000,9420
822600,9421
822900,9422
82300,9423
823600,9424
823800,9425
824700,9426
825600,9427
826100,9428
826600,9429
827400,9430
827600,9431
827900,9432
828100,9433
830700,9434
830900,9435
831400,9436
831500,9437
831600,9438
832200,9439
834000,9440
834200,9441
834300,9442
834500,9443
834600,9444
83500,9445
835400,9446
835600,9447
835700,9448
836900,9449
837200,9450
837600,9451
838100,9452
838300,9453
839200,9454
839400,9455
839700,9456
840400,9457
842200,9458
843800,9459
843900,9460
844400,9461
844500,9462
844600,9463
84500,9464
846500,9465
846600,9466
846900,9467
847700,9468
848000,9469
848100,9470
848500,9471
849200,9472
849500,9473
850700,9474
851600,9475
852600,9476
853000,9477
853100,9478
853300,9479
853700,9480
854000,9481
854300,9482
854400,9483
854800,9484
855900,9485
857100,9486
857200,9487
857900,9488
858600,9489
858700,9490
859000,9491
86000,9492
860100,9493
860600,9494
86100,9495
861200,9496
862100,9497
862500,9498
863200,9499
863900,9500
864200,9501
865100,9502
865600,9503
865700,9504
865800,9505
866100,9506
866500,9507
867600,9508
868400,9509
868500,9510
869600,9511
87000,9512
870100,9513
870500,9514
871300,9515
871400,9516
871500,9517
872000,9518
872100,9519
873200,9520
873500,9521
873600,9522
87400,9523
874200,9524
874300,9525
874400,9526
874500,9527
877300,9528
877500,9529
877600,9530
878200,9531
878700,9532
879000,9533
88000,9534
880300,9535
881900,9536
88300,9537
883700,9538
885800,9539
886300,9540
886400,9541
886900,9542
887000,9543
887500,9544
888200,9545
888400,9546
888500,9547
888700,9548
888900,9549
889100,9550
889500,9551
891100,9552
891200,9553
891400,9554
892600,9555
892700,9556
89300,9557
893000,9558
893500,9559
893800,9560
894200,9561
895600,9562
89600,9563
89700,9564
897000,9565
897300,9566
897400,9567
897700,9568
897800,9569
897900,9570
898100,9571
898300,9572
898800,9573
89900,9574
899800,9575
899900,9576
90000,9577
901800,9578
902500,9579
90300,9580
903000,9581
903500,9582
903700,9583
904000,9584
904200,9585
904400,9586
904500,9587
904800,9588
904900,9589
905500,9590
905800,9591
906300,9592
90700,9593
907200,9594
907500,9595
909400,9596
9100,9597
910000,9598
910100,9599
910700,9600
911000,9601
911100,9602
911400,9603
911900,9604
912100,9605
913200,9606
913300,9607
91400,9608
915700,9609
915900,9610
916700,9611
916800,9612
917100,9613
917300,9614
918200,9615
918400,9616
91900,9617
919400,9618
919700,9619
919900,9620
920400,9621
920600,9622
923000,9623
924300,9624
924400,9625
924800,9626
925100,9627
925200,9628
926800,9629
926900,9630
927200,9631
927400,9632
927600,9633
927700,9634
928600,9635
929600,9636
931500,9637
931600,9638
931800,9639
93200,9640
932700,9641
93300,9642
933400,9643
933700,9644
934200,9645
934300,9646
934400,9647
934900,9648
935100,9649
935200,9650
93600,9651
936700,9652
936800,9653
937100,9654
937200,9655
937500,9656
937800,9657
938800,9658
939100,9659
94000,9660
940800,9661
941200,9662
941400,9663
941600,9664
941800,9665
942400,9666
943900,9667
94400,9668
944800,9669
945300,9670
945500,9671
946300,9672
947100,9673
947600,9674
948000,9675
948300,9676
948800,9677
949600,9678
949700,9679
950100,9680
950300,9681
951400,9682
951700,9683
952300,9684
952600,9685
952700,9686
95300,9687
953100,9688
953700,9689
954300,9690
954800,9691
954900,9692
955400,9693
955500,9694
956200,9695
956500,9696
957500,9697
958400,9698
959800,9699
9600,9700
960200,9701
960300,9702
960400,9703
961000,9704
961800,9705
962800,9706
962900,9707
963200,9708
963900,9709
964200,9710
964300,9711
965300,9712
965400,9713
965900,9714
966200,9715
966900,9716
967000,9717
967800,9718
967900,9719
968000,9720
968200,9721
969200,9722
970000,9723
970600,9724
971100,9725
97200,9726
972200,9727
972800,9728
973300,9729
973400,9730
97500,9731
975500,9732
975800,9733
976600,9734
976800,9735
97700,9736
977700,9737
978300,9738
978500,9739
979600,9740
979900,9741
981600,9742
981800,9743
98200,9744
982100,9745
982600,9746
982800,9747
982900,9748
983000,9749
983100,9750
983300,9751
984000,9752
984700,9753
985100,9754
985300,9755
985500,9756
985900,9757
986000,9758
986300,9759
986600,9760
98700,9761
98900,9762
989000,9763
989800,9764
990200,9765
990400,9766
990600,9767
990800,9768
99100,9769
99200,9770
992000,9771
992100,9772
99300,9773
993400,9774
993600,9775
99400,9776
994100,9777
994400,9778
994600,9779
994800,9780
996500,9781
996600,9782
997700,9783
997800,9784
99800,9785
998100,9786
998200,9787
998700,9788
99900,9789
999800,9790
