tree
version=v4
num_class=1
num_tree_per_iteration=1
label_index=0
max_feature_idx=14
objective=lambdarank
feature_names=from_itemcf from_two_tower from_popularity itemcf_rank two_tower_rank popularity_rank itemcf_score two_tower_score popularity_score recall_source_count rrf_score is_itemcf_top10 is_itemcf_top50 is_tt_top20 is_tt_top50
feature_infos=[0:1] [0:1] [0:1] [1:999] [1:999] [1:999] [0:47.991561889648438] [0:0.82711458206176758] [0:231] [1:3] [0.0038461538497358561:0.037905171513557434] [0:1] [0:1] [0:1] [0:1]
tree_sizes=1968 3427 3418 3429 3426 3435 3409 3419 3403 3430 3424 3454 3419 3411 3442 3408 3425 3414 3442 3427 3410 3406 3423 3411 3409 3413 3419 3413 3439 3418 3415 3436 3421 3420 3430 3450 3500 3450 3472 3439 3445 3425 3421 3466 3430 3444 3471 3426 3400 3451 3423 3439 3457 3444 3460 3440 3447 3419 3465 3451 3430 3436 3464 3467 3448 3498 3475 3450 3459 3461 3448 3484 3508 3490 3485 3474 3408 3407 3421 3415 3467 3443 3543 3531 3516 3499 3470 3442 3456 3422 3530 3440 3436 3405 3418 3440 3429 3467 3452 3476 3442 3503 3457 3495 3449 3475 3441 3428 3544 3446 3496 3534 3525 3412 3476 3473 3481 3505 3485 3493 3537 3530 3519 3423 3458 3441 3483 3514 3482 3474 3486 3480 3505 3463 3466 3492 3464 3427 3515 3524 3538 3458 3473 3464 3532 3543 3446 3436 3392 3407 3405 3598 3469 3416 3422 3426 3429 3430 3427 3427 3426 3446 3424 3573 3440 3409 3424 3407 3432 3445 3417 3462 3447 3445 3419 3444 3426 3451 3519 3477 3433 3555 3515 3441 3446 3498 3539 3549 3451 3413 3433 3513 3515 3449 3525 3556 3521 3495 3534 3483

Tree=0
num_leaves=17
num_cat=0
split_feature=6 3 10 3 10 6 3 3 6 5 8 6 6 10 6 6
split_gain=2507.72 79.9884 16.8842 7.7789 2.99138 3.60506 1.66343 1.52077 0.691887 0.665564 3.86471 0.656934 0.44707 0.435594 0.258923 2.76423
threshold=2.2950463294982915 16.500000000000004 0.024474314413964752 51.500000000000007 0.013423423748463394 2.6708065271377568 9.5000000000000018 15.500000000000002 24.167681694030765 7.5000000000000009 165.50000000000003 26.139769554138187 24.571588516235355 0.027810357511043552 30.485410690307621 31.277459144592289
decision_type=2 2 2 2 2 2 2 2 2 2 2 2 2 2 2 2
left_child=1 6 9 4 5 -2 -1 -8 -6 10 -3 12 -10 -4 -7 -16
right_child=3 2 13 -5 8 14 7 -9 11 -11 -12 -13 -14 -15 15 -17
leaf_value=0.078683135123991096 -0.027846794768565854 0.02357515836507024 0.043400803878807084 -0.042331221131861337 0.090819987923212622 0.077468358411776655 -0.032038676134349124 0.037087429734945797 0.025208574126573249 -0.093456623472687655 -0.071183471496708367 0.077905570585566908 -0.017026130467607713 -0.0091774638172715719 -0.022069405650667204 0.067028394153340151
leaf_weight=5.8957654293626538 0.3859398162458082 0.97928233072161619 1.8477560080355022 0.73404053220292453 120.54605248673761 195.17877544452858 0.47142513288417809 0.78169680252904072 0.45901992870494623 401.12363467283285 2.470230634775362 85.91790427207161 0.20519870368298143 0.10104831028729666 0.44401684535114228 62.051347260276088
leaf_count=162 100 394 391 278 2804 9380 295 77 38 163350 3246 4609 113 152 119 3367
internal_value=-2.57564e-10 -0.0894842 -0.0924318 0.0794703 0.0797529 0.0747063 0.0689071 0.00840436 0.0856514 -0.0931558 -0.0450299 0.0775004 0.00977032 0.0384868 0.0749669 0.0660578
internal_weight=879.593 413.671 406.522 465.922 465.188 258.06 7.14889 1.25312 207.128 404.573 3.44951 86.5821 0.664219 1.9488 257.674 62.4954
internal_count=188875 168067 167533 20808 20530 12966 534 372 7564 166990 3640 4760 151 543 12866 3486
is_linear=0
shrinkage=0.05


Tree=1
num_leaves=31
num_cat=0
split_feature=3 10 6 6 3 3 6 6 10 10 6 10 6 6 6 3 6 3 6 3 6 6 5 10 6 6 3 6 6 6
split_gain=1996.02 185.114 186.915 153.232 43.8924 31.6952 34.664 38.4327 37.9867 30.6698 32.8774 18.6286 15.9787 20.9973 15.3795 15.1527 28.5844 14.519 19.9693 16.4338 14.4056 16.3373 14.2182 16.4086 12.2892 16.6372 11.3351 10.9593 18.8263 11.7644
threshold=50.500000000000007 0.013423423748463394 23.119680404663089 2.6708065271377568 3.5000000000000004 41.500000000000007 10.794119834899904 0.70710679888725292 0.013923869002610447 0.015651676803827289 39.577598571777351 0.024474314413964752 44.676586151123054 40.450315475463874 40.578989028930671 12.500000000000002 41.409038543701179 13.500000000000002 28.222184181213382 8.5000000000000018 29.424094200134281 33.850103378295906 40.500000000000007 0.023384617641568187 40.993413925170906 42.525291442871101 16.500000000000004 44.293878555297859 40.912498474121101 35.798055648803718
decision_type=2 2 2 2 2 2 2 2 2 2 2 2 2 2 2 2 2 2 2 2 2 2 2 2 2 2 2 2 2 2
left_child=1 3 4 26 -3 6 7 -6 -8 10 17 -2 13 -12 -15 16 -16 18 19 -4 -19 -22 23 -7 -17 -26 -1 28 29 -11
right_child=11 2 9 -5 5 22 8 -9 -10 27 12 -13 -14 14 15 24 -18 20 -20 -21 21 -23 -24 -25 25 -27 -28 -29 -30 -31
leaf_value=0.025051296376308426 -0.083728029833130213 0.056790314255500199 -0.018105470311195328 0.045686511990132815 -0.083273676671459559 0.016778587471276373 -0.038059608037677856 0.0453182234221641 0.021397617456316839 -0.0020794987884272024 -0.081871109460119718 0.0017498023790942887 -0.092350395617665643 0.03003299083838596 -0.094890830412672905 0.038831504001932492 -0.016144009090337603 0.054162816134674746 -0.0072166484406490294 -0.092535061094711379 -0.055649658150068962 0.020095321727426684 -0.087517351873893104 -0.082351856527710265 -0.086121167677517485 0.0092281617756257411 -0.067642117712275504 0.058226639410818126 -0.081975687635968936 0.033246650150384978
leaf_weight=3.1494561868021256 558.82652119256818 126.5717057811562 18.653629318112511 818.42611370138184 5.1005295056384048 16.868060630280532 30.947164308512583 193.15100266144145 169.4500687464606 54.39220729819499 16.493344436632469 6.4064284737687549 11.491140974452717 11.737889076117424 17.873563592322171 10.989356495440008 30.937023450620472 16.369377580122091 258.75352602964267 12.04796479817014 9.0842468142509443 23.218760197050869 6.3952277069911352 4.454418297391384 6.1651634862646487 12.193417700007556 32.531927049290971 11.318718438036738 4.5047576129436484 40.439713128376752
leaf_count=146 160940 579 220 12860 261 64 296 808 961 596 186 530 152 65 217 28 311 51 2087 205 72 110 48 44 46 40 6420 58 135 339
internal_value=1.06501e-09 0.0237302 0.0103406 0.0412492 0.0309965 0.0232243 0.0268283 0.0416085 0.0120723 -0.00983403 -0.0155599 -0.0827578 -0.0381851 -0.0315293 -0.0214939 -0.0295139 -0.0463058 -0.00758272 -0.0118358 -0.0493108 0.0174397 -0.00223707 -0.0277387 -0.00669194 -0.000980512 -0.0255867 -0.0590005 0.01369 0.00808565 0.0131746
internal_weight=2538.94 1973.71 1119.6 854.107 552.938 426.366 398.649 198.252 200.397 566.664 456.008 565.233 117.881 106.39 89.8964 78.1585 48.8106 338.128 289.455 30.7016 48.6724 32.303 27.7177 21.3225 29.3479 18.3586 35.6814 110.655 99.3367 94.8319
internal_count=188875 27405 7979 19426 3061 2482 2326 1069 1257 4918 3790 161470 1045 893 707 642 528 2745 2512 425 233 182 156 108 114 86 6566 1128 1070 935
is_linear=0
shrinkage=0.05


Tree=2
num_leaves=31
num_cat=0
split_feature=3 10 6 6 3 6 3 6 10 6 6 10 6 6 6 6 3 6 3 6 6 6 3 6 6 6 3 6 10 6
split_gain=1696.59 266.819 70.1104 55.5131 45.816 35.7434 49.2085 20.1045 19.7947 19.207 18.1718 18.7614 33.7689 17.5054 17.4422 16.2628 11.8795 11.0592 10.0723 12.3639 12.3679 11.0563 16.8018 20.5718 13.4708 9.41404 8.99182 8.44896 12.108 8.41098
threshold=50.500000000000007 0.013423423748463394 2.6708065271377568 32.034280776977546 3.5000000000000004 13.522763252258303 44.500000000000007 5.824183702468873 0.024474314413964752 40.993413925170906 22.442245483398441 0.016159754246473316 18.586188316345218 13.250360488891603 0.70710679888725292 40.912498474121101 45.500000000000007 9.6654934883117694 29.500000000000004 29.726751327514652 29.190890312194828 27.79000282287598 18.500000000000004 16.651162147521976 26.817957878112797 11.309598922729494 16.500000000000004 14.846392631530763 0.012539633549749853 42.525291442871101
decision_type=2 2 2 2 2 2 2 2 2 2 2 2 2 2 2 2 2 2 2 2 2 2 2 2 2 2 2 2 2 2
left_child=1 2 26 5 7 6 -4 -3 -2 -5 11 12 25 -8 -6 -12 18 -13 21 20 -20 22 23 -7 27 -9 -1 28 -24 -11
right_child=8 4 3 9 14 16 13 10 -10 29 15 17 -14 -15 -16 -17 -18 -19 19 -21 -22 -23 24 -25 -26 -27 -28 -29 -30 -31
leaf_value=0.015839989600036575 -0.079917573788830215 0.058282042534698278 0.02721607360151487 0.046660712030917345 -0.06542817724612171 0.01592740500337652 -0.025807730670814419 -0.01534407936087253 0.007938406542498019 -0.02174251402691155 0.056011660159624201 0.065288459771131291 -0.091161852063684143 0.057138951539231202 0.057107511683375647 -0.012107664034195048 0.018866868053214764 0.012588967563948051 -0.011319028306354914 -0.06610636822566221 0.0326288576152826 0.030636523563090257 -0.083449222780876464 -0.07344806480390749 -0.079244673777940755 0.021436468139618386 -0.066338270490297988 0.0091604374639166954 0.03173444579070718 0.021776205843112493
leaf_weight=3.3018039507442145 523.44306661665178 44.671879667555913 283.21196075790795 121.68282145561534 2.1368387871771111 10.180528220720591 68.039221779385116 27.193678034469485 6.3160919152724082 12.772666727425529 47.062103217584081 17.95131117105484 8.8445979878306371 6.0650057697203001 456.91517748024489 10.328258841997011 58.79482703586109 22.245842252857983 274.84458647749852 8.7599821179173869 16.040087265428156 30.664578091236763 4.9006984198931596 15.204471180331891 3.6914707841351619 44.712084393948317 33.686956741934409 164.67241663928144 3.0297568847890943 59.035042590461671
leaf_count=146 160940 90 2556 2033 261 99 876 95 530 411 895 30 75 29 6071 186 432 130 2887 197 90 291 122 330 70 146 6420 1614 17 806
internal_value=-1.12109e-09 0.0224824 0.00806428 0.0102796 0.0473481 0.00528189 0.0177415 0.0285547 -0.0788571 0.0346153 0.0208248 0.00967458 -0.00428319 -0.0183486 0.0563961 0.0437552 -0.00227116 0.0371371 -0.00463833 -0.010682 -0.00879215 0.00316834 -0.00113864 -0.0383593 0.00440697 0.00750695 -0.0587788 0.0066422 -0.0408184 0.0138431
internal_weight=2390.4 1860.64 1178.58 1141.59 682.062 948.1 357.316 223.01 529.759 193.491 178.338 120.948 80.7504 74.1042 459.052 57.3904 590.783 40.1972 531.989 299.645 290.885 232.344 201.679 25.385 176.294 71.9058 36.9888 172.603 7.93046 71.8077
internal_count=188875 27405 19426 12860 7979 9610 3461 1647 161470 3250 1557 476 316 905 6332 1081 6149 160 5717 3174 2977 2543 2252 429 1823 241 6566 1753 139 1217
is_linear=0
shrinkage=0.05


Tree=3
num_leaves=31
num_cat=0
split_feature=3 6 6 3 6 3 10 10 6 3 6 3 6 3 6 3 6 10 5 3 6 6 6 10 6 6 10 3 3 6
split_gain=1521.74 64.2429 47.3407 29.4975 37.0714 24.5251 34.2304 14.4867 12.3819 23.888 19.8739 13.3261 12.0516 23.1305 33.0895 13.6458 12.3308 11.6602 21.4232 20.9271 9.33494 8.77394 25.3004 27.0516 8.10963 9.75544 9.05296 7.96654 11.4011 10.8232
threshold=50.500000000000007 1.1545104384422304 30.485410690307621 3.5000000000000004 1.9933357834815981 3.5000000000000004 0.013423423748463394 0.024474314413964752 35.244302749633796 22.500000000000004 33.850103378295906 18.500000000000004 6.8531162738800058 11.500000000000002 7.7992205619812021 32.500000000000007 7.251589536666871 0.022421040572226051 37.500000000000007 40.500000000000007 34.912736892700202 4.6214363574981698 4.1475377082824716 0.015418956056237222 39.577598571777351 32.622304916381843 0.013923869002610447 23.500000000000004 29.500000000000004 40.033845901489265
decision_type=2 2 2 2 2 2 2 2 2 2 2 2 2 2 2 2 2 2 2 2 2 2 2 2 2 2 2 2 2 2
left_child=1 -1 3 -3 -5 20 8 -2 9 10 11 -7 15 14 -14 21 -15 18 -17 -20 -4 22 23 -6 25 26 -8 -10 -29 -30
right_child=7 2 5 4 12 6 24 -9 27 -11 -12 -13 13 16 -16 17 -18 -19 19 -21 -22 -23 -24 -25 -26 -27 -28 28 29 -31
leaf_value=-0.042829009261557097 -0.076331616781412162 0.050129860293956496 0.020905005168077338 -0.082058837309308519 0.049968675578125746 0.00029042624810458705 0.04340654687372527 -0.0034537332250601407 0.017073195558830974 0.022746871703474631 -0.092786213399948345 -0.08345002523097772 -0.088284542766067564 -0.043664500911345078 0.013368553079755756 -0.086297031336431282 0.028760260440338234 0.050087206454002289 -0.061616877754208578 0.040051664689448159 -0.023068607896397347 0.051904744988963636 -0.080534403605740476 -0.079024492922827719 0.016231654357913398 0.045185865399090357 -0.020923783609393252 -0.021818431658668383 0.064108384406540223 0.0016301037417760936
leaf_weight=37.209276392168249 513.57365139331523 135.22155294253025 13.916044040583072 7.0323049192666067 38.181954313709866 24.541694598970938 8.5810109737794864 7.0089214921463272 127.76636526361108 24.741721500118729 11.091661483049391 4.8892898126505306 7.3175432519055894 5.081187736010178 219.04026821732987 5.4560842690989402 689.26848449170939 13.005655200220643 5.7610791049664867 19.488572498201393 65.611769544892013 110.21332535520196 4.1658956864848724 3.6360776973888269 61.655389402294531 101.11015780642629 11.802403842913916 39.294024416594766 8.0250876883510482 30.121935966191813
leaf_count=5565 160940 817 250 1256 250 193 116 530 1542 242 177 83 60 126 1740 48 9094 67 169 349 564 482 76 36 1055 1481 318 757 44 448
internal_value=-6.45026e-10 0.0214291 0.0227835 0.0280567 0.0253678 0.0102636 0.0147532 -0.0753589 0.00341906 -0.0153995 -0.0386773 -0.0159063 0.0261145 0.0236453 0.00970853 0.0373122 0.0281682 0.0122646 -0.00482992 0.0153909 -0.0152099 0.0441991 0.0250186 0.0371691 0.0313819 0.038875 0.00692143 0.00944979 -0.00318502 0.0160757
internal_weight=2353.81 1833.23 1796.02 1262.87 1127.65 533.149 453.621 520.583 270.472 65.2644 40.5226 29.431 1120.62 920.707 226.358 199.909 694.35 43.7114 30.7057 25.2497 79.5278 156.197 45.9839 41.818 183.149 121.494 20.3834 205.207 77.441 38.147
internal_count=188875 27405 21840 14570 13753 7270 6456 161470 3486 695 453 276 12497 11020 1800 1477 9220 633 566 518 814 844 362 286 2970 1915 434 2791 1249 492
is_linear=0
shrinkage=0.05


Tree=4
num_leaves=31
num_cat=0
split_feature=3 6 10 6 6 6 6 3 10 10 6 6 3 3 3 6 6 3 6 6 6 6 6 6 4 3 6 6 6 6
split_gain=1361.97 62.4697 30.9009 51.4344 27.4931 18.9699 21.5227 16.1444 12.1076 12.0301 16.3295 10.9566 9.00633 8.92655 8.15844 20.5635 23.739 14.8838 9.41546 7.51 7.59519 10.8101 7.50358 18.069 7.48378 7.37243 11.1689 19.4455 8.2154 7.23636
threshold=50.500000000000007 1.1545104384422304 0.014185110572725536 13.522763252258303 2.2950463294982915 34.19945144653321 39.577598571777351 5.5000000000000009 0.024474314413964752 0.014965224079787733 16.865219116210941 42.525291442871101 11.500000000000002 16.500000000000004 38.500000000000007 11.589940547943117 10.794119834899904 40.500000000000007 32.305309295654304 34.620792388916023 36.494224548339851 38.06505203247071 38.594190597534187 36.494224548339851 42.500000000000007 42.500000000000007 9.1301374435424822 6.1512548923492441 8.8021216392517108 12.204383850097658
decision_type=2 2 2 2 2 2 2 2 2 2 2 2 2 2 2 2 2 2 2 2 2 2 2 2 2 2 2 2 2 2
left_child=1 13 4 -4 -3 14 19 -5 -2 11 -11 22 -8 -1 -6 16 17 -16 29 -7 -21 -22 23 -9 -10 28 27 -27 -19 -17
right_child=8 2 3 7 5 6 12 9 24 10 -12 -13 -14 -15 15 18 -18 25 -20 20 21 -23 -24 -25 -26 26 -28 -29 -30 -31
leaf_value=0.00029174586943269348 -0.073363047717165591 -0.078836409686525846 0.048140095444676588 0.0072089133933782544 0.023902588220038882 -0.075394124820914302 -0.066426226289148779 0.019151378871337485 -0.038954187315970071 -0.068875337179002155 0.049836559413255932 -0.06977293810667165 0.020972229618087139 -0.056487463634883023 -0.080939525170347346 0.053846810579852737 -0.089014176062447783 0.050856328311166404 -0.067213730743158714 0.0079033343339483583 -0.042193724366894537 -0.0028763761297970797 0.044592110332065511 -0.079707755075834996 0.056446901264109874 0.018822434070679531 0.023288252559722489 -0.07220354354178718 -0.017755263509622889 0.019975663202714076
leaf_weight=9.0493125888460764 499.55244507012685 6.5071520632773163 248.15201582899317 169.58781707799062 642.12459941313136 3.066509641474112 2.0598467945819712 87.844383024144918 4.9398809242848074 2.1826979080215088 66.452140940411482 2.4561614387202999 142.61655423062621 28.308055631117895 4.1318328704219303 17.039749608840793 7.2924220631830385 14.333605096908288 1.9694836549460877 54.590551480883732 25.594111011829227 51.499220512341708 25.649157633481082 3.89828514214605 2.1535726983565828 10.81504262489034 18.464093298010994 11.025261031580156 5.5078800432384005 162.43082413845696
leaf_count=448 160940 1259 1099 2263 7868 89 95 1136 524 49 494 136 2127 5117 119 93 160 79 22 510 355 579 330 148 6 189 245 396 60 1940
internal_value=-3.64918e-10 0.0201438 0.0214887 0.0306718 0.0167532 0.0173494 0.00594934 0.0184654 -0.0724431 0.0285019 0.0451265 0.0186868 0.0192804 -0.0430844 0.0208974 0.0132065 -0.00939565 0.000862465 0.0221247 -0.00840036 -0.00628382 -0.0163024 0.0211113 0.0141365 -0.00659469 0.00771381 -0.00466279 -0.028278 0.0318721 0.0234721
internal_weight=2331.29 1824.65 1787.29 606.223 1181.07 1174.56 279.427 358.071 506.646 188.483 68.6348 119.848 144.676 37.3574 895.135 253.01 71.5701 64.2777 181.44 134.75 131.684 77.0933 117.392 91.7427 7.09345 60.1459 40.3044 21.8403 19.8415 179.471
internal_count=188875 27405 21840 5655 16185 14926 3755 4556 161470 2293 543 1750 2222 5565 11171 3303 1248 1088 2055 1533 1444 934 1614 1284 530 969 830 585 139 2033
is_linear=0
shrinkage=0.05


Tree=5
num_leaves=31
num_cat=0
split_feature=3 10 3 10 10 10 4 7 4 4 3 3 3 3 3 3 3 3 3 3 3 3 3 3 3 3 3 7 3 10
split_gain=1213.95 26.637 10.8796 10.869 6.60139 6.52635 17.2363 6.89816 6.24535 3.08328 2.94704 6.54606 4.29062 2.74657 11.0506 4.36734 3.87124 5.19524 3.17591 2.35655 7.96051 2.19347 1.99014 2.64018 2.47334 2.73214 1.88547 1.4665 1.44152 1.17327
threshold=50.500000000000007 0.015881994739174846 18.500000000000004 0.024474314413964752 0.012539633549749853 0.021353199146687988 73.500000000000014 0.45982684195041662 42.500000000000007 2.5000000000000004 7.5000000000000009 9.5000000000000018 4.5000000000000009 27.500000000000004 29.500000000000004 21.500000000000004 32.500000000000007 35.500000000000007 45.500000000000007 23.500000000000004 24.500000000000004 20.500000000000004 42.500000000000007 36.500000000000007 37.500000000000007 41.500000000000007 33.500000000000007 0.63366886973381054 41.500000000000007 0.019371015019714836
decision_type=2 2 2 2 2 2 2 2 2 2 2 2 2 2 2 2 2 2 2 2 2 2 2 2 2 2 2 2 2 2
left_child=1 2 10 -2 13 6 -3 29 9 27 12 -12 -1 15 -15 21 -16 26 22 -17 -21 -4 23 -19 -25 -26 -18 -5 -7 -8
right_child=3 5 4 8 -6 28 7 -9 -10 -11 11 -13 -14 14 16 19 17 18 -20 20 -22 -23 -24 24 25 -27 -28 -29 -30 -31
leaf_value=0.024509462892870856 -0.070673125480020402 -0.076370588273902501 0.014143213415357989 0.040393818295957257 -0.0107351149082133 0.055610613569026607 0.029620048259141919 0.065370947506974156 0.052581068364255468 -0.061401793689084161 0.033728902328610741 0.019984517745591762 0.011244598034185364 -0.01089307761896815 0.022788003341535575 0.027445811856957977 0.0095173533194039539 0.026863133342738207 0.0063872946594571824 -0.0096654171621261414 0.022367462160431568 -0.0046262912074206382 0.02407925359416092 -0.0041947925151790367 0.017248722421844827 -0.0023534491151452411 -0.0073638295773095974 -0.027778827008568402 0.026158081786086407 -0.00041588939475744832
leaf_weight=101.53988837590441 483.45168364616256 2.7895947712240732 33.666515877237543 0.962042396655306 28.357389543787576 42.028398280614056 136.1235510361148 14.269441459560765 2.1148639474995425 2.7586147428955883 115.6034902749816 383.68321641499642 159.06108922860585 49.651993248553481 94.515664808161091 86.870241071097553 25.482833813759498 31.950546809355728 99.783391080651199 23.278692179475911 102.20374505018117 27.556706751463935 72.49438547284808 22.310777272970881 98.498065333056729 21.371788323915098 43.086367700365372 0.43749496107921004 7.6124271355802184 3.3020810284651807
leaf_count=1092 160940 46 544 3 545 131 1120 30 6 452 1090 4887 1638 1086 1624 1086 543 543 2607 539 1630 544 1626 541 2169 541 1085 69 77 41
internal_value=-1.41977e-10 0.0187438 0.0165717 -0.0698261 0.0126961 0.0356629 0.0302797 0.0326965 -0.0038059 -0.0371186 0.0209409 0.0232279 0.016487 0.013506 0.0114553 0.0176403 0.0136503 0.0115193 0.0140018 0.0210235 0.0163955 0.00575644 0.0170444 0.0139949 0.0109357 0.0137633 -0.00104354 0.0163875 0.0516998 0.0289108
internal_weight=2316.82 1827.09 1620.97 489.725 861.079 206.125 156.485 153.695 6.27302 4.15815 759.888 499.287 260.601 832.722 559.146 273.576 509.494 414.978 346.409 212.353 125.482 61.2232 246.626 174.131 142.181 119.87 68.5692 1.39954 49.6408 139.426
internal_count=188875 27405 25960 161470 17253 1445 1237 1191 530 524 8707 5977 2730 16708 12365 4343 11279 9655 8027 3255 2169 1088 5420 3794 3251 2710 1628 72 208 1161
is_linear=0
shrinkage=0.05


Tree=6
num_leaves=31
num_cat=0
split_feature=6 3 6 10 10 6 10 7 3 3 6 6 10 6 6 4 7 4 6 3 3 10 6 6 3 6 6 3 3 6
split_gain=1124.96 57.9167 30.0883 25.1297 13.4423 13.7174 10.327 10.0808 7.78767 7.50073 17.5 6.91806 14.0879 6.01245 15.5984 4.9444 4.69364 21.5948 4.60183 13.087 15.0959 14.9262 11.4719 9.72597 9.16163 6.34268 4.32043 4.43495 5.04669 11.2934
threshold=1.4171317219734194 9.5000000000000018 12.204383850097658 0.0091326101683080214 0.013923869002610447 2.6708065271377568 0.024474314413964752 0.45292907953262335 42.500000000000007 13.500000000000002 8.8021216392517108 10.794119834899904 0.015881994739174846 7.5765991210937509 5.4190740585327157 42.500000000000007 0.48541562259197241 9.5000000000000018 42.76966857910157 15.500000000000002 20.500000000000004 0.011428944766521456 44.293878555297859 43.633155822753913 6.5000000000000009 44.293878555297859 10.470671176910402 33.500000000000007 37.500000000000007 10.794119834899904
decision_type=2 2 2 2 2 2 2 2 2 2 2 2 2 2 2 2 2 2 2 2 2 2 2 2 2 2 2 2 2 2
left_child=1 -1 3 -2 5 -5 -3 8 18 10 13 -6 -13 14 -7 -8 -9 -18 -4 24 -21 22 -22 -23 -20 -26 -11 -28 29 -29
right_child=2 6 7 4 11 9 15 16 -10 26 -12 12 -14 -15 -16 -17 17 -19 19 20 21 23 -24 -25 25 -27 27 28 -30 -31
leaf_value=0.042775876942226503 -0.051385661867044387 -0.06819579183638097 0.013479347723279342 -0.059727770483813718 0.041626502259410725 0.034920929055265656 -0.033312751314042488 0.059300733170959644 0.026856647288390517 0.022362618552142218 -0.082027032342652031 0.028868036244874662 -0.075537926292576829 0.05306346654904736 -0.078482358519479822 0.047377436316830973 0.069106468942006394 -0.077789487140376978 0.014885691109828346 0.048488545430177027 -0.0675792367639622 0.0097600097090366541 0.037469245750824075 -0.083416551495414271 -0.087254097340531342 -0.013677040547045516 0.047072872358994544 0.041395498442547654 0.031016097288502166 -0.075786851836292621
leaf_weight=11.576207910431547 8.7291955628024862 497.99291824645479 1013.3408000573108 4.0118423110689028 219.61180383514147 8.0589246321469599 3.8039309930754825 17.43901640933473 106.31901228521019 191.83587664732477 4.4571889205835751 16.346345091238621 2.9833178225671864 6.8637006822973481 3.5597185492515555 2.1400195681489995 5.3864677902311104 3.1313040362438151 5.7789703460875925 17.817225271835923 2.182087582536048 3.9911564867943508 14.327339136041699 7.0866897080559283 6.8557288725860399 5.3629998003598303 44.658217729069293 3.3585146153345695 28.197449127677828 2.9536613093223423
leaf_count=128 2832 164512 13998 522 882 37 525 44 1093 2179 67 115 31 16 28 9 4 58 179 147 116 49 221 154 108 160 283 12 301 65
internal_value=1.71549e-09 -0.0648629 0.0190828 0.0288313 0.0302287 0.0230026 -0.0674153 0.0146631 0.0139597 0.0243304 -0.00300228 0.039106 0.00983112 0.0192874 -0.00328969 -0.00162243 0.0450136 0.0126053 0.0126625 -0.00039954 0.0139174 -0.00932545 0.0205181 -0.051818 -0.0353496 -0.0584377 0.0266465 0.0366187 0.0221455 -0.0163033
internal_weight=2270.16 515.513 1754.64 545.626 536.897 297.955 503.937 1209.02 1183.06 293.943 22.9395 238.941 19.3297 18.4823 11.6186 5.94395 25.9568 8.51777 1076.74 63.4022 45.4045 27.5873 16.5094 11.0778 17.9977 12.2187 271.004 79.1678 34.5096 6.31218
internal_count=188875 165174 23701 7370 4538 3510 165046 16331 16225 2988 148 1028 146 81 65 534 106 62 15132 1134 687 540 337 203 447 268 2840 661 378 77
is_linear=0
shrinkage=0.05


Tree=7
num_leaves=31
num_cat=0
split_feature=6 3 4 6 10 10 6 6 10 10 10 6 6 6 3 3 6 6 6 6 3 3 3 3 6 6 6 3 6 3
split_gain=1012.22 52.7749 23.9482 16.3097 22.9286 9.89449 8.80482 8.66656 7.74946 8.76489 6.48579 9.1788 5.15532 8.39927 5.19205 6.16481 9.00791 5.71868 7.1075 5.49621 16.6846 5.54252 5.99669 7.87026 4.9368 5.35484 12.2308 10.2827 18.7834 4.64187
threshold=1.4171317219734194 9.5000000000000018 99.500000000000014 9.1301374435424822 0.009756329935044052 0.024474314413964752 4.1475377082824716 6.504176378250123 0.022750681266188625 0.023384617641568187 0.013793759513646366 2.6708065271377568 30.485410690307621 31.277459144592289 14.500000000000002 4.5000000000000009 9.3855566978454608 26.451423645019535 29.726751327514652 10.794119834899904 34.500000000000007 36.500000000000007 45.500000000000007 43.500000000000007 11.309598922729494 17.427235603332523 17.13894081115723 19.500000000000004 29.726751327514652 16.500000000000004
decision_type=2 2 2 2 2 2 2 2 2 2 2 2 2 2 2 2 2 2 2 2 2 2 2 2 2 2 2 2 2 2
left_child=1 -1 -2 4 6 -3 -4 -8 10 -10 11 -6 14 -14 15 17 -17 -5 -19 20 -16 -22 23 -23 -21 26 29 28 -27 -26
right_child=2 5 3 12 8 -7 7 -9 9 -11 -12 -13 13 -15 19 16 -18 18 -20 24 21 22 -24 -25 25 27 -28 -29 -30 -31
leaf_value=0.040350683318739478 0.050563818383433982 -0.066027435288715033 -0.067219538492567552 0.016539513778472553 -0.057188314064111623 -0.00069612475279699076 0.024122538660217869 -0.058755356105038174 0.02909385749460763 -0.074922672409497112 0.037705811129033956 0.024762526320141615 -0.034004440895752268 0.01111929776866565 -0.042174910666489498 -0.064398121901003635 0.028343770559443222 -0.047364628968198 0.020837779004388522 0.034986321331335085 0.048828305437656802 0.0042502594397169774 0.035567458508237997 -0.075260716194020777 0.038524402078577227 -0.051280020936215323 -0.075656686740223023 0.020970260437580008 0.038602668389881925 0.0074524290983184723
leaf_weight=11.497104745358227 53.679201068764087 481.76751198376587 6.6338849635503747 88.67387224198319 2.5824220771901301 5.8876017656875765 9.8859872684697603 3.4412542333593583 3.4122082442045203 2.8840267814230174 170.01890357618686 141.19045643834397 9.5990652255713922 464.34297784883529 16.26311343209818 1.7416372010484327 195.21447717770934 7.4981357350479794 6.1411494431085885 29.780523562105373 9.1078523439355177 15.7783150873147 9.6149863700848055 2.8491468734573564 11.961874274071304 12.878737112274395 3.3138010469265273 278.55292439321056 9.070652627386151 184.05824568471871
leaf_count=128 189 164512 2905 661 342 534 198 343 10 66 631 1179 301 6931 264 20 1987 162 62 227 38 154 165 55 88 475 125 3821 36 2266
internal_value=5.29772e-10 -0.0627338 0.0179174 0.0168553 0.0266542 -0.0652417 -0.0244021 0.000115177 0.0299042 -0.0222901 0.031019 0.0229057 0.0143809 0.0101357 0.0166467 0.0220281 0.0272025 0.0119003 -0.0173304 0.0138524 -0.0013797 0.0170199 0.00544314 -0.0111261 0.0153941 0.0141592 0.00774763 0.0183725 -0.0140722 0.00953447
internal_weight=2249.32 499.152 1750.17 1696.49 340.049 487.655 19.9611 13.3272 320.088 6.29624 313.792 143.773 1356.44 473.942 882.499 299.269 196.956 102.313 13.6393 583.23 53.6134 37.3503 28.2424 18.6275 529.617 499.836 199.334 300.502 21.9494 196.02
internal_count=188875 165174 23701 23512 5674 165046 3446 541 2228 76 2152 1521 17838 7232 10606 2892 2007 885 224 7714 676 412 374 209 7038 6811 2479 4332 511 2354
is_linear=0
shrinkage=0.05


Tree=8
num_leaves=31
num_cat=0
split_feature=6 3 6 3 6 10 3 7 7 3 6 6 3 6 6 10 3 6 10 6 3 6 6 6 3 6 3 6 3 3
split_gain=899.583 48.5051 21.4701 15.7152 9.93252 9.29217 8.3537 7.51654 7.22821 6.22437 15.2086 6.68323 6.33846 7.20322 11.8826 3.97922 3.74664 4.78085 3.44243 3.05723 8.75109 6.73006 6.5185 4.05108 9.99648 3.58305 2.97439 4.63779 3.15428 2.91141
threshold=1.4171317219734194 16.500000000000004 12.204383850097658 50.500000000000007 0.70710679888725292 0.024474314413964752 15.500000000000002 0.49752710759639746 0.46139307320117956 14.500000000000002 2.6708065271377568 10.470671176910402 16.500000000000004 11.018282413482668 3.2873064279556279 0.024722602218389515 7.5000000000000009 11.309598922729494 0.014965224079787733 42.76966857910157 18.500000000000004 43.137735366821296 42.525291442871101 41.248693466186531 17.500000000000004 41.409038543701179 17.500000000000004 44.996938705444343 1.5000000000000002 13.500000000000002
decision_type=2 2 2 2 2 2 2 2 2 2 2 2 2 2 2 2 2 2 2 2 2 2 2 2 2 2 2 2 2 2
left_child=1 4 3 7 6 -3 -1 9 19 11 -11 -2 13 14 -12 -7 17 18 -13 22 26 -22 23 -4 25 -25 27 -21 -29 -10
right_child=2 5 8 -5 -6 15 -8 -9 29 10 12 16 -14 -15 -16 -17 -18 -19 -20 20 21 -23 -24 24 -26 -27 -28 28 -30 -31
leaf_value=-0.075030420058868341 0.033251980197911264 -0.064506750122623899 0.012806584066831517 -0.058551922247782155 0.050187860441139535 0.0429998502987336 0.035127362512090712 0.054277417250926531 0.0029806122253879428 -0.071597401501846264 0.043322750134783219 0.011959045469403825 0.022198542572147224 0.023661738600215868 -0.081960681611057587 -0.02951020739983827 0.020746369639980763 0.012403234161533725 -0.073563154610522249 0.0029612050112296489 -0.05895514608545345 0.026390561722028156 0.048870013705312562 -0.051263663893918281 -0.067634969410421561 0.017491915984127325 -0.041315853251401802 0.022802996015900242 -0.071747674475280063 0.048731335042998848
leaf_weight=2.9238779828883699 212.43489707040135 456.08587569507654 1080.7685633017682 4.7087519686901933 10.639161362312732 2.1028798986226311 2.261269151000306 21.414050125575159 4.4141686963848796 3.5934035488462532 2.0273068360984308 1.3084337227046505 273.95720896299463 6.5927949361503124 4.941599928541109 3.8509786449722014 17.830960131250322 6.2768441457301378 3.0436588181182742 20.107688135700304 1.568712131120267 28.71741429110989 11.504723179852588 1.1709923800081075 4.4858220268506548 15.204405817203222 8.0128677748143691 0.62726966291665975 2.8257976765744388 18.160964613314718
leaf_count=315 809 164153 14361 2678 119 14 53 45 32 562 7 8 2909 18 118 520 114 43 59 374 75 528 140 81 276 240 29 8 125 62
internal_value=-1.16265e-09 -0.0607491 0.0165598 0.0246618 0.0240304 -0.0636983 -0.0290778 0.0254741 0.0127664 0.0242151 0.0191659 0.0302123 0.0205445 -0.012098 -0.0446518 -0.00139923 0.00716475 -0.0154443 -0.050421 0.0122038 0.0013612 0.0202269 0.0128045 0.0123839 -0.0090974 0.00990786 -0.0168006 -0.00712035 -0.0533083 0.0402915
internal_weight=2233.56 477.864 1755.7 558.13 15.8243 462.04 5.18515 553.421 1197.57 532.007 291.112 240.895 287.519 13.5617 6.96891 5.95386 28.4599 10.6289 4.35209 1174.99 61.8597 30.2861 1113.13 1101.63 20.8612 16.3754 31.5736 23.5608 3.45307 22.5751
internal_count=188875 165174 23701 7370 487 164687 368 4692 16331 4647 3614 1033 3052 143 125 534 224 110 67 16237 1139 603 15098 14958 597 321 536 507 133 94
is_linear=0
shrinkage=0.05


Tree=9
num_leaves=31
num_cat=0
split_feature=3 10 10 3 5 10 7 4 3 10 4 3 3 3 3 3 7 3 3 3 3 3 3 10 4 4 3 3 3 3
split_gain=801.272 20.3997 12.3853 14.8576 9.78731 9.1431 8.35992 3.63667 2.63873 3.5196 2.27747 2.07977 1.81008 1.85512 1.37372 1.23276 1.22226 1.1864 1.95238 3.54471 1.32551 1.31173 0.891814 0.842579 1.99335 3.79977 0.679291 0.802766 1.2177 1.2633
threshold=50.500000000000007 0.012739370577037336 0.021915592253208164 30.500000000000004 40.500000000000007 0.024474314413964752 0.45982684195041662 42.500000000000007 3.5000000000000004 0.014185110572725536 2.5000000000000004 44.500000000000007 31.500000000000004 32.500000000000007 47.500000000000007 49.500000000000007 0.63366886973381054 12.500000000000002 15.500000000000002 14.500000000000002 11.500000000000002 13.500000000000002 42.500000000000007 0.022073076106607917 9.5000000000000018 26.500000000000004 21.500000000000004 27.500000000000004 25.500000000000004 26.500000000000004
decision_type=2 2 2 2 2 2 2 2 2 2 2 2 2 2 2 2 2 2 2 2 2 2 2 2 2 2 2 2 2 2
left_child=1 11 3 6 -5 -2 8 10 -3 17 16 12 26 -14 -13 -16 -7 20 19 21 -10 -19 -15 -4 -25 -26 -1 28 -28 -30
right_child=5 2 23 4 -6 7 -8 -9 9 -11 -12 14 13 22 15 -17 -18 18 -20 -21 -22 -23 -24 24 25 -27 27 -29 29 -31
leaf_value=0.0033685454667645104 -0.063276773634479408 0.023688978831581688 0.064636487448931523 0.0061349252274905449 -0.084868456895986419 0.037890783132921144 0.053811444994427964 0.043041701737189166 0.018690885575356125 0.013338500961354277 -0.050808897041293113 -0.001947000859166188 0.022882069304754921 0.0096570228684612156 0.012662744969990631 -0.0065209216535571674 -0.024875601560523847 0.0099249984975919164 0.023590477543846199 -0.0024227838052675475 0.032201764889206792 0.022321742600364278 0.016605584030000699 0.058386951274684601 -0.0082446179984978721 0.038905050141788383 0.0076381271406831472 0.0047349165365072497 0.021387434693827433 0.0081179942979784613
leaf_weight=77.734622445539571 410.59726253856206 183.33973000338301 6.9757125715259454 5.8543029818683863 4.7186520316172373 0.97817913815379165 16.15632298309356 2.0243018488399676 41.456024187384173 363.80610608845018 2.3015450370148756 67.74163402733393 39.145790570415556 223.34381642768858 40.574578205036232 9.8178063632221875 0.4152305560419336 34.468025915790349 109.27792684116866 25.427054599509574 43.775773907778785 68.645452023367397 61.315311481157551 10.982177965342997 4.8452749899588516 22.428291109914429 158.34583371446934 97.395558127376717 40.62066553812474 34.895743503235281
leaf_count=1630 160940 1637 5 49 78 3 30 6 544 3830 452 1627 539 5422 1052 470 69 539 1631 545 544 542 1084 15 31 135 2171 2171 543 541
internal_value=-4.45124e-10 0.0145157 0.0195838 0.0182557 -0.0383033 -0.0624044 0.0189727 0.000323441 0.0182649 0.0167847 -0.0272628 0.00888774 0.00987967 0.0126842 0.00270339 0.00887109 0.0166081 0.0206126 0.0186087 0.0142241 0.0259231 0.018313 0.0112066 0.0449567 0.039813 0.0305334 0.00763375 0.0086215 0.0102131 0.0154419
internal_weight=2209.4 1793.09 942.157 896.925 10.573 416.317 886.352 5.71926 870.196 686.856 3.69495 850.931 732.797 323.805 118.134 50.3924 1.39341 323.05 237.818 128.541 85.2318 103.113 284.659 45.2315 38.2557 27.2736 408.992 331.258 233.862 75.5164
internal_count=188875 27405 10155 9969 127 161470 9842 530 9812 8175 524 17250 14101 7045 3149 1522 72 4345 3257 1626 1088 1081 6506 186 181 166 7056 5426 3255 1084
is_linear=0
shrinkage=0.05


Tree=10
num_leaves=31
num_cat=0
split_feature=3 7 10 10 3 4 10 4 4 10 10 10 10 10 7 5 3 3 3 3 3 3 7 4 3 3 3 3 3 3
split_gain=728.765 21.1846 8.09258 4.02631 2.32849 2.12143 7.87084 1.9007 1.78741 1.34741 10.3809 3.25725 3.60316 1.48956 1.09584 0.929179 0.745884 0.792553 0.862244 0.618478 0.618193 0.455016 3.17613 0.589035 0.449676 0.430104 0.410458 1.54705 0.675237 0.636258
threshold=50.500000000000007 0.45292907953262335 0.024474314413964752 0.013423423748463394 31.500000000000004 7.5000000000000009 0.031189936213195327 42.500000000000007 2.5000000000000004 0.022421040572226051 0.01962373033165932 0.022750681266188625 0.023384617641568187 0.015418956056237222 0.63366886973381054 40.500000000000007 17.500000000000004 23.500000000000004 24.500000000000004 21.500000000000004 5.5000000000000009 13.500000000000002 0.45523397624492651 48.500000000000007 16.500000000000004 15.500000000000002 6.5000000000000009 7.5000000000000009 8.5000000000000018 9.5000000000000018
decision_type=2 2 2 2 2 2 2 2 2 2 2 2 2 2 2 2 2 2 2 2 2 2 2 2 2 2 2 2 2 2
left_child=1 3 -2 16 21 -6 -7 8 14 10 13 -11 -13 20 -4 -15 24 19 -19 -18 -5 22 -3 -23 25 -1 -22 -28 -29 -30
right_child=2 4 7 9 5 6 -8 -9 -10 11 -12 12 -14 15 -16 -17 17 18 -20 -21 26 23 -24 -25 -26 -27 27 28 29 -31
leaf_value=0.0028403294418613404 -0.062065968337443635 0.06205944627753221 0.036039163352154568 0.0069889307366185595 0.043917423162217743 -0.067674281056257918 0.042501518977404999 0.026169448462080289 -0.044426426072446783 0.05632427035718815 -0.072409323976772508 0.026948441077159341 -0.052100333135223109 0.041208983571761559 -0.023799693793453709 0.018171712392205854 0.010989312834192241 -0.00083964924501392043 0.010369559985220335 0.016809534169093695 0.018120561420433258 0.035219036692997044 0.011725861449163863 0.059561269926716003 0.0021598070187640417 0.011401495852547612 0.003184520629392765 0.019185467819990917 0.0087207617412750956 0.014593364499437468
leaf_weight=21.862741422490217 391.27398698464094 5.0577993392944318 0.9445234574377539 33.75823056534864 2.7644117753952742 1.8424321728525672 2.7843037843704224 2.3569157607853404 2.2412177890073508 5.3828232716768962 2.4086653757840386 3.3025863170623779 1.1679998264880849 4.1439575436525038 0.39830259070731699 238.01468926621601 110.08806456552702 17.484073408064432 634.56736004145932 93.932768227066845 70.118844117852859 9.4003538074903172 7.7340474969241768 22.406840640585873 39.75956623989623 49.362817251589149 33.365653311368078 69.16115266783163 63.579421181930229 249.35688480606768
leaf_count=545 160940 2 3 549 5 65 5 6 452 8 51 10 69 11 69 2209 2176 539 13995 1086 543 31 44 30 539 546 546 544 546 2711
internal_value=-3.97994e-10 0.0135835 -0.0611886 0.0126268 0.0447742 0.0159457 -0.00560199 -0.0027874 -0.0233846 0.0153271 0.0150506 0.0333999 0.000547378 0.0154219 0.0157075 0.0187338 0.0104527 0.0109578 0.0100682 0.0137379 0.0138446 0.0490973 0.0346841 0.0536599 0.00649356 0.00884935 0.0143058 0.01362 0.0145206 0.0134318
internal_weight=2190.02 1792.81 397.215 1740.82 51.9902 7.39115 4.62674 5.94096 3.58404 773.761 763.907 9.85341 4.47059 761.499 1.34283 242.159 967.057 856.072 652.051 204.021 519.34 44.599 12.7918 31.8072 110.985 71.2256 485.582 415.463 382.097 312.936
internal_count=188875 27405 161470 27223 182 75 70 530 524 7797 7710 87 79 7659 72 2220 19426 17796 14534 3262 5439 107 46 61 1630 1091 4890 4347 3801 3257
is_linear=0
shrinkage=0.05


Tree=11
num_leaves=31
num_cat=0
split_feature=6 3 6 3 10 6 7 10 3 6 10 6 6 6 3 6 3 3 6 6 6 3 3 3 10 6 10 3 6 6
split_gain=668.048 24.2848 28.9286 15.7108 11.8775 14.2955 10.8846 7.85566 6.19701 6.02039 4.15411 5.96413 7.1617 4.20992 6.50373 5.557 10.7072 9.6561 9.40317 8.91689 8.27605 6.13786 8.48864 5.46283 11.2265 6.18494 8.3456 11.9732 4.79755 4.73553
threshold=1.2829732894897463 50.500000000000007 13.522763252258303 16.500000000000004 0.013793759513646366 2.6708065271377568 0.45292907953262335 0.024474314413964752 48.500000000000007 0.69706848263740551 0.016159754246473316 40.790140151977546 33.15819168090821 14.561655044555666 19.500000000000004 21.659376144409183 11.500000000000002 3.5000000000000004 24.167681694030765 23.925033569335941 20.022215843200687 8.5000000000000018 2.5000000000000004 37.500000000000007 0.010582306887954475 18.361026763916019 0.012270400300621988 30.500000000000004 40.578989028930671 36.183538436889656
decision_type=2 2 2 2 2 2 2 2 2 2 2 2 2 2 2 2 2 2 2 2 2 2 2 2 2 2 2 2 2 2
left_child=3 2 4 9 5 -2 8 -5 10 -1 13 12 -12 14 -4 20 17 28 -18 -19 21 22 -15 24 -23 -26 27 -27 -17 -20
right_child=1 -3 6 7 -6 -7 -8 -9 -10 -11 11 -13 -14 15 -16 16 18 19 29 -21 -22 23 -24 -25 25 26 -28 -29 -30 -31
leaf_value=-0.067690755667267441 -0.063237508721572785 -0.06050362464196446 0.0097530522376170058 -0.060318626721780733 0.030073955788165102 0.017385794993733366 0.041558073112389661 -0.00093365691389098301 0.038126066822807114 0.015429088707711104 -0.0044621924276154737 0.04250931071668701 -0.063209923944891708 -0.018587224460371851 -0.037816754225822015 0.020109772040949422 -0.0084028616449535534 -0.075899993392607251 0.017609093319905393 -0.0056414808671354441 0.028212644418531892 -0.077505271829492323 0.032226626376811028 0.016609135405127033 0.0082775496050668858 0.024366298324360561 -0.066553985300074711 -0.073950299863623767 -0.04387856099589181 0.0073305554544981491
leaf_weight=1.7092264422681172 4.6293332709465167 10.098954045140998 16.1749040724244 388.11140185242402 280.30002824979601 340.49826693645446 24.146033129829448 5.681917017675004 16.141235318034887 10.123335704323834 25.347003717673946 3.9345524087548247 5.5816754275001577 9.3474540642928314 11.496869656955822 50.279706889996305 56.657608933397569 3.6409159749746314 254.8467121689464 183.53872941015288 81.790125933708623 3.9504835174884638 44.304360753856599 47.447182697826065 59.50334338133689 11.164691176731141 6.2636187742464235 3.1542685637250534 2.1818371214903882 203.55661577568389
leaf_count=154 1014 6151 172 160219 1262 3641 99 534 114 320 231 67 159 63 386 578 963 115 3175 2742 868 187 349 678 940 117 216 118 146 3097
internal_value=2.07817e-10 0.0133384 0.0137989 -0.0577648 0.0224145 0.0161248 0.00899121 -0.0594663 0.00823945 -0.000916937 0.00775977 -0.00902953 -0.016712 0.00832566 -0.0106405 0.00884928 0.0066409 -0.00208488 0.0106969 -0.00740419 0.0150451 0.00910761 0.0231955 0.00322737 -0.00443449 8.13426e-05 -0.0228992 -0.000705068 0.0166776 0.0130707
internal_weight=2165.6 1759.98 1749.88 405.626 625.428 345.128 1124.45 393.793 1100.3 11.8326 1084.16 34.8632 30.9287 1049.3 27.6718 1021.63 754.702 239.641 515.061 187.18 266.926 185.135 53.6518 131.484 84.0364 80.0859 20.5826 14.319 52.4615 458.403
internal_count=188875 27648 21497 161227 5917 4655 15580 160753 15481 474 15367 457 390 14910 558 14352 10816 3581 7235 2857 3536 2668 412 2256 1578 1391 451 235 724 6272
is_linear=0
shrinkage=0.05


Tree=12
num_leaves=31
num_cat=0
split_feature=6 3 6 3 10 7 10 7 6 6 6 6 10 3 6 6 3 6 3 6 6 10 6 6 6 6 10 6 3 10
split_gain=617.597 24.0175 23.0157 13.1229 8.88671 6.73069 6.68097 5.48695 4.93622 4.31023 2.50978 3.693 3.9717 2.4962 3.44743 2.44974 8.86337 2.32386 2.19482 4.20365 3.22094 2.12629 10.4774 6.41492 4.7356 4.14204 4.73022 4.06409 2.54292 2.47937
threshold=1.2829732894897463 50.500000000000007 12.204383850097658 16.500000000000004 0.009569597430527212 0.45292907953262335 0.024474314413964752 0.45351818203926092 0.69706848263740551 22.442245483398441 9.3855566978454608 5.824183702468873 0.0093025267124176043 1.5000000000000002 0.7240414321422578 10.794119834899904 45.500000000000007 4.1475377082824716 48.500000000000007 16.130861282348636 15.463809490203859 0.013793759513646366 2.6708065271377568 6.504176378250123 8.1066393852233904 9.6654934883117694 0.015418956056237222 10.234188556671144 6.5000000000000009 0.013923869002610447
decision_type=2 2 2 2 2 2 2 2 2 2 2 2 2 2 2 2 2 2 2 2 2 2 2 2 2 2 2 2 2 2
left_child=3 2 4 8 10 18 -5 21 -1 -7 11 12 17 -10 -15 -12 -17 -2 -4 20 -20 22 -6 29 -25 -26 28 -28 -27 -23
right_child=1 -3 5 6 7 9 -8 -9 13 -11 15 -13 -14 14 -16 16 -18 -19 19 -21 -22 23 -24 24 25 26 27 -29 -30 -31
leaf_value=-0.066443205219912982 -0.033831937909577087 -0.059641457824326796 0.0090340668908417583 -0.059021959564065488 -0.057947414412896747 -0.0078554476326712537 -0.0042809377310506882 0.045326625635768593 0.044858282922551888 0.043987364171056337 0.019993009776518803 -0.049719940868226759 -0.05255243316833496 0.017718446206360344 -0.043730901686077718 0.039344634150001251 -0.071160235116677933 0.035021436195331233 -0.0069233370221965717 -0.025074359920857731 0.03862936031470135 -0.0029597645720659742 0.0198644138311296 -0.0041192477246961992 0.035534137416507808 0.04049366968187737 -0.067164020340422362 0.0015952012933683154 0.0098893906506107142 0.033696285186274114
leaf_weight=1.6122734120581288 0.69863192777848038 10.437440222332951 1149.0642364423256 375.15842386557779 3.4590801853337316 4.5979369862470802 5.8227397648151955 26.387111363001168 2.527805754914878 20.366554108564742 11.324869471602144 5.1847453855443746 1.3973208942916242 5.2790737256873399 2.6019143161829561 2.6784904352389267 2.6754946075379848 4.9044996034353971 8.3912051524966973 12.78695787116885 5.8411690965294829 4.6192505820654324 256.32956851040944 23.48396237497218 29.778181987348944 9.3093122467398626 2.113172182813285 6.7953312462195754 22.771017959807068 131.45311026996933
leaf_count=154 181 6151 16084 160219 691 41 534 74 2 65 163 379 194 214 104 22 110 62 68 60 13 32 2255 152 109 44 23 75 130 470
internal_value=-1.8024e-10 0.0126816 0.0131478 -0.0565794 0.021662 0.00926685 -0.0581987 0.023169 -0.00472895 0.0345042 -0.00517623 -0.0215525 0.00291621 0.00981627 -0.00520883 0.00733028 -0.0183853 0.0226129 0.00870228 -0.00522666 0.0130808 0.0218862 0.0186101 0.0254849 0.0152093 0.0215915 0.0108573 -0.0198474 0.019726 0.0324394
internal_weight=2149.85 1756.85 1746.41 393.002 545.363 1201.05 380.981 516.499 12.0211 24.9645 28.8641 12.1852 7.00045 10.4088 7.88099 16.6789 5.35399 5.60313 1176.08 27.0193 14.2324 490.112 259.789 230.323 94.251 70.767 40.9888 8.9085 32.0803 136.072
internal_count=188875 27648 21497 161227 5166 16331 160753 4055 474 106 1111 816 437 320 318 295 132 243 16225 141 81 3981 2946 1035 533 381 272 98 174 502
is_linear=0
shrinkage=0.05


Tree=13
num_leaves=31
num_cat=0
split_feature=6 3 7 3 6 3 6 6 3 6 6 3 3 6 3 3 6 6 3 6 3 9 6 6 3 3 3 6 3 6
split_gain=556.738 21.1068 15.551 15.1147 13.0901 12.2057 13.1135 8.30343 7.72907 4.72115 5.4688 5.94434 9.79023 5.1692 5.17057 5.86128 4.40088 4.42724 5.3521 4.63489 7.3598 4.25183 4.14175 4.41269 5.61412 3.86157 4.20706 3.84921 4.23259 6.51464
threshold=1.2829732894897463 50.500000000000007 0.45292907953262335 9.5000000000000018 21.659376144409183 10.500000000000002 2.6708065271377568 0.70710679888725292 47.500000000000007 3.6468113660812382 5.824183702468873 23.500000000000004 47.500000000000007 12.204383850097658 33.500000000000007 32.500000000000007 20.829440116882328 6.8531162738800058 8.5000000000000018 8.8021216392517108 3.5000000000000004 1.5000000000000002 20.022215843200687 16.130861282348636 37.500000000000007 47.500000000000007 44.500000000000007 17.427235603332523 38.500000000000007 18.853606224060062
decision_type=2 2 2 2 2 2 2 2 2 2 2 2 2 2 2 2 2 2 2 2 2 2 2 2 2 2 2 2 2 2
left_child=3 2 4 7 5 16 -7 -1 -6 -8 11 -11 -13 -12 15 -15 17 -2 19 20 -19 -5 23 -16 -25 26 -24 -26 -29 -30
right_child=1 -3 -4 21 8 6 9 -9 -10 10 13 12 -14 14 22 -17 -18 18 -20 -21 -22 -23 25 24 27 -27 -28 28 29 -31
leaf_value=-0.067046052269449832 0.029329065785994642 -0.058249860151754387 0.039299711469224882 -0.057338115876907098 0.0068147319099897954 -0.063758884686477127 0.03406565181570053 0.045532060354264832 -0.070165086865537837 0.01309163490550466 0.017602540862007781 -0.043860167879146324 0.013193464232072617 0.0021952119322384868 0.016468655832530397 -0.059635294420847723 0.046089264519442098 0.012898377781900153 -0.0042186645041473363 0.022701670892110185 -0.069314569759787184 -0.016072001598538898 0.027708386081496734 -0.065377642402469585 -0.027124069415147441 0.059049546368056219 -0.01995590360598358 0.050587958264770728 0.020224752980922665 -0.028083493798150429
leaf_weight=1.257640108000486 116.49335926771164 9.7117011050286219 50.711928804172203 361.05891396965308 751.41042559768539 4.7957645362621397 22.454568525776267 5.2712191510945559 2.2820694688707581 26.251455788034946 263.56325142044807 16.219893970061097 12.696650647092609 123.16593007044867 74.890442707808688 2.9550045924261203 19.744843968190253 9.7664912752807123 26.051368715241551 141.21077534789219 2.6615472454577676 7.3020666602242263 23.446524810744453 2.3917539768153793 8.144695849157868 7.3774671382270745 4.9468503911048165 4.2773007079958942 17.078542032744739 10.369826927781103
leaf_count=96 309 6151 180 159900 11161 1041 161 26 33 159 2579 288 138 2054 907 124 108 42 235 948 62 1205 207 180 197 18 50 24 170 122
internal_value=3.67862e-10 0.0118213 0.0122443 -0.0552264 0.011412 0.0153442 0.0112648 0.0178215 0.00648899 0.0119466 0.0110603 -0.00387756 -0.0192055 0.0125834 0.0077967 0.000288801 0.0233537 0.0216881 0.0165995 0.020134 -0.00855883 -0.0565658 0.0139466 0.0092535 -0.00361722 0.0286473 0.0190076 0.00159666 0.00957345 0.00162855
internal_weight=2129.96 1755.07 1745.36 374.89 1694.65 940.954 625.026 6.52886 753.692 620.23 597.776 55.168 28.9165 542.608 279.044 126.121 315.928 296.184 179.69 153.639 12.428 368.361 152.923 117.153 42.2621 35.7708 28.3934 39.8704 31.7257 27.4484
internal_count=188875 27648 21497 161227 21317 10123 8419 122 11194 7378 7217 585 426 6632 4053 2178 1704 1596 1287 1052 104 161105 1875 1600 693 275 257 513 316 292
is_linear=0
shrinkage=0.05


Tree=14
num_leaves=31
num_cat=0
split_feature=6 12 11 7 6 6 10 6 6 10 6 4 6 6 10 10 6 10 6 7 7 4 10 4 10 10 10 10 6 10
split_gain=516.003 19.8473 13.2034 13.0702 9.9551 8.38996 7.38412 15.7284 8.76239 6.11908 4.28443 3.06241 2.82719 7.5134 8.87095 6.16371 6.93019 5.06947 2.45065 2.20276 4.35218 4.31938 13.1285 3.28663 2.14152 10.5508 3.37421 10.1383 2.68257 2.12916
threshold=1.2829732894897463 1.0000000180025095e-35 1.0000000180025095e-35 0.45292907953262335 6.504176378250123 0.70710679888725292 0.011561079882085325 3.2873064279556279 6.1512548923492441 0.024474314413964752 5.824183702468873 42.500000000000007 22.755928993225101 23.925033569335941 0.011696306522935631 0.013539358973503115 23.637259483337406 0.014965224079787733 23.637259483337406 0.46288169920444494 0.57062244415283214 48.500000000000007 0.024929978884756569 59.500000000000007 0.0099504948593676108 0.009756329935044052 0.0094788861460983771 0.0096620614640414732 25.224988937377933 0.011696306522935631
decision_type=2 2 2 2 2 2 2 2 2 2 2 2 2 2 2 2 2 2 2 2 2 2 2 2 2 2 2 2 2 2
left_child=2 -2 9 4 6 -4 7 -3 10 -1 -9 -11 17 14 -14 16 -16 -6 -17 -5 21 22 -21 -23 25 26 28 -28 -15 -8
right_child=1 3 5 19 12 -7 29 8 -10 11 -12 -13 13 24 15 18 -18 -19 -20 20 -22 23 -24 -25 -26 -27 27 -29 -30 -31
leaf_value=-0.056265374269671022 -0.057262279893209547 -0.073476833589747423 -0.067934789146974622 0.055010692937606333 0.0095451435567190188 0.042110482048981733 0.052801257913031079 0.0064356506443812916 -0.057171694940444454 -0.027787185390387908 0.04648173102460907 0.038196606365804353 -0.053764809407799874 0.052732712915851111 0.040352306322070298 -0.065687492923288793 -0.05580391399339836 0.019985115188764779 0.0046515754721210053 -0.080407230772469113 0.051414356138004963 0.051427669201422888 0.032295324899113201 0.0057312461332112759 0.008657314728074161 -0.075649676660856896 -0.065029891945424009 0.027890234971673502 -0.00013691217174592796 0.023511897022699645
leaf_weight=350.95379798310751 9.5216550273325975 5.1191492410434867 1.40735892090015 12.752217965666203 609.59556611371227 5.3435691157355905 6.190670217270962 16.199315214529641 2.855872463900595 3.4678036369732581 10.843343744752927 1.9020697632804502 9.8692689905874449 4.6207328308373743 9.557658565230664 2.3993690600618711 1.3683552793227143 144.50868545519188 1.7522699730470774 3.1586303510703129 13.153442488983272 7.9471413554856518 5.8866059500724077 7.5263953565154278 661.24007202568464 3.5108756097033611 3.9122545751743001 6.3624635585583746 4.1771619049832225 179.93876418843865
leaf_count=160536 6151 915 125 24 7330 32 42 309 84 525 62 9 299 16 119 93 48 929 31 45 22 16 19 54 9841 128 77 44 57 893
internal_value=1.87873e-10 0.0112968 -0.0541442 0.0117059 0.0109398 0.0133645 0.0208196 -0.000246395 0.0142641 -0.055457 0.0235779 -0.00208771 0.00943303 0.00714674 -0.0193092 0.00518538 0.0246405 0.0115696 -0.0408595 0.0365824 0.0290831 0.0155579 -0.0111475 0.0308979 0.00813868 -0.00677004 0.00904641 -0.0101202 0.0301787 0.024763
internal_weight=2107.04 1743.97 363.075 1734.45 1684.02 6.75093 221.147 35.0177 29.8985 356.324 27.0427 5.36987 1462.87 708.77 24.9469 15.0777 10.926 754.104 4.15164 50.4244 37.6722 24.5188 9.04524 15.4735 683.824 22.5835 19.0726 10.2747 8.79789 186.129
internal_count=188875 27648 161227 21497 21317 157 2305 1370 455 161070 371 534 19012 10753 590 291 167 8259 124 180 156 134 64 70 10163 322 194 121 73 935
is_linear=0
shrinkage=0.05


Tree=15
num_leaves=31
num_cat=0
split_feature=6 3 7 3 6 10 10 6 6 6 3 3 10 3 6 6 6 3 6 5 6 3 3 10 10 3 6 6 6 3
split_gain=475.346 18.2003 14.7895 13.8618 10.0406 7.05233 6.05291 5.56565 3.30564 2.91862 3.73697 2.76443 4.4785 2.64357 8.89584 2.87462 2.44668 5.88733 7.12846 8.08301 6.59183 4.52845 2.38034 9.98675 2.378 5.36841 4.47449 5.35112 2.66156 2.33894
threshold=1.2829732894897463 50.500000000000007 0.45292907953262335 16.500000000000004 12.204383850097658 0.009569597430527212 0.024474314413964752 0.69706848263740551 40.993413925170906 41.409038543701179 27.500000000000004 24.500000000000004 0.011428944766521456 12.500000000000002 2.6708065271377568 1.5870165824890139 3.6468113660812382 13.500000000000002 4.6214363574981698 10.500000000000002 4.1475377082824716 14.500000000000002 31.500000000000004 0.024722602218389515 0.014718532562255861 6.5000000000000009 10.470671176910402 11.309598922729494 8.8021216392517108 2.5000000000000004
decision_type=2 2 2 2 2 2 2 2 2 2 2 2 2 2 2 2 2 2 2 2 2 2 2 2 2 2 2 2 2 2
left_child=3 2 4 7 5 -2 -5 -1 -6 10 -10 -11 -13 15 -15 -7 -16 20 19 -19 -18 -21 -4 -24 -17 26 28 -28 29 -26
right_child=1 -3 22 6 8 13 -8 -9 9 11 -12 12 -14 14 16 24 17 18 -20 21 -22 -23 23 -25 25 -27 27 -29 -30 -31
leaf_value=-0.064034728330147048 -0.0065163685527265302 -0.056217148782541408 0.042540228560068831 -0.055693790018855653 0.0085003441116787721 0.045034723363212355 -0.0024416734645770536 0.018991737091527697 -0.051146035283608483 0.007040858666533506 0.020391742475442322 -0.0041360596268007468 -0.065521189911833519 -0.057195457781968967 0.031138572377600163 0.025956349619334979 0.034260112142044732 0.034616122328808514 0.016505849870442013 0.009253507371000582 -0.07300765830723098 -0.07869936048306668 -0.066923185073772443 0.044751615282786324 0.0065289836854687897 -0.027250314774346713 -0.065949778334515805 0.010895814420985634 0.034356537499835998 0.025416391295919147
leaf_weight=1.519557001069187 32.132683449657634 9.1287126697570766 41.530616565607488 333.84362577182765 1053.2367210863158 12.114550551399587 5.5179616050445466 9.1744923803489637 4.8325464329682282 66.920661073643714 2.0066215861588717 26.332739496603612 2.374644743744283 3.342416613653767 21.924306770786643 94.353928272379562 1.4900802820920933 2.9018774013966322 241.60660383873619 1.7352644950151423 3.0161159769631922 4.454625976504758 1.965346916578709 5.2274490557610989 37.281347076408565 6.2572897319914764 2.4253811072558147 6.0335856955498457 25.753010304644704 29.662012124201283
leaf_count=154 1111 6151 106 160219 14210 17 534 320 241 1144 40 451 139 713 141 349 3 17 1994 9 68 162 65 9 87 74 59 36 89 163
internal_value=1.24311e-09 0.0107021 0.0110872 -0.0530763 0.0102856 0.0160084 -0.0548376 0.00272721 0.00766699 -0.000898277 -0.030233 0.00149086 -0.0112484 0.0174827 0.0141865 0.0217191 0.01525 0.0137688 0.0148413 -0.0266452 -0.0377569 -0.0561851 0.0380002 0.00979372 0.0201039 0.014771 0.0176117 -0.0157804 0.0207948 0.0151487
internal_weight=2090.1 1740.04 1730.91 350.056 1682.19 526.485 339.362 10.694 1155.7 102.467 6.83917 95.628 28.7074 494.352 280.471 213.881 277.129 255.205 250.698 9.09177 4.5062 6.18989 48.7234 7.1928 201.767 107.413 101.155 8.45897 92.6964 66.9434
internal_count=188875 27648 21497 161227 21317 5092 160753 474 16225 2015 281 1734 590 3981 3107 874 2394 2253 2182 188 71 171 180 74 857 508 434 95 339 250
is_linear=0
shrinkage=0.05


Tree=16
num_leaves=31
num_cat=0
split_feature=6 7 3 3 6 6 10 3 6 4 10 6 6 6 6 6 3 3 10 10 10 6 3 3 3 3 6 3 3 3
split_gain=439.171 17.0202 16.0426 12.7848 11.3333 5.37935 5.18947 4.74263 2.72395 2.6355 2.35167 2.52921 2.34536 2.31288 2.31682 5.65941 3.0395 3.2345 2.28097 5.76415 2.54902 3.62725 5.37506 7.94541 6.48877 4.53556 3.68269 3.49542 3.39679 2.34111
threshold=1.2829732894897463 0.45292907953262335 50.500000000000007 16.500000000000004 12.204383850097658 0.69706848263740551 0.024474314413964752 1.5000000000000002 4.6214363574981698 42.500000000000007 0.0094788861460983771 10.794119834899904 9.9389123916625994 40.993413925170906 42.525291442871101 42.76966857910157 17.500000000000004 27.500000000000004 0.010256679728627207 0.010582306887954475 0.010811126790940763 44.676586151123054 18.500000000000004 16.500000000000004 1.5000000000000002 18.500000000000004 43.633155822753913 29.500000000000004 16.500000000000004 20.500000000000004
decision_type=2 2 2 2 2 2 2 2 2 2 2 2 2 2 2 2 2 2 2 2 2 2 2 2 2 2 2 2 2 2
left_child=3 2 4 5 7 -1 -5 -2 -3 -8 11 12 -9 -6 16 -16 -15 -18 -17 -20 -21 25 23 24 -23 28 -27 -24 -22 -28
right_child=1 8 -4 6 13 -7 9 10 -10 -11 -12 -13 -14 14 15 18 17 -19 19 20 21 22 27 -25 -26 26 29 -29 -30 -31
leaf_value=-0.06365877283541449 0.03427396495369036 -0.00049349006340346138 -0.055140747485750576 -0.054725292154846866 0.0076061835345482484 0.01717871171666709 -0.027887963459364253 -0.008816256300012093 0.042931010873382226 0.03351429003345751 0.015290086649997979 -0.05146359426760834 0.023701408348678676 -0.002079491927435667 0.032952412953808588 0.026353179228556324 -0.069503235353884724 -0.0033948946027029889 -0.068307915693041246 0.03067576467099269 -0.002806495542555144 0.026091498746920523 -0.07691130688411002 0.045799538690735955 -0.070552180902713452 -0.012336106534217905 0.053392194007538585 -0.011459049413434673 -0.063655661886970402 0.0041809490743240042
leaf_weight=1.5723482370376576 32.145360657945275 3.9054912112187585 8.6192137519974477 320.74503431646735 1054.7797602770152 9.2966375817777571 3.4217428678530268 13.311990292539127 43.531194668146782 1.9002923094667483 465.64845476957271 1.2648978778161097 8.0908363489434105 18.608158074319366 12.897681379690765 5.2925155889242879 3.1555212340317658 3.5304269366897643 2.422331756912171 4.5963864140212527 14.497461261693394 2.1735249711200613 4.1986645376309735 4.694024779368192 3.4329261821694672 4.4556002877652636 7.3072304818779212 4.0325434114784002 1.7484745681285847 3.6638476131483912
leaf_count=154 80 17 6151 160219 14210 320 525 755 163 9 4060 110 87 392 140 59 218 126 82 57 256 14 154 28 207 98 16 41 31 96
internal_value=-9.07789e-10 0.0101676 0.00932103 -0.0521417 0.00968523 0.00110628 -0.0539146 0.0158091 0.0394195 -0.00413034 0.014526 -0.0011523 0.00398554 0.00691559 -0.000321191 0.00408712 -0.01312 -0.039579 -0.00229317 -0.00534977 -0.00139259 -0.00487031 -0.0218451 0.00272848 -0.034807 0.00542626 0.0240913 -0.0495606 -0.0126667 0.0386799
internal_weight=2068.94 1732 1684.57 336.936 1675.95 10.869 326.067 520.462 47.4367 5.32204 488.316 22.6677 21.4028 1155.49 100.707 75.4132 25.2941 6.68595 62.5155 57.223 54.8007 50.2043 18.5317 10.3005 5.60645 31.6726 15.4267 8.23121 16.2459 10.9711
internal_count=188875 27648 27468 161227 21317 474 160753 5092 180 534 5012 952 842 16225 2015 1279 736 344 1139 1080 998 941 444 249 221 497 210 195 287 112
is_linear=0
shrinkage=0.05


Tree=17
num_leaves=31
num_cat=0
split_feature=6 3 7 3 6 6 5 10 10 6 3 6 3 3 10 6 6 10 10 5 4 4 7 3 3 6 6 3 10 3
split_gain=408.753 15.2149 14.6649 11.757 10.2808 6.85014 6.5252 4.47978 3.7436 10.2267 3.67786 2.61495 5.10582 2.08971 5.81249 1.90079 2.14918 2.55234 6.49597 3.74347 1.76593 1.64238 3.93825 4.13425 3.90165 9.07296 1.49482 5.25272 2.12345 17.9843
threshold=1.2829732894897463 50.500000000000007 0.45292907953262335 9.5000000000000018 6.504176378250123 0.70710679888725292 9.5000000000000018 0.024474314413964752 0.012903762981295587 2.6708065271377568 22.500000000000004 3.2873064279556279 20.500000000000004 42.500000000000007 0.0098524559289217013 1.5870165824890139 5.824183702468873 0.022421040572226051 0.018374931998550895 38.500000000000007 42.500000000000007 76.500000000000014 0.57062244415283214 13.500000000000002 23.500000000000004 2.6708065271377568 21.659376144409183 6.5000000000000009 0.015242683235555889 4.5000000000000009
decision_type=2 2 2 2 2 2 2 2 2 2 2 2 2 2 2 2 2 2 2 2 2 2 2 2 2 2 2 2 2 2
left_child=3 2 4 5 6 -1 -2 13 9 -8 11 -11 -13 14 -5 -10 17 18 -17 -20 -9 22 23 -4 -25 -26 27 -6 -28 -30
right_child=1 -3 21 7 26 -7 8 20 15 10 -12 12 -14 -15 -16 16 -18 -19 19 -21 -22 -23 -24 24 25 -27 28 -29 29 -31
leaf_value=-0.064913952690142759 -0.060462341171302995 -0.054243190036757941 -0.022061078283620257 0.03020730669376433 0.018222290963670614 0.038421812198618274 -0.062807988692286598 -0.026047193945835042 0.044240340563882256 0.024008706364517466 0.020957883953387865 -0.071242130714187765 0.0047341050929026601 -0.054740594996459759 -0.044045765784178827 0.01936537587366801 0.034059561396422224 0.044929608397588403 -0.071289480437054381 0.0067516383411310443 0.023651729955919645 0.051904944480922123 0.05048214169050444 0.042492147044206285 0.048781937139440283 -0.070307005721122889 0.0071563116964603966 0.0072719136977693602 0.005976654262679789 -0.068563769337673094
leaf_weight=1.178100308519787 1.592139622895046 8.2779973179494828 4.9917417671531465 2.3094126853393417 134.80202406016178 5.3033883506432176 3.5429664208495515 3.3733339351019822 11.437529927352442 3.1282874830067149 48.837710621301085 2.5461610676720721 5.5729311206378043 291.09941416033689 19.60462188370002 95.069540147902444 32.391943907598034 8.0002886834554356 2.2453321190550923 2.6199398702010503 2.0645613437518469 14.719942352734504 12.404869355261324 10.561892278492449 2.3093336955644181 2.1207831195788458 637.26902179943863 584.68323776556645 87.849923932924867 7.9028354849433518
leaf_count=96 55 6151 31 203 882 26 984 525 27 10 596 43 33 156531 3837 375 84 27 48 23 9 36 22 21 2 68 9382 6936 1448 364
internal_value=-9.80938e-10 0.00969819 0.0100379 -0.0513539 0.00924721 0.0134731 0.0193842 -0.0527113 0.0202511 0.0098526 0.0150952 -0.00999432 -0.0242918 -0.0534922 -0.0352438 0.0245177 0.0226086 0.0188909 0.0163819 -0.0352784 -0.00643547 0.037286 0.0292865 0.0143505 0.0270956 -0.010677 0.00772059 0.00934601 0.00611462 -0.000820511
internal_weight=2049.81 1724.88 1716.6 324.933 1669.49 6.48149 216.985 318.451 215.393 63.6281 60.0851 11.2474 8.11909 313.013 21.914 151.765 140.327 107.935 99.9348 4.86527 5.4379 47.1086 32.3886 19.9838 14.992 4.43012 1452.51 719.485 733.022 95.7528
internal_count=188875 27648 21497 161227 21317 122 2305 161105 2250 1666 682 86 76 160571 4040 584 557 473 446 71 534 180 144 122 91 70 19012 7818 11194 1812
is_linear=0
shrinkage=0.05


Tree=18
num_leaves=31
num_cat=0
split_feature=3 7 10 10 10 4 4 10 3 3 3 4 7 4 4 7 10 10 10 3 3 7 3 3 3 3 3 3 3 10
split_gain=373.366 15.9785 5.60719 4.61195 2.46047 1.71203 1.32307 1.29868 1.09897 1.0988 1.06603 2.23111 4.09398 3.2664 1.50599 4.14627 0.929531 2.24834 3.09877 1.49255 5.63978 0.866721 0.792841 1.39166 1.50861 0.666267 0.538533 0.936157 0.557389 0.417887
threshold=50.500000000000007 0.45292907953262335 0.011428944766521456 0.024474314413964752 0.015881994739174846 42.500000000000007 2.5000000000000004 0.015651676803827289 9.5000000000000018 8.5000000000000018 31.500000000000004 73.500000000000014 0.57062244415283214 48.500000000000007 7.5000000000000009 0.52635166049003612 0.022421040572226051 0.022750681266188625 0.023384617641568187 3.5000000000000004 49.500000000000007 0.63366886973381054 29.500000000000004 33.500000000000007 42.500000000000007 31.500000000000004 39.500000000000007 40.500000000000007 34.500000000000007 0.011696306522935631
decision_type=2 2 2 2 2 2 2 2 2 2 2 2 2 2 2 2 2 2 2 2 2 2 2 2 2 2 2 2 2 2
left_child=1 2 22 -2 7 6 21 8 9 -4 11 12 13 -3 -12 -16 19 -18 -19 -6 -21 -5 -1 25 26 -24 28 -28 -25 -10
right_child=3 10 4 5 16 -7 -8 -9 29 -11 14 -13 -14 -15 15 -17 17 18 -20 20 -22 -23 23 24 -26 -27 27 -29 -30 -31
leaf_value=-0.0034743486963167446 -0.05375692376368886 -0.02078376347888496 0.010454268618500477 0.030764805545067539 0.015773053482354849 0.024526733865615925 -0.043093779350585282 0.0017133866509976771 0.011842554790041216 0.018631491531344004 0.039829449223718165 0.055085171499229917 0.051786893836622987 0.026946999039433955 -0.056379558528823308 0.028969339078274637 0.051032941382913699 0.027841919923506778 -0.048124639595234969 0.022991691944459752 -0.065049078645240815 -0.022560475156533973 0.004803350877391999 -0.0068938592712858406 0.0061293456199631507 0.01243902057309252 -0.012910051927371716 0.00013252921001191695 0.0025917002959399546 0.0077597849553781174
leaf_weight=35.561426028318238 280.443844014153 4.8867005482316008 236.47151273203781 0.83633788209408499 133.51751337421592 1.975610187742858 2.071967455427512 59.157826530979946 74.237056233861949 51.839294888777658 2.421736191958189 16.518700218293816 9.5203298386186344 8.3929461874067801 1.3048749630106602 2.7337412795750424 4.8659374900162202 2.8558196071535353 1.060329338070005 4.2935862075537434 1.7900264635682104 0.39442803553538397 55.650138586643152 16.527988473477308 176.17440565372817 62.407353791815694 19.057843892922392 43.741920152664534 133.89846992719686 589.55979973671492
leaf_count=1086 160940 39 2727 3 1090 6 452 548 1084 546 5 29 14 25 52 18 8 10 69 48 39 69 1085 543 4233 1082 544 1081 2711 8689
internal_value=9.55838e-11 0.00866784 0.00787056 -0.0528872 0.00983354 -0.00547359 -0.0249486 0.00893417 0.00938056 0.0119839 0.037519 0.0406908 0.0283857 0.00915736 0.0153481 -0.00432337 0.0158621 0.0314408 0.00166814 0.0146654 -0.00843922 0.0112229 0.00366813 0.00417451 0.00271958 0.00891028 -0.000113139 -0.00396582 0.00151084 0.00823352
internal_weight=2034.17 1748.45 1702.67 285.722 1159.65 5.27834 3.30273 1011.27 952.108 288.311 45.779 39.3187 22.8 13.2796 6.46035 4.03862 148.383 8.78209 3.91615 139.601 6.08361 1.23077 543.02 507.458 389.401 118.057 213.226 62.7998 150.426 663.797
internal_count=188875 27405 27223 161470 14858 530 524 13594 13046 3273 182 107 78 64 75 70 1264 87 79 1177 87 72 12365 11279 9112 2167 4879 1625 3254 9773
is_linear=0
shrinkage=0.05


Tree=19
num_leaves=31
num_cat=0
split_feature=6 10 3 6 3 6 3 6 10 6 6 6 3 6 10 10 3 6 6 6 3 3 6 3 6 6 10 10 6 3
split_gain=346.082 16.3089 12.1773 10.4548 10.0063 6.56975 5.80264 4.72885 4.13088 3.18761 2.04083 4.86265 2.77111 4.89818 10.8477 3.61517 5.52066 5.0867 4.06696 6.04894 3.27402 7.14079 2.8593 5.11756 7.469 3.18557 3.05496 4.90218 2.78294 8.99546
threshold=1.2829732894897463 0.017057181335985664 50.500000000000007 9.1301374435424822 9.5000000000000018 0.70710679888725292 42.500000000000007 6.504176378250123 0.024474314413964752 4.1475377082824716 22.755928993225101 23.119680404663089 10.500000000000002 9.6654934883117694 0.009756329935044052 0.010929288342595102 30.500000000000004 11.973258018493654 16.865219116210941 17.13894081115723 18.500000000000004 17.500000000000004 19.381326675415043 1.5000000000000002 14.846392631530763 13.012989997863771 0.014389234129339458 0.014718532562255861 13.250360488891603 16.500000000000004
decision_type=2 2 2 2 2 2 2 2 2 2 2 2 2 2 2 2 2 2 2 2 2 2 2 2 2 2 2 2 2 2
left_child=4 2 3 6 5 -1 -2 9 -6 -8 12 -12 22 14 -14 -15 17 -17 -18 -20 21 -16 23 24 25 -5 -24 -28 29 -19
right_child=1 -3 -4 10 8 -7 7 -9 -10 -11 11 -13 13 15 20 16 18 28 19 -21 -22 -23 26 -25 -26 -27 27 -29 -30 -31
leaf_value=-0.065831864458731182 0.017754530382940857 0.034340136666524856 -0.05239166998456786 -0.020843708415617453 -0.051922871621096149 0.03583952618594656 -0.048231068371366918 -0.059283073891460009 -0.0054578618018013385 0.014074119414414535 -0.040306750232275125 0.0046035750640318947 0.025873678263480322 0.010776649164494292 -0.064591741679349779 0.016533161062986072 -0.075632935318096173 0.016275776879594143 0.054367111335360374 -0.055662642916948203 -0.080640214246502695 0.050675445655949072 0.056121698025312951 0.012905406029838494 -0.075637804946276851 0.030843034382825554 -0.026078148236200929 0.025399137071289914 0.00072133695300191257 -0.054809860334676587
leaf_weight=1.1567720011807967 296.79271801951109 58.563814015884418 7.4089750724378964 5.290927127003668 285.29060918556934 5.1812511947355233 1.5277010924473859 3.1811206077691159 5.117862202183459 9.9734382051974517 5.0878329321276388 709.59795574424788 6.1776941332500419 254.73339015804231 1.9365914468653482 49.646231912309304 2.9435542388819149 7.9201200965326306 1.5740568367764356 1.4270705252420155 4.6803426896221936 1.5177934302482754 5.8220716333016744 126.64865687745623 3.1183217712678006 4.6860966803506017 4.5700762793421736 31.154870252590626 104.87846795585938 8.2163723958656174
leaf_count=96 2329 339 6149 36 160571 26 441 347 534 196 146 10605 76 2938 49 355 75 82 4 66 126 4 20 917 52 19 49 201 1869 158
internal_value=4.31009e-10 0.00861524 0.00768784 0.00798862 -0.0497701 0.0108406 0.0162311 -0.0137316 -0.0511256 0.00260198 0.00606436 0.00422799 0.00814766 0.00600433 -0.0218411 0.00697666 0.0014658 0.00322583 -0.0422504 0.00121138 -0.0569424 -0.0139389 0.0133546 0.0098058 -0.0189602 0.00403117 0.02478 0.0182832 -0.00232424 -0.0210058
internal_weight=2015.82 1719.08 1660.51 1653.1 296.746 6.33802 311.475 14.6823 290.408 11.5011 1341.63 714.686 626.943 445.652 14.3124 431.339 176.606 170.661 5.94468 3.00113 8.13473 3.45438 181.291 139.744 13.0953 9.97702 41.547 35.7249 121.015 16.1365
internal_count=188875 27648 27309 21160 161227 122 3313 984 161105 637 17847 10751 7096 5802 255 5547 2609 2464 145 70 179 53 1294 1024 107 55 270 250 2109 240
is_linear=0
shrinkage=0.05


Tree=20
num_leaves=31
num_cat=0
split_feature=6 7 3 3 6 10 6 6 6 6 6 6 10 6 3 6 6 3 10 10 3 3 3 6 3 6 6 6 6 10
split_gain=325.368 14.288 11.3176 9.6031 9.54394 4.72426 16.2521 4.52493 3.94735 5.16878 3.74066 4.3005 3.58209 2.90543 4.49208 5.23465 4.34363 3.94095 8.41978 3.88914 4.22882 2.72228 5.0711 7.24298 3.31963 3.58622 5.2316 3.54244 6.54538 3.33526
threshold=1.2829732894897463 0.45292907953262335 50.500000000000007 16.500000000000004 12.204383850097658 0.012739370577037336 3.2873064279556279 0.69706848263740551 6.8531162738800058 7.7992205619812021 3.6468113660812382 5.4190740585327157 0.024474314413964752 11.973258018493654 36.500000000000007 6.1512548923492441 11.589940547943117 38.500000000000007 0.010811126790940763 0.010471491608768703 33.500000000000007 30.500000000000004 27.500000000000004 8.8021216392517108 25.500000000000004 7.251589536666871 5.824183702468873 6.1512548923492441 6.504176378250123 0.01197647722437978
decision_type=2 2 2 2 2 2 2 2 2 2 2 2 2 2 2 2 2 2 2 2 2 2 2 2 2 2 2 2 2 2
left_child=3 2 4 7 5 6 -2 -1 -7 -10 -8 -12 -5 14 19 -16 -17 18 -15 -13 21 22 24 -24 25 26 -21 -28 -29 -27
right_child=1 -3 -4 12 -6 8 10 -9 9 -11 11 13 -14 17 15 16 -18 -19 -20 20 -22 -23 23 -25 -26 29 27 28 -30 -31
leaf_value=-0.062387076046598766 -0.072474470682225303 0.035968482612042531 -0.051610388761202879 -0.051671655300538792 0.0052634613503616248 0.022886183454638942 0.043127894335699857 0.013479128924481876 -0.022202145805697491 0.013971304940917454 -0.015216483570948897 0.039950193377839845 -0.0079298504099929879 0.035931383056157909 0.033860198140366657 -0.010464296053388484 0.023781132960869068 0.048530917684814712 -0.067397024234211053 0.025112303420452925 -0.033352742784053389 0.028678394483020175 -0.07373308263893967 0.0062454900847324349 0.031542400251572754 -0.01845666620819365 -0.074116297037632867 0.026467870729561138 -0.055684500472185684 0.023633600059367103
leaf_weight=1.4521912259515364 5.0838398661871897 44.437476856634021 7.0695378360978784 271.88731124658079 1146.114476539311 163.91071117098909 7.4733368051238349 8.9129148338979558 10.075124625116585 97.665315151913092 16.015013005351648 13.238578980322925 5.1651788869785369 4.675417989492419 8.8374639616813493 57.804613957297988 10.021211813203989 10.205421830993144 2.0209289416670799 5.399317253381013 4.0327569912187746 23.098999587353319 3.2112785307690492 8.2185462666675431 19.188266927842051 4.9036496630869832 2.4748361874371749 4.4472579094581306 3.4272406408563256 26.461260529002175
leaf_count=154 1026 180 6151 160219 16225 717 27 320 127 658 305 48 534 20 79 1110 59 39 46 27 92 119 66 59 89 70 25 20 54 210
internal_value=-2.31413e-10 0.00828337 0.00752336 -0.049126 0.00780646 0.0134788 0.00831701 -0.00170413 0.0179965 0.0104156 0.0103631 0.0091038 -0.0508876 0.0110068 0.00917757 -0.000259499 -0.00513255 0.0303955 4.20975e-05 0.0152542 0.0117885 0.0139037 0.00920475 -0.0203491 0.0145262 0.00708438 -0.011893 -0.0317105 -0.0115332 0.0166862
internal_weight=1996.93 1709.51 1665.07 287.418 1658 511.89 240.239 10.3651 271.651 107.74 235.155 227.682 277.052 211.667 194.765 76.6633 67.8258 16.9018 6.69635 118.102 104.863 100.831 77.7317 11.4298 66.3018 47.1136 15.7487 10.3493 7.8745 31.3649
internal_count=188875 27648 27468 161227 21317 5092 3590 474 1502 785 2564 2537 160753 2232 2127 1248 1169 105 66 879 831 739 620 125 495 406 126 99 74 280
is_linear=0
shrinkage=0.05


Tree=21
num_leaves=31
num_cat=0
split_feature=6 3 6 10 7 3 3 6 10 6 4 4 3 6 3 3 10 6 3 6 3 3 6 3 6 6 6 6 3 3
split_gain=304.478 16.061 16.1329 6.645 6.52399 3.70863 5.01881 3.60978 3.47976 2.69111 3.11839 8.31108 2.42805 2.36628 7.20582 12.0261 4.44279 5.64406 2.26587 2.24841 1.96818 5.08417 2.69058 3.16238 1.9401 2.02986 2.6997 1.74749 10.1309 2.87261
threshold=1.1545104384422304 50.500000000000007 12.204383850097658 0.016159754246473316 0.45292907953262335 42.500000000000007 41.500000000000007 1.3006237745285036 0.024474314413964752 32.622304916381843 76.500000000000014 9.5000000000000018 45.500000000000007 11.589940547943117 32.500000000000007 23.500000000000004 0.0096620614640414732 6.1512548923492441 9.5000000000000018 5.824183702468873 30.500000000000004 29.500000000000004 0.69706848263740551 16.500000000000004 10.794119834899904 9.3855566978454608 5.824183702468873 2.5422707796096806 14.500000000000002 3.5000000000000004
decision_type=2 2 2 2 2 2 2 2 2 2 2 2 2 2 2 2 2 2 2 2 2 2 2 2 2 2 2 2 2 2
left_child=5 2 3 7 -4 6 20 -2 -7 10 11 -6 13 16 15 18 17 19 -15 -9 21 22 -1 -24 25 26 -14 28 -18 -29
right_child=1 -3 4 -5 9 8 -8 12 -10 -11 -12 -13 24 14 -16 -17 27 -19 -20 -21 -22 -23 23 -25 -26 -27 -28 29 -30 -31
leaf_value=-0.069846683415887414 -0.044312125249166452 -0.052929691818898533 0.0043812076909383662 0.02946982895777607 0.041133363129338393 -0.051846744954680959 0.030718960097890699 -0.036085934068598211 -0.0085360926337556889 0.046652896920769515 0.03453494863573129 -0.072635413213336747 0.0065399097897624412 -0.013384958098390388 0.04140732538561015 -0.076740278246329674 0.042176941859394551 -0.069509977384068111 0.029550265725071315 0.034634517571827561 -0.05859856779373817 0.036946879951265235 0.003443341843598131 -0.050917264500156018 -0.047886010693531433 0.015915070461226765 -0.04243954018425436 -0.0035410837276230937 -0.057653197137756129 0.014032220320313857
leaf_weight=3.1783253384055632 1.7725695522385638 9.8361007376370235 1152.4557902446249 72.226519481977448 2.2827625274658203 242.48023045266746 2.4446639934321857 0.68383153027389143 5.17016149360279 11.898497020825742 4.9454634315334278 2.2236494063981809 6.4474667392496539 3.3784385228063938 26.451791886705905 3.0102983338292679 16.391553120338362 2.7237573766615242 11.991701353807001 2.7707059551030397 6.3126567527942816 2.0972476975875898 6.358735819347201 3.4775196245755069 1.135921713663264 11.323340784991158 3.705230301246047 24.571784121682867 2.0834297069814047 339.83742450480349
leaf_count=449 528 8763 16225 318 2 153830 194 95 529 34 15 55 307 23 95 60 55 160 73 8 1833 138 294 1005 110 138 332 136 516 2555
internal_value=1.58698e-10 0.00780054 0.00818186 0.0154112 0.0049042 -0.049094 -0.0282578 0.0131362 -0.0509805 0.0316755 0.0101615 -0.0180008 0.0134556 0.0142866 0.0251844 0.000905635 0.0129695 -0.02633 0.0198717 0.015677 -0.0360572 -0.0235884 -0.0352837 -0.0187006 -0.00241979 0.00200857 -0.0135377 0.0136705 0.0285368 0.0128408
internal_weight=1985.67 1714.15 1704.31 530.506 1173.81 271.52 23.8691 458.279 247.65 21.3504 9.45188 4.50641 456.507 433.895 44.8322 18.3804 389.062 6.17829 15.3701 3.45454 21.4245 15.1118 13.0146 9.83626 22.612 21.476 10.1527 382.884 18.475 364.409
internal_count=188875 30603 21840 5509 16331 158272 3913 5191 154359 106 72 57 4663 3776 251 156 3525 263 96 103 3719 1886 1748 1299 887 777 639 3262 571 2691
is_linear=0
shrinkage=0.05


Tree=22
num_leaves=31
num_cat=0
split_feature=6 3 7 6 3 3 10 10 6 3 6 6 10 3 3 6 3 6 6 3 6 6 10 10 6 3 10 6 6 6
split_gain=282.514 15.1169 14.2041 11.1097 3.84634 4.23457 3.33563 3.18571 2.50668 7.1192 4.30549 5.95485 3.39981 6.96476 3.1834 2.56312 2.33005 9.09735 7.41832 3.23765 2.72274 2.55544 11.1636 2.53149 3.89977 2.04386 4.97205 2.54623 3.93113 2.04016
threshold=1.1545104384422304 50.500000000000007 0.45292907953262335 12.204383850097658 42.500000000000007 41.500000000000007 0.0094788861460983771 0.024474314413964752 11.589940547943117 32.500000000000007 6.8531162738800058 7.251589536666871 0.010811126790940763 40.500000000000007 41.500000000000007 5.824183702468873 38.500000000000007 10.470671176910402 8.1066393852233904 26.500000000000004 8.8021216392517108 11.309598922729494 0.015242683235555889 0.009756329935044052 9.9389123916625994 30.500000000000004 0.011173533275723459 0.70710679888725292 0.7240414321422578 5.824183702468873
decision_type=2 2 2 2 2 2 2 2 2 2 2 2 2 2 2 2 2 2 2 2 2 2 2 2 2 2 2 2 2 2
left_child=4 2 3 6 5 25 -2 -6 10 -10 12 -12 13 -8 -15 -16 19 18 -18 21 -20 -13 -23 -22 -25 26 -1 -28 -29 -14
right_child=1 -3 -4 -5 7 -7 8 -9 9 -11 11 16 29 14 15 -17 17 -19 20 -21 23 22 -24 24 -26 -27 27 28 -30 -31
leaf_value=0.035714399628472684 -0.0047562588662697228 -0.052313596962395209 0.035951605616136008 0.0043014150388110389 -0.051192779838292138 0.027771885584124426 -0.052474551143301663 -0.0090699405581966298 0.001378197540301263 0.042098458550975125 -0.047457525493565147 0.0083281125695750784 0.015870676690216363 0.045147873964738669 -0.049674358911598299 0.014999230583914433 -0.066464593594609475 -0.074429236718784139 0.037498568099900792 0.020940484252407694 0.018680421084840363 -0.076309418300472567 0.03306618247123904 -0.065251972159840937 0.014619213648028413 -0.057554358386608065 -0.048522553055046179 0.04686313537843758 -0.034450898917533203 0.026907770987261201
leaf_weight=2.2824232850398465 24.206763773341663 9.5431579929718264 42.6737396287499 1144.9048051189166 232.43008944828762 2.385693331831134 4.2757594605209297 5.0641844788333392 18.187447738368064 25.437847194029018 3.7908351665828368 124.23558017099276 146.75458728743251 4.3433021578239259 1.4104663028265347 3.3444733014330268 2.0258652269840303 3.0148629255127153 8.3506114981137234 55.798306314041838 7.2549260520609078 3.4318671384826294 4.0627024490386248 1.923991081304848 2.591131700668484 6.030382032855413 8.3791494380566274 1.527469515800475 2.6094299324322492 63.537516807671636
leaf_count=138 1012 8763 180 16225 153830 194 472 529 158 95 117 900 1176 60 256 38 81 117 61 379 85 49 20 67 29 1833 1305 1 442 263
internal_value=6.43049e-10 0.00742003 0.00778687 0.00703842 -0.0483717 -0.0270241 0.0131866 -0.0503364 0.0140924 0.0255334 0.0129031 0.00782054 0.0177657 -0.00627376 0.0184848 -0.00948309 0.00902326 -0.00509884 0.0071471 0.0109351 0.0173547 0.00657113 -0.0201057 0.00124579 -0.0250759 -0.034285 -0.0217599 -0.0341078 -0.00114913 0.019317
internal_weight=1965.81 1705.1 1695.56 1652.88 260.709 23.2145 507.979 237.494 483.772 43.6253 440.147 216.481 223.666 13.374 9.09824 4.75494 212.69 25.1614 22.1465 187.528 20.1207 131.73 7.49457 11.77 4.51512 20.8289 14.7985 12.516 4.1369 210.292
internal_count=188875 30603 21840 21660 158272 3913 5435 154359 4423 253 4170 1905 2265 826 354 294 1788 440 323 1348 242 969 69 181 96 3719 1886 1748 443 1439
is_linear=0
shrinkage=0.05


Tree=23
num_leaves=31
num_cat=0
split_feature=6 3 6 7 3 3 4 6 3 3 6 6 10 3 6 6 6 7 10 3 6 6 10 6 10 10 6 6 3 3
split_gain=263.593 13.9663 13.7434 6.75849 3.7041 3.72828 3.39222 3.01783 5.01002 3.26364 10.8045 5.34601 2.904 2.68195 3.21166 6.56245 2.56658 2.55357 3.0732 8.26913 2.291 7.8688 3.46762 4.86162 4.57507 3.57399 3.26479 6.95512 3.24624 5.81862
threshold=1.1545104384422304 50.500000000000007 12.204383850097658 0.45292907953262335 42.500000000000007 41.500000000000007 98.500000000000014 11.589940547943117 38.500000000000007 14.500000000000002 2.6708065271377568 10.794119834899904 0.024474314413964752 16.500000000000004 3.2873064279556279 11.018282413482668 11.309598922729494 0.48541562259197241 0.029637762345373634 40.500000000000007 5.0148561000823983 5.4190740585327157 0.012385687325149776 8.8021216392517108 0.012739370577037336 0.012903762981295587 9.6654934883117694 10.794119834899904 18.500000000000004 22.500000000000004
decision_type=2 2 2 2 2 2 2 2 2 2 2 2 2 2 2 2 2 2 2 2 2 2 2 2 2 2 2 2 2 2
left_child=4 2 6 -4 5 -1 -2 9 -9 11 -11 -8 -6 14 -12 -16 -13 -5 19 -19 28 -22 -23 24 -24 -26 -25 -28 -15 -30
right_child=1 -3 3 17 12 -7 7 8 -10 10 13 16 -14 20 15 -17 -18 18 -20 -21 21 22 23 26 25 -27 27 -29 29 -31
leaf_value=-0.03346604616703993 0.033012035521645611 -0.051623327591398462 0.0038519006185362297 0.043619498569262866 -0.050565837155898422 0.02516422027675156 0.01822130953601549 0.01135138866418383 0.046118988662887599 -0.062495299151470889 0.029998833142040823 -0.042472292819791854 -0.0094804302936787668 0.050968725500840556 -0.071238362542998618 0.017135059335170035 0.0045948971401570159 -0.072106811281489311 0.044113663098469785 0.042375626125560645 -0.044070653029373991 0.012817671169249612 -0.073282015145704898 0.045741329445015369 0.016107893720452123 -0.040691418261425083 -0.066073032824458977 0.023260239045343654 -0.058756583719927286 0.019753202847683726
leaf_weight=20.253373731742617 22.171690024668351 9.0900708192930306 1142.2800297370413 13.933876409195365 223.22765857211925 2.3686723713472011 206.28010622458532 26.342793504474685 17.123707603197545 4.3394670779234721 1.9909070618450622 4.3873937027528864 4.9112746824393971 6.7857627123594275 3.5479320532176644 3.3194791451096535 5.8888876377604902 2.2289799661375573 2.1273074895143509 2.166956581058912 5.9559533572755745 163.17935939808376 2.9646536647342172 4.1781350169330826 5.7037140326574427 3.7752278444822878 2.1372774988412839 6.1551557015627623 1.5986348162405217 28.820067753084004
leaf_count=3719 75 8763 16225 44 153830 194 866 206 93 1354 7 68 529 16 118 13 49 48 2 12 109 1890 67 29 32 42 48 31 34 362
internal_value=-4.65684e-10 0.00707325 0.00741943 0.00437774 -0.0477469 -0.0265217 0.0141139 0.0132197 0.0257773 0.0119824 0.00796987 0.0164544 -0.0497266 0.00949728 -0.0162552 -0.0317732 -0.0174846 0.0321914 0.00522744 -0.0182785 0.0105495 0.00829007 0.0101724 -0.00697958 -0.0280331 -0.00823824 0.0145499 -0.004397 0.0218086 0.0138884
internal_weight=1949.23 1698.47 1689.38 1162.74 250.761 22.622 526.646 504.475 43.4665 461.008 244.452 216.556 228.139 240.112 8.85832 6.86741 10.2763 20.4571 6.52324 4.39594 231.254 194.049 188.094 24.9142 12.4436 9.47894 12.4706 8.29243 37.2045 30.4187
internal_count=188875 30603 21840 16331 158272 3913 5509 5434 299 5135 4152 983 154359 2798 138 131 117 106 62 60 2660 2248 2139 249 141 74 108 79 412 396
is_linear=0
shrinkage=0.05


Tree=24
num_leaves=31
num_cat=0
split_feature=6 7 3 6 3 3 6 6 6 6 3 3 3 6 6 3 3 6 3 6 6 5 5 8 8 6 6 3 7 6
split_gain=246.57 13.7619 12.5616 10.8547 3.43156 4.28752 3.06396 2.74167 3.3321 2.49961 5.3199 3.75608 7.4156 4.37825 3.55627 3.07393 4.96001 10.5835 2.68227 3.06778 2.55735 2.33148 3.6203 2.24909 2.73723 3.02769 3.0773 2.19993 9.22865 1.97118
threshold=1.1545104384422304 0.45292907953262335 50.500000000000007 12.204383850097658 30.500000000000004 29.500000000000004 4.6214363574981698 0.70710679888725292 0.7240414321422578 11.589940547943117 38.500000000000007 32.500000000000007 35.500000000000007 2.6708065271377568 9.9389123916625994 30.500000000000004 27.500000000000004 8.8021216392517108 42.500000000000007 9.6654934883117694 6.8531162738800058 7.5000000000000009 6.5000000000000009 152.00000000000003 88.500000000000014 9.1301374435424822 6.1512548923492441 30.500000000000004 0.60502782464027416 9.6654934883117694
decision_type=2 2 2 2 2 2 2 2 2 2 2 2 2 2 2 2 2 2 2 2 2 2 2 2 2 2 2 2 2 2
left_child=4 2 3 9 5 7 -3 -1 -9 11 -11 15 -13 -14 18 16 20 -18 29 23 -2 22 -6 24 25 26 -20 -8 -29 -15
right_child=1 6 -4 -5 21 -7 27 8 -10 10 -12 12 13 14 -16 -17 17 -19 19 -21 -22 -23 -24 -25 -26 -27 -28 28 -30 -31
leaf_value=-0.047883571505304257 0.017607294553750031 -0.0069869169576844223 -0.050946613630380888 0.0036653350946942082 -0.045050524673729102 0.032749374102387672 0.044338901344790002 0.046733402764820756 -0.030174051503187246 0.0093240611969261315 0.045380899893294267 -0.044719045156352159 -0.051309192394077011 0.017433707009104817 -0.0060660842622240387 0.032256542811343138 -0.074861129212441174 0.017472995236714542 0.0019202117330569682 -0.053446836211131124 0.0085309451287206729 -0.049577840425165526 0.019250774983218085 -0.045627245946387542 0.03262229237621251 0.026831179540025632 -0.048099741222713502 -0.064803528990202794 0.047767160585121593 0.048151852325703987
leaf_weight=8.0557721654186007 183.80706059205113 3.6644690744578829 8.6263760677247756 1138.4222158974735 3.8573640839385916 2.2307629798306143 31.50973361893557 1.4112622737884515 2.3900220789364539 26.120840496383607 16.575344003271312 6.589189645019359 2.1773833017796269 28.487572302110493 28.668518618564121 20.629301523906179 4.0418167744646762 7.3348836582154036 10.312458955449996 1.1917860130779434 139.71759329200722 220.49091810283426 3.198984659931738 0.88559296843595703 8.791582918725906 6.2030628423672161 3.338334683852735 1.8107561969663937 4.2197444811463356 6.2576328977011135
leaf_count=1305 1019 17 8763 16225 3246 138 91 1 442 206 93 274 829 309 396 170 209 48 185 36 1066 152596 544 34 60 76 399 67 5 26
internal_value=-1.35123e-09 0.0067656 0.00603962 0.00637032 -0.0471344 -0.0210383 0.0349734 -0.0329179 0.00216521 0.0124957 0.0240401 0.0113706 0.00292316 0.00660858 0.00847346 0.0138005 0.012571 -0.0187288 0.0148358 0.00386352 0.0137259 -0.0486509 -0.0171285 0.00785121 0.0109879 0.00030288 -0.0127604 0.0391443 0.00955628 0.0241584
internal_weight=1931.02 1689.38 1648.18 1639.55 241.635 14.0878 41.2047 11.8571 3.80128 501.13 42.6962 458.434 102.903 96.3139 94.1365 355.531 334.901 11.3767 65.468 30.7228 323.525 227.547 7.05635 29.531 28.6454 19.8539 13.6508 37.5402 6.0305 34.7452
internal_count=188875 30603 30423 21660 158272 1886 180 1748 443 5435 299 5136 2624 2350 1521 2512 2342 257 1125 790 2085 156386 3790 754 720 660 584 163 72 335
is_linear=0
shrinkage=0.05


Tree=25
num_leaves=31
num_cat=0
split_feature=6 7 3 6 3 10 6 6 10 6 3 6 6 3 6 6 6 3 6 3 3 10 3 4 6 3 3 3 10 10
split_gain=228.468 15.8103 11.6038 10.8412 3.57575 3.79414 3.11317 3.33407 2.74118 2.34741 2.28568 3.8884 2.4615 4.90381 2.04838 2.51356 1.91943 10.7537 2.26771 12.7528 3.75363 6.78678 1.67582 1.61804 1.5819 6.12368 5.00496 3.98169 4.51732 6.53926
threshold=1.1545104384422304 0.45292907953262335 50.500000000000007 12.204383850097658 30.500000000000004 0.011173533275723459 0.70710679888725292 0.7240414321422578 0.024474314413964752 4.6214363574981698 1.5000000000000002 1.4858037233352663 11.589940547943117 38.500000000000007 3.6468113660812382 6.1512548923492441 2.5422707796096806 14.500000000000002 3.2873064279556279 12.500000000000002 18.500000000000004 0.022608106024563316 3.5000000000000004 42.500000000000007 13.250360488891603 8.5000000000000018 43.500000000000007 40.500000000000007 0.013245614245533945 0.013072453904896976
decision_type=2 2 2 2 2 2 2 2 2 2 2 2 2 2 2 2 2 2 2 2 2 2 2 2 2 2 2 2 2 2
left_child=4 2 3 10 5 -1 -7 -8 -6 -3 14 22 16 -14 -2 -16 17 -13 19 -18 -21 -22 -12 -10 25 -5 27 28 29 -27
right_child=1 9 -4 24 8 6 7 -9 23 -11 11 12 13 -15 15 -17 18 -19 -20 20 21 -23 -24 -25 -26 26 -28 -29 -30 -31
leaf_value=0.030622275434238497 0.003319559685573536 -0.0018406221392030502 -0.050317454850004974 0.018305244329692168 -0.048825135497822414 -0.047405775783621866 0.047748401879470048 -0.028686555022968026 -0.027488773273858503 0.040930499206778326 0.0028340928046680859 0.041448188073436941 0.008883462013844835 0.043921315447894231 0.04368915038916632 0.010780613436525529 -0.078574050897103731 -0.061284931750754772 0.010419254072778156 0.042012339915131133 -0.065301195224137423 0.038588690073611605 -0.050973341480276803 0.022579442142702827 0.0037069426960466612 -0.020353928270541985 0.016562278790999207 -0.070197945450613169 -0.069620207104919646 0.047123678168392788
leaf_weight=2.2401880558172698 8.9011198929510993 3.4192720223218194 8.216088417102581 18.164685917086899 213.39097111991578 7.8995333535713126 1.520008444786072 2.3093216269044206 3.0827723412658088 36.142799814231694 2.2612365526147178 15.321960106375629 25.462042321451008 16.173921335488558 15.40930180065334 10.27036711014807 3.6770645882934323 2.1065410243172655 382.53463491844013 6.1625000112690014 2.1003298653522506 2.25578339304775 2.5791171863675117 1.7386561478488136 1082.5700174621306 19.68844629591332 8.2640314521267992 3.4592185132205477 2.6218882990069678 3.3691511389333746
leaf_count=138 14 17 8763 81 155855 1305 1 442 525 163 4 45 204 93 19 48 33 527 3504 21 93 9 821 6 15634 279 100 45 72 14
internal_value=-3.99416e-10 0.00642954 0.00566381 0.00597602 -0.0463816 -0.0198592 -0.0311494 0.00525815 -0.0479811 0.0372796 0.0121446 0.0111669 0.0116644 0.0232052 0.0244873 0.031425 0.0104511 0.0263793 0.00968682 -0.00943698 0.019455 -0.0143423 -0.0296552 -0.00865648 0.00328371 -0.00488156 -0.0163257 -0.0258931 -0.0175175 -0.00894523
internal_weight=1913.31 1681.13 1641.57 1633.35 232.181 13.9691 11.7289 3.82933 218.212 39.5621 495.216 460.635 455.795 41.636 34.5808 25.6797 414.159 17.4285 396.73 14.1957 10.5186 4.35611 4.84035 4.82143 1138.14 55.5674 37.4027 29.1387 25.6795 23.0576
internal_count=188875 30603 30423 21660 158272 1886 1748 443 156386 180 5435 5354 4529 297 81 67 4232 572 3660 156 123 102 825 531 16225 591 510 410 365 293
is_linear=0
shrinkage=0.05


Tree=26
num_leaves=31
num_cat=0
split_feature=6 7 3 6 10 3 6 3 3 3 6 6 6 6 10 6 6 3 10 3 3 6 3 6 6 6 3 3 3 3
split_gain=218.102 13.4585 10.7463 10.2182 5.37483 4.20444 3.19381 8.70225 2.92668 3.81406 2.6605 3.46829 2.61072 3.28938 2.34057 2.33932 3.61366 5.62017 3.3512 6.35705 6.51147 2.27423 1.92262 1.7053 1.78426 1.70289 3.34353 8.54339 2.77618 4.39712
threshold=1.1545104384422304 0.45292907953262335 50.500000000000007 13.522763252258303 0.0093898782506585139 1.5000000000000002 2.2950463294982915 3.5000000000000004 30.500000000000004 29.500000000000004 10.794119834899904 13.250360488891603 0.70710679888725292 0.7240414321422578 0.024474314413964752 14.561655044555666 14.014347553253176 2.5000000000000004 0.014185110572725536 19.500000000000004 41.500000000000007 2.5422707796096806 49.500000000000007 6.1512548923492441 9.6654934883117694 11.018282413482668 36.500000000000007 35.500000000000007 32.500000000000007 27.500000000000004
decision_type=2 2 2 2 2 2 2 2 2 2 2 2 2 2 2 2 2 2 2 2 2 2 2 2 2 2 2 2 2 2
left_child=8 2 3 4 10 23 7 -7 9 12 -2 -12 -1 -14 -10 16 18 -18 19 -5 -21 -8 -17 -6 -25 -23 27 28 29 -27
right_child=1 -3 -4 15 5 6 21 -9 14 -11 11 -13 13 -15 -16 22 17 -19 -20 20 -22 25 -24 24 -26 26 -28 -29 -30 -31
leaf_value=-0.047481573491460677 -0.00055256153668470809 0.034753595016504636 -0.049654709226879701 0.053312527843458614 0.037298236630493982 0.025990598569348142 0.034120013145164794 -0.051550262306332896 -0.048297496495062819 0.028618574840215735 -0.069995440167301179 -0.0029981668697640247 0.045181767563659485 -0.030801620236703367 -0.010787760220029937 0.0031183037392337877 0.031314948541501186 -0.043500100891901677 -0.043265722526021129 -0.065906418239685696 0.019320071580280793 0.0092767188370828525 0.029488728900170041 0.025423683755018234 -0.010832136537365679 0.012651563052956517 0.026551625676121904 -0.070823368962587077 0.03440645286330745 -0.029456381859676334
leaf_weight=8.1429528038424888 19.817073551676007 39.383142655249685 7.7892740898241746 5.2759344119112921 21.90350698819384 6.4106618431396765 10.320340450271031 6.1719876136630774 207.10149923328572 2.3042653525480992 2.7262937444029367 4.2068196944892406 1.4531261920928948 2.3977082149940543 4.9173969082185058 1026.0358073518146 2.3978744372725496 11.035295441513879 1.926789685618133 2.5594235592288896 5.2077977359294891 348.78023751475848 5.9746119319461277 8.81554285623133 4.4859854709357014 68.601994987344369 47.573717519990169 2.1770709743723264 11.873127359896896 5.8603587765246621
leaf_count=1305 743 180 8763 36 33 10 77 1038 155855 138 138 13 1 442 531 14860 7 289 48 140 69 2889 32 23 37 561 382 36 90 109
internal_value=-4.9366e-10 0.0062253 0.00551857 0.00581248 0.0112077 0.0122882 0.0110857 -0.0130395 -0.0459622 -0.0217921 -0.010376 -0.0348456 -0.0329342 0.00127435 -0.0474823 0.00290599 -0.0110135 -0.0289009 0.00584238 0.0156612 -0.0130775 0.0117238 0.00329937 0.0288463 0.0132938 0.0111778 0.015947 0.0100142 0.0128403 0.00899114
internal_weight=1903.63 1677.31 1637.93 1630.14 569.725 542.975 507.769 12.5826 226.317 14.2981 26.7502 6.93311 11.9938 3.85083 212.019 1060.41 28.4031 13.4332 14.9699 13.0432 7.76722 495.187 1032.01 35.205 13.3015 484.867 136.086 88.5126 86.3355 74.4624
internal_count=188875 30603 30423 21660 6179 5285 5192 1048 158272 1886 894 151 1748 443 156386 15481 589 296 293 245 209 4144 14892 93 60 4067 1178 796 760 670
is_linear=0
shrinkage=0.05


Tree=27
num_leaves=31
num_cat=0
split_feature=6 7 3 6 3 3 3 10 6 10 3 7 6 3 3 3 6 3 6 5 5 6 6 3 6 5 6 6 6 6
split_gain=204.632 11.4576 10.0322 9.1723 4.38414 2.80712 3.49734 2.46435 2.31924 2.24805 1.84512 8.51831 1.693 1.72571 3.15427 2.08387 1.68208 8.64408 2.12032 2.91077 5.69189 2.35679 7.67113 2.56033 4.33252 4.53513 1.68437 2.67481 4.57442 1.67793
threshold=1.1545104384422304 0.45292907953262335 50.500000000000007 13.522763252258303 1.5000000000000002 42.500000000000007 41.500000000000007 0.0093898782506585139 4.6214363574981698 0.024474314413964752 30.500000000000004 0.60502782464027416 0.56629496812820446 30.500000000000004 29.500000000000004 16.500000000000004 2.2950463294982915 3.5000000000000004 3.6468113660812382 37.500000000000007 10.500000000000002 4.6214363574981698 4.1475377082824716 43.500000000000007 11.589940547943117 41.500000000000007 6.1512548923492441 9.9389123916625994 10.234188556671144 6.1512548923492441
decision_type=2 2 2 2 2 2 2 2 2 2 2 2 2 2 2 2 2 2 2 2 2 2 2 2 2 2 2 2 2 2
left_child=5 2 3 4 29 6 12 -6 -3 -7 -10 -12 -1 14 15 -14 17 -9 -18 20 -20 22 -21 -23 25 -25 -27 -28 -29 -2
right_child=1 8 -4 -5 7 9 -8 16 10 -11 11 -13 13 -15 -16 -17 18 -19 19 21 -22 23 -24 24 -26 26 27 28 -30 -31
leaf_value=-0.065582208701505038 0.036348695891328574 -0.0051231948610862502 -0.049079199215475176 0.0028266010943542763 -0.0057510494486340399 -0.048227632048762153 0.024498503508035483 0.029154712556659659 0.04107536443565523 -0.011114298786589679 -0.063551883113087057 0.046271973700627925 -0.0056649750834968241 -0.049080215040405467 0.031769304531771979 -0.050331624350307573 0.021623941588187992 -0.053091430422541108 0.020547093837636626 0.011783973916970985 -0.071057733859816938 0.0096527705735819456 -0.067483327270144985 0.048092612443630445 0.036983199712082492 0.010278089635897443 -0.059674869771046246 0.03833598473167419 -0.053390821990901741 0.012369424854807923
leaf_weight=2.7700256688986036 21.2610062235035 3.4955249722115687 7.4442367054361958 1054.0891472580843 24.475139667323674 191.77509540033498 2.2843935278069685 6.1251667947508377 29.722614594036713 4.8747659681830546 1.742830455128568 3.9965658988803625 6.5635093286982755 4.1983094411552875 2.2401758432679335 3.6870830789848696 40.667855630046688 4.8237114760268014 2.8449837386142462 10.67915507708676 2.2424540519714347 405.23323094483931 3.1574388641747637 2.6749028377234909 21.483710653148592 3.3988244228530675 2.7264612372964621 2.292432466289029 1.314910205081105 13.031337738037108
leaf_count=499 33 17 8763 15481 894 153830 194 10 91 529 67 5 366 1593 121 1140 313 1038 35 92 42 3149 111 4 94 42 173 19 70 60
internal_value=5.66037e-10 0.00596441 0.00531238 0.00559201 0.0107062 -0.0453984 -0.0262816 0.00955585 0.0324294 -0.0473685 0.03617 0.00844125 -0.033149 -0.0243626 -0.0130324 -0.024777 0.0103007 -0.00849092 0.0107295 0.00971719 -0.0248706 0.0101596 -0.00963368 0.0108037 0.0238947 0.000163698 -0.0162626 -0.0299643 0.000569457 0.0278451
internal_weight=1887.32 1668.92 1629.97 1622.52 568.433 218.393 21.7435 534.14 38.9575 196.65 35.462 5.7394 19.4591 16.6891 12.4908 10.2506 509.665 10.9489 498.716 458.049 5.08744 452.961 13.8366 439.124 33.8912 12.4075 9.73263 6.3338 3.60734 34.2923
internal_count=188875 30603 30423 21660 6179 158272 3913 6086 180 154359 163 72 3719 3220 1627 1506 5192 1048 4144 3831 77 3754 203 3551 402 308 304 262 89 93
is_linear=0
shrinkage=0.05


Tree=28
num_leaves=31
num_cat=0
split_feature=6 7 12 6 10 10 4 6 10 6 6 6 10 6 6 10 5 8 6 6 10 10 10 10 6 6 6 6 6 6
split_gain=190.148 13.8978 9.2889 9.27198 2.76591 3.52845 6.31651 3.11691 2.7527 2.7412 3.06271 2.35575 2.2923 2.02495 4.66167 12.3917 2.30291 2.5318 2.48184 1.98126 4.1838 2.42546 4.54677 4.89214 4.1505 2.91013 2.56526 4.67924 2.64386 4.54111
threshold=1.1545104384422304 0.45292907953262335 1.0000000180025095e-35 12.204383850097658 0.011050061322748663 0.011696306522935631 27.500000000000004 0.70710679888725292 0.016159754246473316 0.56629496812820446 0.69706848263740551 0.7240414321422578 0.024474314413964752 1.4858037233352663 3.6468113660812382 0.022421040572226051 37.500000000000007 143.50000000000003 6.504176378250123 11.589940547943117 0.010152545757591726 0.010362972505390646 0.0099504948593676108 0.010152545757591726 10.794119834899904 3.2873064279556279 11.018282413482668 9.9389123916625994 9.6654934883117694 7.5765991210937509
decision_type=2 2 2 2 2 2 2 2 2 2 2 2 2 2 2 2 2 2 2 2 2 2 2 2 2 2 2 2 2 2
left_child=4 2 -2 8 -1 6 -6 12 19 -8 -11 -9 -7 -10 15 -15 17 -16 -18 21 -21 22 24 -24 25 -4 27 28 29 -25
right_child=1 -3 3 -5 5 7 9 11 13 10 -12 -13 -14 14 16 -17 18 -19 -20 20 -22 -23 23 26 -26 -27 -28 -29 -30 -31
leaf_value=-0.048532058964996287 -0.048512117184501935 0.035502574542028362 -0.043937105383225955 0.0027348421532574041 0.052911605433817559 -0.047366985531562461 -0.04856031244714927 0.041757373508630152 0.049672886960437444 0.038907369445650916 -0.036499527730499748 -0.025683288983196113 -0.0077151889684011531 -0.079373056113949306 -0.051499867602831012 0.033884740431701879 0.042871212612672932 0.017416777377229072 0.010555718853798033 0.039981860444373914 0.0072086656468247677 0.010387334527069893 -0.070456619561895348 0.020154669097107704 -0.055390998651976719 0.012203831949780313 0.027838513775335413 -0.072333585460220964 0.040819138920937248 -0.064375715792722221
leaf_weight=153.16900232577609 7.0908685852700719 37.15432589215925 1.4504521873313923 1130.9748691966524 2.3027198619674882 37.812445108029351 4.8665830258832994 1.3608536720275872 5.4057417656294993 1.9980323009658607 1.4616334502934476 1.8961283073440425 4.4998524052207349 3.1636839904822391 1.0446942029520898 4.8378820652142167 16.944649639073763 2.9095957486424595 10.117374952882527 15.343452726490794 25.49683318764437 334.34514258638956 3.1293449579388826 2.9270003401907143 1.5711220051161934 50.09878846257925 2.9928848631680003 1.9578565047122536 1.9654169809073208 1.7720318268984554
leaf_count=124095 8763 180 615 16225 1047 27834 3914 1 6 61 493 298 529 34 42 40 41 35 47 93 204 2778 232 120 131 928 13 31 6 39
internal_value=4.82987e-11 0.00566338 0.00495995 0.00522404 -0.044789 -0.033917 -0.00716605 -0.0398688 0.0109817 -0.0276731 0.00600877 0.005685 -0.0434256 0.0227849 0.0179116 -0.0147385 0.0265318 -0.00751044 0.0315965 0.0097496 0.0201827 0.00864281 2.21272e-05 -0.0236269 0.00690162 0.00981813 -0.00642517 -0.0199755 0.00283668 -0.0174247
internal_weight=1872.06 1662.69 1625.54 1618.45 209.367 56.1982 10.629 45.5693 487.474 8.32625 3.45967 3.25698 42.3123 44.4236 39.0179 8.00157 31.0163 3.95429 27.062 443.05 40.8403 402.21 67.8649 14.7445 53.1204 51.5492 11.6152 8.62231 6.66445 4.69903
internal_count=188875 30603 30423 21660 158272 34177 5515 28662 5435 4468 554 299 28363 245 239 74 165 77 88 5190 297 4893 2115 441 1674 1543 209 196 165 159
is_linear=0
shrinkage=0.05


Tree=29
num_leaves=31
num_cat=0
split_feature=6 10 3 6 6 3 6 4 3 6 6 3 5 10 4 6 6 6 6 6 3 6 6 3 6 3 6 3 6 3
split_gain=178.638 10.9514 8.46311 4.86856 3.49158 5.09815 3.65313 5.61071 2.7607 3.23898 8.50227 2.62178 5.69378 2.49536 2.22881 2.19699 3.02323 2.44525 5.3124 3.53307 2.12952 3.56248 2.12839 6.26908 1.86428 4.07503 4.81485 3.97403 3.00713 3.36622
threshold=1.1545104384422304 0.016159754246473316 50.500000000000007 12.204383850097658 10.794119834899904 5.5000000000000009 22.442245483398441 95.500000000000014 42.500000000000007 0.70710679888725292 0.7240414321422578 39.500000000000007 40.500000000000007 0.024474314413964752 42.500000000000007 13.012989997863771 13.250360488891603 19.381326675415043 21.659376144409183 40.790140151977546 45.500000000000007 10.794119834899904 11.589940547943117 38.500000000000007 40.993413925170906 11.500000000000002 42.525291442871101 24.500000000000004 45.290647506713874 38.500000000000007
decision_type=2 2 2 2 2 2 2 2 2 2 2 2 2 2 2 2 2 2 2 2 2 2 2 2 2 2 2 2 2 2
left_child=8 2 3 20 11 15 7 -7 9 -1 -11 -3 -13 -10 -15 -6 -17 -18 -19 -20 22 -22 -2 -24 -5 -26 -27 -28 29 -29
right_child=1 4 -4 24 5 6 -8 -9 13 10 -12 12 -14 14 -16 16 17 18 19 -21 21 -23 23 -25 25 26 27 28 -30 -31
leaf_value=-0.038507310118672887 0.0086567919314574897 0.033265463469561267 -0.047916052827077518 0.0034432000620489055 -0.050474965272210549 -0.064077779545042665 0.040763483846582266 0.03783925986392269 -0.047376591721320298 0.057575150978171397 -0.039840546118425108 0.021812188569053485 -0.0617075668945678 -0.029197748941549109 0.031971121953513724 0.050077523945199501 -0.035061850331865263 0.042710074697183374 -0.025921981639356308 0.017460514266721548 0.0012667893173535212 -0.059180314800927926 0.0053413334880570325 0.046196161693756572 -0.023282874941974629 -0.025482564463087116 0.016309686333335596 -0.029202098105464942 0.015188572358857686 0.026148305909309125
leaf_weight=13.849895861581901 377.45710584925837 50.158639246365055 6.7224288336219606 997.68117064516991 1.1970152929425264 1.5930685155617541 14.856936889584174 1.8749645128846193 175.83059946155117 2.9221828260924658 4.224325251969276 9.2316961142932978 1.5553640922298644 3.000182726274943 1.4038207726553071 1.8836758136749292 4.0975796253187609 5.3173860087990787 11.650664804037662 6.5934188812971106 23.332819053728603 1.7169369123876084 25.300689505820628 14.22604132350534 20.026170636061579 12.804488446097819 41.424612988252193 14.58875101152808 8.2161294156685454 2.5196025762706986
leaf_count=2676 3925 154 8761 13797 21 46 61 2 153830 9 1228 113 35 524 5 2 71 22 300 69 905 110 204 47 572 480 440 359 88 19
internal_value=-2.61653e-11 0.00541435 0.00432196 0.00458106 0.0205888 0.0103519 0.0304793 -0.0128404 -0.0443637 -0.0251927 0.00217029 0.0285299 0.00555613 -0.0464457 -0.00739146 -0.00222897 0.00131447 -0.00363794 0.00303201 -0.0101509 0.00900637 -0.00498909 0.00985706 0.0208224 0.00279174 -0.00370456 0.00145177 0.00691846 -0.00847928 -0.0200566
internal_weight=1857.26 1656.03 1546.02 1539.29 110.01 49.0647 18.325 3.46803 201.231 20.9964 7.14651 60.9457 10.7871 180.235 4.404 30.7397 29.5427 27.659 23.5615 18.2441 442.034 25.0498 416.984 39.5267 1097.26 99.5798 79.5536 66.7491 25.3245 17.1084
internal_count=188875 30603 29707 20946 896 594 109 48 158272 3913 1237 302 148 154359 529 485 464 462 391 369 5191 1015 4176 251 15755 1958 1386 906 466 378
is_linear=0
shrinkage=0.05


Tree=30
num_leaves=31
num_cat=0
split_feature=6 10 3 6 3 6 7 6 6 6 10 10 6 6 6 6 6 6 6 6 6 3 3 6 6 6 10 3 3 3
split_gain=167.958 10.9673 7.91338 4.87082 3.01635 2.94407 2.71207 5.15616 4.82729 4.07243 3.44517 5.13278 2.99443 3.72212 2.37297 2.63299 2.42228 3.96652 2.95387 5.64006 1.89905 4.12667 1.92326 2.62472 2.54072 3.05601 2.38173 7.05255 2.37672 2.32627
threshold=1.1545104384422304 0.016159754246473316 50.500000000000007 12.204383850097658 16.500000000000004 0.69706848263740551 0.45292907953262335 27.79000282287598 32.622304916381843 4.6214363574981698 0.022750681266188625 0.023384617641568187 33.15819168090821 40.790140151977546 6.504176378250123 8.8021216392517108 9.6654934883117694 19.381326675415043 13.012989997863771 14.846392631530763 11.589940547943117 38.500000000000007 36.500000000000007 3.2873064279556279 6.1512548923492441 7.251589536666871 0.010471491608768703 32.500000000000007 30.500000000000004 27.500000000000004
decision_type=2 2 2 2 2 2 2 2 2 2 2 2 2 2 2 2 2 2 2 2 2 2 2 2 2 2 2 2 2 2
left_child=4 2 3 20 5 -1 7 10 -9 -8 14 -12 -10 -14 -3 -16 -17 18 -18 -20 22 -22 26 -24 -25 -26 -2 28 29 -28
right_child=1 6 -4 -5 -6 -7 9 8 12 -11 11 -13 13 -15 15 16 17 -19 19 -21 21 -23 23 24 25 -27 27 -29 -30 -31
leaf_value=-0.058502855192907856 0.029163307450410837 0.034415279485606839 -0.047401935872871455 0.0025523076909444581 -0.045116085082565288 0.0074276615155231722 -0.014569799661578254 -0.066416649378620643 0.052120632993776041 0.037070117873251367 0.026345481183527416 -0.064126291084869932 -0.049776788369493986 0.011089865086434638 -0.017869846160530431 0.047422406195095662 -0.059324305748251163 0.02909583620193118 0.034817188161004604 -0.056379947573880651 0.0062896350367393564 0.039445847394860574 -0.047409773553881214 0.02002101392463812 -0.046681237152465582 0.00012617225445468426 0.0090583055857801197 -0.041688288237533545 0.025531208983419918 -0.014572151332332027
leaf_weight=1.2897815965116013 13.572564611095002 27.650585926952772 6.4316710303901337 1094.4559357543476 186.77303792098246 5.8283638606080785 3.7702282015234223 2.2520553994690991 1.463782981969415 32.806056704721414 2.4580617118626824 1.9876885584089903 2.7143424167297763 6.9541659196838737 4.8278141478076604 5.1180985905230072 1.7492533912882233 10.031244040466843 3.8806249599438161 1.6008723833365364 24.911282362707425 14.532062160782514 1.7984354378131673 14.171728325949514 2.7544479241478248 48.897882414588821 280.92999007774051 5.9252110891393377 20.568129078717902 9.9439712042221782
leaf_count=154 99 118 8761 15755 157824 294 17 81 6 162 10 68 159 67 19 7 32 74 20 56 204 93 797 208 173 940 1989 270 167 251
internal_value=2.58483e-10 0.00518739 0.00409295 0.00433984 -0.0438954 -0.0102536 0.0204247 0.0144993 -0.0128093 0.0315011 0.0207727 -0.018452 0.00261587 -0.00906194 0.0242249 0.0130159 0.0201579 0.00991996 -0.0169857 0.0035937 0.0087904 0.0191786 0.00771692 3.08011e-05 0.00201704 -0.0032091 0.00928263 0.00834348 0.00942572 0.0082033
internal_weight=1842.05 1648.16 1538.89 1532.46 193.891 7.11815 109.265 72.6886 13.3843 36.5763 59.3042 4.44575 11.1323 9.66851 54.8585 27.2079 22.3801 17.262 7.23075 5.4815 438.006 39.4433 398.562 67.6225 65.8241 51.6523 330.94 317.367 311.442 290.874
internal_count=188875 30603 29707 20946 158272 448 896 717 313 179 404 78 232 226 326 208 189 182 108 76 5191 297 4894 2118 1321 1113 2776 2677 2407 2240
is_linear=0
shrinkage=0.05


Tree=31
num_leaves=31
num_cat=0
split_feature=6 10 3 6 10 10 4 6 6 6 6 10 4 4 7 6 3 6 6 6 6 6 6 6 3 3 3 10 10 3
split_gain=156.687 15.7871 7.24374 4.52188 2.51813 2.36377 4.72479 3.43937 2.59409 2.73324 2.4495 2.30872 1.90315 1.61953 2.49011 1.85789 2.9206 3.32118 2.17099 1.97352 2.17167 1.6185 4.46165 4.06247 3.88968 3.85312 3.44975 3.15944 4.29849 3.74007
threshold=1.1545104384422304 0.016159754246473316 50.500000000000007 12.204383850097658 0.011050061322748663 0.011696306522935631 27.500000000000004 0.70710679888725292 0.56629496812820446 0.69706848263740551 0.7240414321422578 0.024474314413964752 42.500000000000007 9.5000000000000018 0.53642636537551891 9.6654934883117694 5.5000000000000009 13.012989997863771 8.8021216392517108 36.494224548339851 17.13894081115723 13.250360488891603 13.522763252258303 13.012989997863771 8.5000000000000018 45.500000000000007 44.500000000000007 0.010362972505390646 0.01197647722437978 15.500000000000002
decision_type=2 2 2 2 2 2 2 2 2 2 2 2 2 2 2 2 2 2 2 2 2 2 2 2 2 2 2 2 2 2
left_child=4 2 3 -2 -1 6 -6 11 -8 -10 -9 -7 -13 -3 15 18 17 -17 -15 20 -18 23 -23 24 -5 26 27 -26 -29 -30
right_child=1 13 -4 21 5 7 8 10 9 -11 -12 12 -14 14 -16 16 19 -19 -20 -21 -22 22 -24 -25 25 -27 -28 28 29 -31
leaf_value=-0.047041548072579605 0.0081851833513696577 0.045638071959210137 -0.046816438780322697 0.022142440048297511 0.047821460364514123 -0.046131703017580794 -0.047430826019833838 0.046473049271516888 0.037700839558586524 -0.034969850288498604 -0.023334214902573917 -0.026366100405696757 0.030833421464381866 0.02391254143531199 -0.016676166162538367 -0.051610526205558095 0.033053015296909093 0.010153422502025444 0.052512435259743417 0.049078824991276727 -0.015758419688207188 0.023700285364963311 0.0020916504198658539 -0.031649626983209125 0.0059519660865835732 0.022904694833297927 -0.068745145845453978 -0.070509784715382426 -0.054157690112081686 0.021700105217479511
leaf_weight=137.19105993167614 435.59354336300748 7.5214838758110991 6.0832231859531012 13.638515143655239 1.8670092964748617 32.339699244861549 4.4962638673314341 1.3110938072204583 1.9472916341619568 1.3299714062450219 1.8342605010693658 2.8198819945100695 1.3672859244979907 40.645674455561675 3.4460913282819083 1.3561488194391156 4.0241400456288812 29.121748886653222 8.4445070996880514 7.5755089076701552 3.3441069573163986 23.477488347329199 1016.5635252368811 11.208295453805475 11.839573125587785 6.2837169393897048 2.0619852244853965 3.1643094914033991 1.3799199085915459 4.1324668873567134
leaf_count=124095 5191 14 8761 55 1047 27834 3914 1 61 493 298 524 5 250 30 33 28 461 11 17 52 149 15024 149 103 55 15 102 55 48
internal_value=-2.93957e-10 0.00494495 0.00365124 0.00388244 -0.0433012 -0.0321673 -0.00882955 -0.0374819 -0.0263356 0.00692887 0.00995532 -0.0417232 -0.0053447 0.0235659 0.0214271 0.0229765 0.0151377 0.00585289 0.0297824 0.0325195 0.0116639 0.00216293 0.00260173 -0.00622643 0.00105165 -0.00932239 -0.0188825 -0.0109089 -0.0321536 -0.00268963
internal_weight=1827.41 1640.91 1535.43 1529.34 186.504 49.3128 9.64054 39.6722 7.77353 3.27726 3.14535 36.5269 4.18717 105.479 97.9579 94.5118 45.4217 30.4779 49.0902 14.9438 7.36825 1093.75 1040.04 53.7088 42.5005 28.862 22.5783 20.5163 8.6767 5.51239
internal_count=188875 30603 29707 20946 158272 34177 5515 28662 4468 554 299 28363 529 896 882 852 591 494 261 97 80 15755 15173 582 433 378 323 308 205 103
is_linear=0
shrinkage=0.05


Tree=32
num_leaves=31
num_cat=0
split_feature=6 7 3 6 3 6 3 3 6 3 6 3 5 5 6 6 6 3 6 3 3 3 3 6 6 3 3 6 3 6
split_gain=144.936 10.1736 6.91235 6.24787 4.01419 7.53447 3.05681 6.75411 3.17511 2.99664 3.02822 2.6427 2.15181 2.72001 1.96904 1.71835 2.4758 2.92657 2.0705 7.02079 2.46572 11.6061 2.75009 1.86432 10.4588 7.76445 7.13692 9.30736 5.24623 5.36683
threshold=1.1545104384422304 0.45292907953262335 50.500000000000007 6.504176378250123 11.500000000000002 2.6708065271377568 7.5000000000000009 5.5000000000000009 1.5870165824890139 16.500000000000004 0.69706848263740551 1.5000000000000002 7.5000000000000009 6.5000000000000009 4.6214363574981698 40.993413925170906 41.409038543701179 27.500000000000004 40.033845901489265 27.500000000000004 8.5000000000000018 3.5000000000000004 9.5000000000000018 30.485410690307621 32.034280776977546 12.500000000000002 30.500000000000004 39.328422546386726 11.500000000000002 31.649561882019047
decision_type=2 2 2 2 2 2 2 2 2 2 2 2 2 2 2 2 2 2 2 2 2 2 2 2 2 2 2 2 2 2
left_child=9 2 3 4 6 -6 7 8 -2 10 -1 -10 13 -11 -3 18 17 -17 23 20 21 -20 -22 -5 25 28 27 -26 29 -25
right_child=1 14 -4 15 5 -7 -8 -9 11 12 -12 -13 -14 -15 -16 16 -18 -19 19 -21 22 -23 -24 24 26 -27 -28 -29 -30 -31
leaf_value=-0.058136672733918142 0.04260383530991739 -0.0047861516768783882 -0.046270651466932843 0.0042228267926903776 -0.056048915241311004 0.0082398612866836154 0.029648950739576043 -0.027490828534775816 0.029657515420492827 -0.040141251864913415 0.009007412163486465 0.0031336080359674204 -0.044937800414244611 0.019661571029205571 0.034510918852674509 -0.051972558869225971 -0.00099274375784391862 0.013495748220224922 0.030570942983920154 -0.043788223189530157 0.053722551254454826 -0.068919742065217698 0.016659386752151464 -0.054258546101056321 0.0034391407229679514 -0.066381334379768828 0.03401895493270176 -0.030504619471008645 0.02973269692970236 0.011019143552193017
leaf_weight=1.2687007367494505 10.133261824026702 3.2763907683547577 5.7930025286914306 939.73748072618037 3.8032835375488494 90.474102534499252 42.289320831769146 8.416077255504204 13.180762706324456 2.8215016904068762 5.7042775109875947 28.630727088893764 166.2769080625294 2.9107784122097646 32.097735076560639 4.134985977318137 94.246551258256659 2.0408075866289437 7.4115636679343861 4.2384017305448642 5.0250372104346743 3.503588497871533 45.21988226682879 6.4480665051378363 229.8201218044851 8.6091335192322713 15.924672209657727 21.131702078506351 5.0329448264092198 4.9586189603433013
leaf_count=154 13 17 8763 11777 1375 951 116 60 29 3246 294 104 154033 545 163 241 1734 40 84 115 29 143 499 212 3234 288 90 431 25 70
internal_value=6.48071e-10 0.0046836 0.00408649 0.00429834 0.0126151 0.00508531 0.019415 0.0118786 0.018656 -0.0425879 -0.00896861 0.0119925 -0.0438911 -0.0113643 0.0308397 0.00311819 -0.00315903 -0.0314725 0.00360625 0.012215 0.0167381 -0.00446799 0.0213421 0.00313961 -0.000349886 -0.0305947 0.00259248 0.000471137 -0.00912214 -0.0272806
internal_weight=1814.56 1635.58 1600.2 1594.41 196.928 94.2774 102.65 60.3608 51.9448 178.982 6.97298 41.8115 172.009 5.73228 35.3741 1397.48 100.422 6.17579 1297.06 65.3985 61.1601 10.9152 50.2449 1231.66 291.925 25.0488 266.876 250.952 16.4396 11.4067
internal_count=188875 30603 30423 21660 2648 2326 322 206 146 158272 448 133 157824 3791 180 19012 2015 281 16997 870 755 227 528 16127 4350 595 3755 3665 307 282
is_linear=0
shrinkage=0.05


Tree=33
num_leaves=31
num_cat=0
split_feature=6 10 10 6 3 6 6 6 10 4 10 6 3 6 3 5 6 6 3 3 3 6 10 6 6 10 3 3 6 3
split_gain=137.583 10.8617 6.45969 3.36087 2.98073 3.01264 2.61317 2.35862 2.05251 2.04163 2.29412 6.52539 1.97301 4.55049 1.81159 11.5442 3.14066 3.01843 3.46052 1.54466 3.57314 2.26368 4.40523 1.40703 2.68838 3.02517 1.92942 3.62828 2.32156 2.18748
threshold=1.1545104384422304 0.016159754246473316 0.0090499590151011961 6.8531162738800058 16.500000000000004 0.69706848263740551 7.251589536666871 1.3006237745285036 0.024474314413964752 9.5000000000000018 0.025135437026619915 2.5422707796096806 11.500000000000002 2.6708065271377568 30.500000000000004 40.500000000000007 3.6468113660812382 10.794119834899904 13.500000000000002 7.5000000000000009 5.5000000000000009 2.5422707796096806 0.015651676803827289 14.014347553253176 14.291547775268556 0.014578848611563446 46.500000000000007 49.500000000000007 10.794119834899904 34.500000000000007
decision_type=2 2 2 2 2 2 2 2 2 2 2 2 2 2 2 2 2 2 2 2 2 2 2 2 2 2 2 2 2 2
left_child=4 2 -2 7 5 -1 -5 -4 -6 -3 14 -12 19 -14 16 -16 -11 -18 -19 20 21 -9 -23 26 25 -25 28 -28 29 -8
right_child=1 9 3 6 8 -7 23 12 -10 10 11 -13 13 -15 15 -17 17 18 -20 -21 -22 22 -24 24 -26 -27 27 -29 -30 -31
leaf_value=-0.057899575742235823 -0.045865974384543623 0.04461073171096791 -0.039400877902883873 -0.034734189108752637 -0.044294651496437604 0.0092433230467688521 -0.0016412619532994066 0.031859984815417901 -0.0078347719266782922 -0.00737902399358245 0.03727507941564373 -0.068619564149613288 -0.05190686957782558 0.0075059669798830638 0.026531742392592234 -0.073516494301109389 0.037136680890813477 0.007782422882013528 0.041039830077636015 0.022098122686286636 -0.022742200473776963 0.023176994100426423 -0.020293071241240485 -0.062804415169520206 0.0021566765674093835 0.01191984997707482 -0.00082797645097646734 -0.061230432177786967 0.01088291273501382 0.011203329631653288
leaf_weight=1.2501918039051805 5.6159619529353213 7.232344730757176 1.425530444481409 3.628571799315977 163.17612899681262 5.710747086443007 107.57093107129913 11.83755401149392 4.4419871571008107 7.734493112191557 2.0552622624672945 1.8532898314297197 2.350943052006186 89.36608195543522 10.807640093960798 2.8156003977637729 30.768819458317012 32.931475765071809 9.551961590535937 47.178244445705786 6.6544275727355844 12.910579336457888 9.0703487137798202 2.3313875036546952 988.57375082158251 1.824063125066459 19.902171010107853 1.8458201537723642 161.28120661602588 46.78010617554537
leaf_count=154 8761 14 528 140 157292 294 905 24 532 28 11 37 830 937 111 87 77 498 33 125 64 41 49 127 14592 17 367 100 1568 532
internal_value=5.56703e-10 0.00453809 0.00345295 0.00366597 -0.0420495 -0.00857381 0.00279418 0.0100466 -0.0433806 0.0199583 0.0177185 -0.0166865 0.0106558 0.00543965 0.0192995 0.0022408 0.0221067 0.0252775 0.0160318 0.015991 0.00851093 0.0151371 0.00513674 0.00292257 0.00197099 -0.0340539 0.00570848 -0.00842084 0.00670556 0.00229868
internal_weight=1800.48 1625.9 1520.15 1514.53 174.579 6.96094 1333.74 180.794 167.618 105.751 98.5185 3.90855 179.368 91.717 94.61 13.6232 80.9867 73.2523 42.4834 87.6512 40.4729 33.8185 21.9809 1330.11 992.729 4.15545 337.38 21.748 315.632 154.351
internal_count=188875 30603 29707 20946 158272 448 18348 2598 157824 896 882 48 2070 1767 834 198 636 608 531 303 178 114 90 18208 14736 144 3472 467 3005 1437
is_linear=0
shrinkage=0.05


Tree=34
num_leaves=31
num_cat=0
split_feature=6 10 10 6 10 10 4 6 6 6 10 6 3 6 6 4 6 4 6 6 6 10 6 6 3 6 6 6 6 6
split_gain=130.003 10.9125 6.0196 3.5361 2.87653 2.41906 4.66234 3.76769 2.61104 2.46665 2.42761 2.42261 2.33591 6.29117 2.1444 1.99653 1.88382 5.10746 3.36278 5.31104 3.10088 3.24204 6.52499 2.0839 4.6647 3.50665 1.72141 1.50281 7.54658 1.46895
threshold=1.1545104384422304 0.016159754246473316 0.0090499590151011961 6.8531162738800058 0.011050061322748663 0.011696306522935631 27.500000000000004 0.70710679888725292 0.7240414321422578 0.56629496812820446 0.024474314413964752 0.69706848263740551 11.500000000000002 2.6708065271377568 7.251589536666871 9.5000000000000018 10.794119834899904 48.500000000000007 32.622304916381843 27.79000282287598 8.8021216392517108 0.023384617641568187 2.5422707796096806 33.15819168090821 5.5000000000000009 40.790140151977546 21.154217720031742 0.71164748072624218 0.74124696850776683 1.4858037233352663
decision_type=2 2 2 2 2 2 2 2 2 2 2 2 2 2 2 2 2 2 2 2 2 2 2 2 2 2 2 2 2 2
left_child=4 2 -2 12 27 6 -6 10 -9 -8 -7 -11 -4 -14 -5 -3 20 -18 19 26 21 29 -23 -20 25 -25 -19 -1 -29 -17
right_child=1 15 3 14 5 7 9 8 -10 11 -12 -13 13 -15 -16 16 17 18 23 -21 -22 22 -24 24 -26 -27 -28 28 -30 -31
leaf_value=-0.048300656179547152 -0.045336175527815603 0.044487213828650195 0.016057451883550702 -0.032258594701527296 0.048246812778419607 -0.044906491990749101 -0.046578141215505103 0.050460953601618286 -0.021579765985527185 0.03632943661346482 -0.0037563216549967252 -0.033382527488381573 -0.053923227228851026 0.0073347279745374465 0.0027067450296994447 0.046307556351679109 -0.06164032254319244 -0.0046150410429655437 0.061525695338182779 -0.062631273924188255 0.045811986458542134 0.034651611154572957 -0.068597135650456151 -0.047100440022345209 0.046860067765837662 0.013513354667265465 0.02207143160686072 0.041757764915409758 -0.041900058344888261 0.016808433129112649
leaf_weight=104.81980894855224 5.3454871117864959 7.0640064766630521 84.675240061536897 3.405090050189755 1.9832195609051266 29.744545740904869 4.0592370803933573 1.328940033912658 1.8673312813189111 1.9145358577370646 4.2747116359241764 1.20821438182611 3.4011160644877227 89.357459267892409 1325.2070850959717 4.5410011899657539 1.400623598427045 11.654856596287578 3.04571205377579 1.9344313662149932 11.911503913346676 2.0896036974154404 2.1713471689727157 2.3203888585558179 7.2275715500582001 7.5256031206808984 10.944596258108502 2.3786406711151384 15.789406495707224 31.944098588894121
leaf_count=101413 8761 14 310 140 1047 27834 3914 1 298 61 529 493 1351 937 18208 4 42 137 6 86 30 22 61 157 20 68 74 1017 21665 175
internal_value=6.06297e-10 0.00437403 0.00328028 0.00348281 -0.0415447 -0.0296397 -0.00585835 -0.0351899 0.0132604 -0.0248695 -0.0399907 0.00780248 0.0100942 0.00453745 0.00259294 0.0198251 0.0176318 0.00991943 0.013465 0.000839844 0.0240664 0.0167643 -0.0210011 0.0280918 0.0190534 -0.003797 0.00869646 -0.045759 -0.0293401 0.0216174
internal_weight=1786.54 1617.17 1511.39 1506.05 169.369 46.3807 9.16521 37.2155 3.19627 7.18199 34.0193 3.12275 177.434 92.7586 1328.61 105.775 98.7113 46.0538 44.6532 24.5339 52.6576 40.7461 4.26095 20.1193 17.0736 9.84599 22.5995 122.988 18.168 36.4851
internal_count=188875 30603 29707 20946 158272 34177 5515 28662 299 4468 28363 554 2598 2288 18348 896 882 590 548 297 292 262 83 251 245 225 211 124095 22682 179
is_linear=0
shrinkage=0.05


Tree=35
num_leaves=31
num_cat=0
split_feature=3 10 10 7 3 3 3 3 4 3 7 3 4 3 4 3 7 5 10 10 10 10 10 10 10 3 3 3 3 10
split_gain=117.175 13.0331 2.566 2.01336 1.47232 1.66676 2.10656 1.61059 1.43807 1.39355 1.24899 3.0579 1.08771 0.79129 3.10639 4.1012 0.701419 0.65304 2.72469 0.470662 2.90023 2.55791 1.68488 2.54618 0.436493 1.59761 1.32227 0.468625 0.580297 0.428344
threshold=50.500000000000007 0.016159754246473316 0.024474314413964752 0.45292907953262335 9.5000000000000018 7.5000000000000009 6.5000000000000009 5.5000000000000009 42.500000000000007 3.5000000000000004 0.46288169920444494 12.500000000000002 2.5000000000000004 24.500000000000004 7.5000000000000009 38.500000000000007 0.63366886973381054 7.5000000000000009 0.014965224079787733 0.022421040572226051 0.019371015019714836 0.01962373033165932 0.022750681266188625 0.023384617641568187 0.009756329935044052 45.500000000000007 33.500000000000007 29.500000000000004 28.500000000000004 0.010582306887954475
decision_type=2 2 2 2 2 2 2 2 2 2 2 2 2 2 2 2 2 2 2 2 2 2 2 2 2 2 2 2 2 2
left_child=1 4 17 19 5 6 7 9 12 -1 -5 -12 16 -13 -15 -16 -4 18 -2 20 -3 -22 -21 -24 25 -6 27 28 -26 -28
right_child=2 3 8 10 24 -7 -8 -9 -10 -11 11 13 -14 14 15 -17 -18 -19 -20 22 21 -23 23 -25 26 -27 29 -29 -30 -31
leaf_value=0.0058906193015000764 0.035676660791898476 0.016467558102478318 0.028820323785881355 0.047958258298034559 0.0095955550940694436 0.010627512825001274 -0.0093043155265401575 0.011770735382112353 0.029040024178837311 -0.0031233068761170116 -0.017218944934415559 0.03736157913026885 -0.038874177626062101 0.043033311017822318 -0.062901504447149689 0.023442039291107941 -0.020056771836129712 -0.044673160608513139 -0.03910259891704853 0.046397390073404571 0.015300966413673773 -0.059839654749094841 0.027183524158435723 -0.044352970974842434 0.0020163548722295773 -0.00021548775897884485 -0.0015782085362070306 0.0052358265362398093 -0.0073132071916840492 -0.010073430981904129
leaf_weight=108.76880145235918 0.91653090529143755 59.956723981362302 0.79978080140426733 8.4845108350273204 73.571580612784601 107.26276716787834 28.817856576002669 60.674614136456512 1.2494601702783246 69.549507345131133 3.2825638176873353 14.132000405341389 1.774951098544989 3.4300781060010213 1.43177250595181 2.3167831641039811 0.35151072614826262 137.1390761540606 2.6536691874425742 3.9329312145709983 1.4739655926823609 1.5057643346954135 2.2880349238403146 1.0007615396752951 659.23068366273947 93.447385839201161 181.33683213956829 114.57089933603129 16.137439410900697 15.238039776566437
leaf_count=1091 295 572 3 25 1626 1090 546 543 6 1094 32 42 452 6 40 36 69 157300 3345 8 10 51 10 69 10314 2607 4336 2167 544 546
internal_value=-4.06857e-10 0.00383588 -0.0429337 0.0209442 0.00266751 0.0053855 0.00325426 0.00480103 -0.00343649 0.00237711 0.0311613 0.023719 -0.021168 0.030514 0.0141137 -0.0158385 0.0115109 -0.0440733 -0.0162996 0.0157569 0.0139469 -0.0281652 0.0279158 0.00014938 0.00177986 0.00413765 0.00137689 0.00228973 0.00178295 -0.00228439
internal_weight=1776.73 1631.84 144.885 103.236 1528.61 375.074 267.811 238.993 4.1757 178.318 33.0777 24.5932 2.92624 21.3106 7.17863 3.74856 1.15129 140.709 3.5702 70.1582 62.9365 2.97973 7.22173 3.2888 1153.53 167.019 986.514 789.939 675.368 196.575
internal_count=188875 27405 161470 901 26504 4364 3274 2728 530 2185 181 156 524 124 82 76 72 160940 3640 720 633 61 87 79 22140 4233 17907 13025 10858 4882
is_linear=0
shrinkage=0.05


Tree=36
num_leaves=31
num_cat=0
split_feature=6 7 12 6 10 6 6 6 6 10 10 4 6 5 10 10 6 10 6 6 10 6 6 10 10 10 6 6 10 6
split_gain=114.32 10.9316 5.36156 5.93224 4.38437 5.68354 3.07908 12.2056 2.42821 1.97453 4.19352 4.11085 2.7514 1.62524 2.33475 1.62213 1.61016 4.11069 5.99998 6.16384 5.22863 3.81404 4.35203 7.75455 3.43309 4.6043 3.83249 10.5031 3.39558 3.18842
threshold=1.1545104384422304 0.45292907953262335 1.0000000180025095e-35 6.8531162738800058 0.013923869002610447 2.2950463294982915 0.70710679888725292 0.74124696850776683 7.251589536666871 0.011050061322748663 0.011696306522935631 27.500000000000004 0.56629496812820446 7.5000000000000009 0.014965224079787733 0.027502738870680336 21.659376144409183 0.013923869002610447 33.566234588623054 40.578989028930671 0.015651676803827289 24.167681694030765 23.637259483337406 0.0098524559289217013 0.014965224079787733 0.014578848611563446 30.485410690307621 28.94754791259766 0.014578848611563446 40.450315475463874
decision_type=2 2 2 2 2 2 2 2 2 2 2 2 2 2 2 2 2 2 2 2 2 2 2 2 2 2 2 2 2 2
left_child=6 2 -2 4 5 -4 9 -8 -5 -1 11 -11 -13 14 -12 -15 -10 21 20 29 24 22 -18 -24 25 26 27 -19 -21 -20
right_child=1 -3 3 8 -6 -7 7 -9 16 10 13 12 -14 15 -16 -17 17 18 19 28 -22 -23 23 -25 -26 -27 -28 -29 -30 -31
leaf_value=-0.047594072083559563 -0.044329236997493929 0.032482273705522542 -0.057039703800454235 -0.034255293072246999 0.018079629222083605 0.005840807181313361 0.048446568102786809 -0.04051012036249458 0.0043011156278114923 0.047973438706053556 0.035884055934905949 -0.045318741842703673 0.015178021103025394 -0.047743436688032881 -0.02768641589513687 0.0071966439088287622 -0.0021595852142516354 -0.063823884622829258 0.0039316841307760614 -0.05286250810940199 -0.00026173178923891675 0.0048860003310160823 0.014926387499917468 -0.072962879857441418 -0.045242169460573363 0.0025202317837047829 -0.066065826312578277 0.025195438463631536 -0.010049885956287585 0.033945546039730039
leaf_weight=96.186909502735944 4.8713058800349236 31.971641355688917 2.7423490899236631 3.5169377221609457 112.15589209762402 91.292499315575697 4.1067020313494167 15.630289427797832 641.92549589423288 2.0894671255009598 0.98948083501454576 3.4915623092383594 2.563008841156261 25.89597759178287 4.8038784331365605 1.1579243228188705 37.804902491741814 4.9901776526821795 111.28197162225842 5.0306636001914766 33.959765730134677 442.92582754563773 3.6704565058462304 5.3514453303068876 14.834083758993073 16.812798503553495 5.1790693213697514 6.5539749133167788 23.173204388003796 8.6580382920801622
leaf_count=101092 8763 180 1256 144 506 1032 1373 22130 7528 1047 295 3914 353 24470 3495 103 746 181 1493 218 439 6281 42 179 433 288 163 79 583 69
internal_value=5.1367e-10 0.00398269 0.00338458 0.00356054 0.0114456 0.00342611 -0.0405974 -0.0205571 0.00236254 -0.0433111 -0.0323671 -0.000137813 -0.021188 -0.0401177 -0.0131449 -0.0452193 0.00248214 0.000857208 -0.00463669 0.00139175 -0.0153707 0.00344677 -0.00998413 -0.0392846 -0.0257583 -0.0160795 -0.0338661 -0.0153052 -0.0192349 0.00636104
internal_weight=1765.62 1608.7 1576.73 1571.86 206.191 94.0348 156.915 19.737 1365.67 137.178 40.9913 8.14404 6.05457 32.8473 5.79336 27.0539 1362.15 720.226 230.474 148.144 82.3299 489.753 46.8268 9.0219 48.3701 33.536 16.7232 11.5442 28.2039 119.94
internal_count=188875 30603 30423 21660 2794 2288 158272 23503 18866 134769 33677 5314 4267 28363 3790 24573 18722 11194 3946 2363 1583 7248 967 221 1144 711 423 260 801 1562
is_linear=0
shrinkage=0.05


Tree=37
num_leaves=31
num_cat=0
split_feature=6 10 10 10 4 7 6 6 10 7 6 7 5 10 6 3 3 6 3 3 3 3 3 3 3 3 6 6 10 10
split_gain=104.342 9.06367 5.08461 4.793 2.83025 7.83291 2.83852 3.50756 2.82149 2.44084 2.31665 2.12835 2.10973 4.20661 2.00057 4.03558 6.07391 2.29056 4.94566 4.54656 3.02806 4.43869 5.26173 3.91448 2.25007 4.71804 1.87051 4.04572 2.30807 5.07894
threshold=1.1545104384422304 0.016159754246473316 0.0090499590151011961 0.011050061322748663 25.500000000000004 0.53085750341415416 0.70710679888725292 0.7240414321422578 0.011173533275723459 0.53642636537551891 13.522763252258303 0.57062244415283214 7.5000000000000009 0.014965224079787733 15.463809490203859 2.5000000000000004 7.5000000000000009 14.014347553253176 19.500000000000004 41.500000000000007 26.500000000000004 40.500000000000007 45.500000000000007 8.5000000000000018 46.500000000000007 49.500000000000007 13.250360488891603 13.012989997863771 0.010582306887954475 0.010695492848753931
decision_type=2 2 2 2 2 2 2 2 2 2 2 2 2 2 2 2 2 2 2 2 2 2 2 2 2 2 2 2 2 2
left_child=3 2 -2 -1 -5 6 8 -8 -6 -7 26 -3 13 -10 15 -12 -17 18 -18 -20 23 -22 -23 -19 -24 -26 27 -4 -29 -30
right_child=1 11 10 4 5 9 7 -9 12 -11 14 -13 -14 -15 -16 16 17 20 19 -21 21 22 24 -25 25 -27 -28 28 29 -31
leaf_value=-0.045023611377658888 -0.044051086455720902 0.015575242386952973 0.0056957617409727759 -0.044280474405199971 0.013444077594506438 0.064083434949869358 0.052166307224947195 -0.025485547307578529 0.039963600687737501 -0.0082282231109115523 0.037964225689028124 0.041028025597023621 -0.045075025618627418 -0.040431931987363577 0.0021098968771470811 -0.06850775210807418 0.040096941150678592 0.02580302538052702 -0.061345130113648505 0.010698236630621465 0.015609008956755453 -0.072777107973183985 0.031433682089514532 -0.049623446030716875 -0.065560425865860389 0.020081308183265048 0.01928562288585035 -0.059911396619518324 0.055425339620333275 -0.031735107348879944
leaf_weight=108.66401572614996 4.7752535106119458 94.090206573571777 465.90680878089915 12.365725737501633 2.5934715820185437 2.6531097744446006 1.6861538887023919 2.2596196680387948 1.9211758624296731 1.411938110104529 3.4862775958608827 8.5918321376666409 17.177856659174715 2.6955406459637743 943.82498183898861 3.3101494946749872 6.2791215690085647 1.4773906357586364 2.4053792199410964 5.4831148077500984 12.964077881595587 2.9845926703419519 2.3972320728935301 7.7276534537086263 1.9147285992512477 2.8249969240278006 23.410781792015769 2.4663632595911604 1.3610783815383909 4.7968706320971251
leaf_count=124095 8761 874 5624 13634 896 324 1 494 295 1316 16 22 13845 3372 14007 82 51 10 140 69 261 99 15 212 47 15 149 68 1 80
internal_value=5.75678e-10 0.00378036 0.00278995 -0.0392527 -0.0245662 -0.0159413 -0.0254546 0.0115358 -0.031658 0.0423013 0.00296891 0.0180802 -0.0373793 -0.00581784 0.00157519 -0.00776563 -0.0116537 -0.00624467 0.0100428 -0.0156996 -0.0134778 -0.00330131 -0.026748 -0.0361755 -0.000920786 -0.0199103 0.00575095 0.00504407 -0.0270955 -0.00741843
internal_weight=1755.91 1602.48 1499.8 153.429 44.7646 32.3989 28.3338 3.94577 24.388 4.06505 1495.02 102.682 21.7946 4.61672 997.08 53.2547 49.7684 46.4583 14.1676 7.88849 32.2907 23.0856 10.1216 9.20504 7.13696 4.73973 497.942 474.531 8.62431 6.15795
internal_count=188875 30603 29707 158272 34177 20543 18903 495 18408 1640 20946 896 17512 3667 15024 1017 1001 919 260 209 659 437 176 222 77 62 5922 5773 149 81
is_linear=0
shrinkage=0.05


Tree=38
num_leaves=31
num_cat=0
split_feature=6 10 10 3 6 10 4 6 5 5 6 3 6 7 6 4 10 6 6 6 10 4 6 6 3 6 3 6 3 3
split_gain=97.5871 7.65494 6.80112 5.18373 5.21826 4.64701 5.7924 3.52669 3.67592 3.12727 3.04962 4.84708 4.93595 2.55664 2.32024 2.31071 2.05471 2.02434 1.75402 6.20531 1.59311 1.58954 1.55262 1.52655 2.11519 2.15868 3.20392 2.86156 2.92016 5.82569
threshold=1.1545104384422304 0.021915592253208164 0.011050061322748663 49.500000000000007 14.561655044555666 0.011696306522935631 27.500000000000004 0.70710679888725292 7.5000000000000009 6.5000000000000009 6.8531162738800058 11.500000000000002 2.2950463294982915 0.45982684195041662 0.7240414321422578 95.500000000000014 0.011173533275723459 7.251589536666871 0.71164748072624218 0.74124696850776683 0.027502738870680336 42.500000000000007 22.755928993225101 40.993413925170906 5.5000000000000009 42.525291442871101 17.500000000000004 42.76966857910157 15.500000000000002 20.500000000000004
decision_type=2 2 2 2 2 2 2 2 2 2 2 2 2 2 2 2 2 2 2 2 2 2 2 2 2 2 2 2 2 2
left_child=2 3 18 10 -5 6 -4 8 9 -7 11 -2 -13 17 -9 22 -8 -12 -1 -20 -10 -11 -15 -19 -25 26 -26 -27 -29 -30
right_child=1 -3 5 4 -6 7 16 14 20 21 13 12 -14 15 -16 -17 -18 23 19 -21 -22 -23 -24 24 25 27 -28 28 29 -31
leaf_value=-0.047874068084400652 0.016983432302322084 0.028860037593464456 0.046319508123763842 -0.047853870967085189 0.0071090980504289851 -0.03796408925629919 0.0077504612513151581 0.046809972638652622 -0.045895964383965974 -0.02564929122127212 -0.032126130908695129 -0.057044604982799341 0.0034182337277280147 -0.028698222081142612 -0.020035839791934389 0.049158909363715329 -0.044571446311259491 0.0030090061320575449 0.039366201904523446 -0.039654240086469353 0.0085571706520772301 0.036479986037930588 0.018900204766281192 -0.023695021456595966 0.00017692951096334728 0.023155724990076763 -0.041523267840844931 -0.027181563469187695 0.021621777015689042 -0.01271373628616717
leaf_weight=91.697740524279652 99.417051360826008 28.575333396613132 4.3284564711648272 8.8917794081935444 7.2598548475652924 2.3672753744212969 2.8694703879082208 1.5998631715774529 24.097028882737508 0.56521679338766251 3.2310591274872413 2.4998806235962538 94.312686525168829 1.5907919392921028 1.7657730573700972 4.5999438762664777 3.3152874903535121 1242.7765861278676 2.2034554839337934 12.418652109838147 1.115374956789309 3.4438366199028705 4.0942137477686629 10.401887370273469 12.271113863680513 13.425374519079922 6.3662594235502175 8.4585794685408455 21.939889498986304 25.810062444768846
leaf_count=101413 346 183 1047 9025 32 3246 1207 1 24470 146 132 1187 1031 44 298 3 3261 16579 1017 21665 103 398 26 288 273 120 344 298 147 545
internal_value=-2.7131e-10 0.00365246 -0.0381752 0.00317477 -0.0241749 -0.0212809 0.00733618 -0.0298528 -0.0349698 -0.000795944 0.00347494 0.00928653 0.00128973 0.00262706 0.0151833 0.0263375 -0.0225962 0.00242627 -0.0451344 -0.0259887 -0.0432525 0.0243488 0.00328056 0.00253337 -0.00342735 -0.000800335 -0.0154564 0.00328562 -0.00178214 0.00318247
internal_weight=1747.71 1595.92 151.787 1567.35 16.1516 45.4676 10.5132 34.9544 31.5887 6.37633 1551.2 196.23 96.8126 1354.97 3.36564 10.2849 6.18476 1344.68 106.32 14.6221 25.2124 4.00905 5.68501 1341.45 98.6732 88.2713 18.6374 69.6339 56.2085 47.75
internal_count=188875 30603 158272 30420 9057 34177 5515 28662 28363 3790 21363 2564 2218 18799 299 73 4468 18726 124095 22682 24573 544 70 18594 2015 1727 617 1110 990 692
is_linear=0
shrinkage=0.05


Tree=39
num_leaves=31
num_cat=0
split_feature=6 10 10 3 10 4 6 5 5 6 10 7 10 7 6 6 6 6 6 6 6 6 6 7 6 6 10 6 3 10
split_gain=90.8198 8.15736 6.26868 4.46677 4.2046 4.95545 3.21781 3.36056 2.88376 2.14405 1.97119 1.93458 1.99697 5.59932 2.38506 4.78924 2.7747 4.60182 2.30658 1.72579 1.72295 5.76462 1.71603 3.84256 3.33213 1.58618 3.40135 1.61513 2.74345 5.14949
threshold=1.1545104384422304 0.016159754246473316 0.011050061322748663 50.500000000000007 0.011696306522935631 27.500000000000004 0.70710679888725292 7.5000000000000009 6.5000000000000009 0.7240414321422578 0.011173533275723459 0.57062244415283214 0.023384617641568187 0.52635166049003612 9.6654934883117694 13.012989997863771 32.622304916381843 27.79000282287598 8.8021216392517108 14.014347553253176 0.71164748072624218 0.74124696850776683 33.15819168090821 0.45292907953262335 40.790140151977546 14.561655044555666 0.015881994739174846 14.846392631530763 33.500000000000007 0.015881994739174846
decision_type=2 2 2 2 2 2 2 2 2 2 2 2 2 2 2 2 2 2 2 2 2 2 2 2 2 2 2 2 2 2
left_child=2 3 20 19 5 -4 7 8 -6 -8 -7 12 14 -14 18 -16 17 -17 -3 -2 -1 -22 -18 24 -24 26 -21 28 29 -27
right_child=1 11 4 -5 6 10 9 -9 -10 -11 -12 -13 13 -15 15 16 22 -19 -20 25 21 -23 23 -25 -26 27 -28 -29 -30 -31
leaf_value=-0.047321158637511546 0.005049177037789631 0.018864486778531669 0.042331755703892165 -0.043057355367828148 -0.037550617581634825 0.0075783620310774851 0.044838919804436037 -0.042670954710137453 0.022794746159407769 -0.019848969060710327 -0.043918484544900216 0.03939424498731206 -0.064060785654021707 0.022156889102670354 -0.057609217368961851 0.0079824637663565689 0.056563105975407257 -0.059922371005616343 0.049888929756589845 -0.030830104647961556 0.03762887939410639 -0.038911897552356814 -0.046469967779051706 0.043508878619891486 0.013608330295403754 -0.05616541896087001 0.032438753943115316 0.0014471820466933998 0.036121504087875435 0.041553392552899748
leaf_weight=87.424196730324184 510.39348833679833 34.024507646914572 4.2969932447449537 4.3567002269846844 2.297018095592648 2.8974995311291405 1.5503785610198968 24.214064460960799 3.9585123771539683 1.7323629651800727 3.168563254243054 8.3171310005709511 2.0262047073338172 4.0939564084401354 1.6175068742595602 22.315641655237417 2.9501725174486664 1.7941124122735335 7.1969606168568125 8.27662965841591 2.1984015443813396 11.876856084869358 2.2269950887421164 6.7178130038082591 7.1481846184469759 1.9677083836868388 1.8717069067060954 954.25466402131133 7.2460833205841482 1.5253474060446024
leaf_count=101413 6210 179 1047 8761 3246 1207 1 24573 544 298 3261 22 84 16 44 194 6 92 11 289 1017 21665 159 22 67 68 4 14301 69 5
internal_value=-4.70735e-10 0.00346939 -0.0376559 0.0025335 -0.0211873 0.0062211 -0.0295394 -0.0345313 -0.00148535 0.0140381 -0.0217293 0.0171918 0.0147855 -0.0113754 0.0167568 0.0084781 0.0122039 0.00074419 0.0253344 0.00269608 -0.0445373 -0.025254 0.0259516 0.0173591 -0.00376622 0.00146054 -0.0172981 0.00167552 0.0201135 -0.0137425
internal_weight=1735.94 1590.32 145.615 1489.89 44.1154 10.3631 33.7523 30.4696 6.25553 3.28274 6.06606 100.429 92.1121 6.12016 85.9919 44.7704 43.1529 24.1098 41.2215 1485.54 101.499 14.0753 19.0432 16.093 9.37518 975.142 10.1483 964.994 10.7391 3.49306
internal_count=188875 30603 158272 29707 34177 5515 28662 28363 3790 299 4468 896 874 100 774 584 540 286 190 20946 124095 22682 254 248 226 14736 293 14443 142 73
is_linear=0
shrinkage=0.05


Tree=40
num_leaves=31
num_cat=0
split_feature=6 10 10 3 10 4 6 5 5 6 10 10 10 4 6 6 6 6 6 6 7 6 6 6 6 6 3 3 6 6
split_gain=84.8198 7.3733 5.77979 4.19635 3.9849 4.37262 2.92179 3.22908 2.7157 2.03511 2.00699 4.84903 1.91242 1.73372 1.72966 11.4333 3.02482 3.18699 2.9802 2.67244 1.66857 1.66411 5.37758 1.57526 5.16927 4.54524 4.14724 4.07901 3.63481 4.92036
threshold=1.1545104384422304 0.016159754246473316 0.011050061322748663 50.500000000000007 0.011696306522935631 27.500000000000004 0.70710679888725292 7.5000000000000009 6.5000000000000009 0.7240414321422578 0.021915592253208164 0.019843111746013168 0.011173533275723459 64.500000000000014 1.4858037233352663 3.6468113660812382 6.504176378250123 8.8021216392517108 9.6654934883117694 21.154217720031742 0.47501337528228765 0.71164748072624218 0.74124696850776683 40.578989028930671 40.450315475463874 40.790140151977546 12.500000000000002 13.500000000000002 41.409038543701179 42.525291442871101
decision_type=2 2 2 2 2 2 2 2 2 2 2 2 2 2 2 2 2 2 2 2 2 2 2 2 2 2 2 2 2 2
left_child=2 3 21 23 5 -4 7 8 -6 -8 11 14 -7 -13 -3 -16 -17 -18 -19 20 -20 -1 -23 24 -2 -25 28 -28 -27 -30
right_child=1 10 4 -5 6 12 9 -9 -10 -11 -12 13 -14 -15 15 16 17 18 19 -21 -22 22 -24 25 -26 26 27 -29 29 -31
leaf_value=-0.046825723601597272 0.0027061492867089232 0.04391892495777526 0.039434043982493547 -0.042567716225367896 -0.037011523783871854 0.0074819724924614821 0.043064947932007491 -0.042513913238147273 0.022234910047724633 -0.020260759773078871 0.027781209375189794 0.0082397455610871886 -0.043395808257802482 -0.067306240143762533 -0.0737965319802215 0.037319918997618065 -0.026726191092885737 0.045857482294908332 -0.017606448399992779 0.017755393175510253 0.02699314022106495 0.03586189721739589 -0.038366087424507866 -0.042390183378984231 0.030371872280730034 -0.065383505630816061 0.036692396522426195 0.00069905186691611822 0.013960522061081927 -0.036003690980248686
leaf_weight=83.28468064244953 1346.4206920394645 3.7883747816085807 4.2976288071004092 4.1694450823997604 2.2119523153305636 2.9398251448073989 1.5036289691925042 23.307941218576161 3.8656038896297131 1.7067997995181938 27.700368018820882 0.79385950311552744 3.0393955105027999 1.5938842342002308 2.6965779687743625 13.259048786247147 4.2280865537468335 5.6637523695826522 10.327179976855403 26.948335009146831 1.6425150423019648 2.2000114600305087 11.407436769484773 5.8751752935349932 16.11113605927676 2.7354917656630304 7.6752430070191613 85.411184723488986 9.4692757795564848 8.4525159923359734
leaf_count=101413 18419 3 1047 8761 3246 1207 1 24573 544 298 183 14 3261 54 16 47 26 10 135 393 15 1017 21665 144 137 208 66 1438 161 373
internal_value=1.56046e-10 0.00330147 -0.0371968 0.00241699 -0.0211532 0.0055948 -0.0295018 -0.0343624 -0.00151083 0.0125823 0.0164706 0.0117295 -0.0208928 -0.0471711 0.0144297 0.0120632 0.0169043 0.0107205 0.0147804 0.0092222 -0.009877 -0.0440072 -0.0247317 0.00257215 0.00305531 -0.00291105 -0.000520178 0.00402525 -0.020243 -0.0102617
internal_weight=1724.73 1584.96 139.765 1486.32 42.8728 10.2768 32.5959 29.3855 6.07756 3.21043 98.642 70.9416 5.97922 2.38774 68.5539 64.7655 62.0689 48.8099 44.5818 38.918 11.9697 96.8921 13.6074 1482.15 1362.53 119.619 113.744 93.0864 20.6573 17.9218
internal_count=188875 30603 158272 29707 34177 5515 28662 28363 3790 299 896 713 4468 68 645 642 626 579 553 543 150 124095 22682 20946 18556 2390 2246 1504 742 534
is_linear=0
shrinkage=0.05


Tree=41
num_leaves=31
num_cat=0
split_feature=6 10 10 6 3 10 4 6 5 10 6 6 6 6 6 6 6 3 6 6 6 6 6 3 8 6 6 6 6 7
split_gain=80.1703 8.26126 5.48772 4.17696 8.20604 3.9029 4.3275 2.65282 2.95963 2.47733 2.24022 1.87192 1.84357 2.95095 4.44119 3.77892 2.70231 3.80424 2.35244 2.0817 4.2117 2.03912 5.22399 1.89392 3.36715 1.77982 1.97356 1.63098 5.03944 1.60998
threshold=1.1545104384422304 0.016159754246473316 0.011050061322748663 1.9933357834815981 3.5000000000000004 0.011696306522935631 27.500000000000004 0.70710679888725292 7.5000000000000009 0.014965224079787733 2.5422707796096806 0.7240414321422578 10.794119834899904 32.622304916381843 24.571588516235355 21.154217720031742 33.15819168090821 5.5000000000000009 40.790140151977546 40.912498474121101 44.856470108032234 27.429511070251468 27.79000282287598 39.500000000000007 88.500000000000014 0.56629496812820446 0.69706848263740551 0.71164748072624218 0.74124696850776683 0.53085750341415416
decision_type=2 2 2 2 2 2 2 2 2 2 2 2 2 2 2 2 2 2 2 2 2 2 2 2 2 2 2 2 2 2
left_child=2 3 27 4 -2 6 29 8 9 -7 -5 -9 23 14 15 -14 -15 18 -18 -20 -21 -16 -23 -3 -25 -8 -27 -1 -29 -4
right_child=1 12 5 10 -6 7 25 11 -10 -11 -12 -13 13 16 21 -17 17 -19 19 20 -22 22 -24 24 -26 26 -28 28 -30 -31
leaf_value=-0.046395659040598655 0.023191299171102513 0.028789489474203955 -0.020151408214286685 0.025177539192217602 -0.057369530889624147 0.033389921942436465 -0.043262208548663895 0.040819023354663669 -0.042131676626204866 -0.023839927989205381 0.0023258750230496623 -0.019839604256809085 -0.010118245126717797 0.055893235933197977 -0.069418542344820297 0.029839165162263738 -0.045186175293323083 0.039108488523479215 0.03559180244558989 -0.060387391439349528 0.020833924654690285 0.043142787562107876 -0.057130519183632378 -0.053459430497219497 0.016283595626271612 0.032500616380623737 -0.031769620798175996 0.034384138350894169 -0.037809529624633187 0.047732999524892267
leaf_weight=80.20601075765444 4.5020573846995813 39.445153972017579 0.4776146107178646 9.816254653655049 7.0085108818457229 2.0427952768222957 3.0023902180255373 1.4561856985092156 22.741263882737258 4.007097019275534 1461.3722438373079 1.7515005570603532 11.608719855110399 4.1376327611506012 1.9035403095185746 10.330358752282335 1.9962295411969551 6.6891314606182268 2.6513902954757214 1.65485797310248 3.1379332058131695 1.617043992620893 1.6016149173228766 1.139100370928644 8.1199746542843041 1.8088633719598877 1.1012784177582942 2.1970786352612768 10.940210838838537 3.9861886955914088
leaf_count=101413 10 154 356 438 9456 295 3914 1 24573 3495 19803 298 152 7 32 43 160 30 6 51 12 7 94 35 113 61 493 1017 21665 691
internal_value=-4.08024e-10 0.00317894 -0.0367315 0.00225233 -0.0265251 -0.0210431 0.00523986 -0.0294665 -0.0341722 -0.00252063 0.00249535 0.010854 0.0173148 0.00996423 -0.000954135 0.00917693 0.0239021 0.0129117 -0.00761839 0.0066139 -0.0127936 -0.0387581 -0.00846834 0.0241136 0.00332885 -0.0215 0.00627419 -0.0435551 -0.0241577 0.0381108
internal_weight=1714.45 1578.73 135.718 1482.7 11.5106 42.3752 10.3763 31.9988 28.7912 6.04989 1471.19 3.20769 96.0327 47.3285 27.0613 21.9391 20.2672 16.1295 9.44041 7.44418 4.79279 5.1222 3.21866 48.7042 9.25908 5.91253 2.91014 93.3433 13.1373 4.4638
internal_count=188875 30603 158272 29707 9466 34177 5515 28662 28363 3790 20241 299 896 594 328 195 266 259 229 69 63 133 101 302 148 4468 554 124095 22682 1047
is_linear=0
shrinkage=0.05


Tree=42
num_leaves=31
num_cat=0
split_feature=6 10 10 10 7 6 5 5 10 3 10 7 10 4 7 7 4 7 3 3 3 6 6 6 6 6 6 6 6 6
split_gain=74.2754 8.47057 6.33382 3.19212 4.07028 3.6841 2.75382 2.35227 2.29517 2.16108 1.92632 1.68786 1.58824 1.5873 3.08607 1.48933 1.69533 2.83091 3.79421 2.90394 2.63375 1.61885 1.99672 1.80908 1.52309 3.25674 1.58899 1.92023 2.02084 1.482
threshold=1.2829732894897463 0.016159754246473316 0.011050061322748663 0.011696306522935631 0.53085750341415416 0.70710679888725292 7.5000000000000009 6.5000000000000009 0.0090499590151011961 9.5000000000000018 0.011173533275723459 0.53642636537551891 0.027502738870680336 9.5000000000000018 0.53642636537551891 0.45292907953262335 73.500000000000014 0.52635166049003612 13.500000000000002 15.500000000000002 17.500000000000004 9.6654934883117694 19.381326675415043 14.846392631530763 21.659376144409183 24.167681694030765 33.15819168090821 40.790140151977546 40.912498474121101 32.622304916381843
decision_type=2 2 2 2 2 2 2 2 2 2 2 2 2 2 2 2 2 2 2 2 2 2 2 2 2 2 2 2 2 2
left_child=2 8 -1 4 10 6 7 -5 -2 -7 -4 -6 -8 -3 15 21 17 18 -17 -20 -21 -15 23 -23 -24 -26 29 -28 -29 -27
right_child=1 13 3 5 11 9 12 -9 -10 -11 -12 -13 -14 14 -16 16 -18 -19 19 20 -22 22 24 -25 25 26 27 28 -30 -31
leaf_value=-0.043163157006465828 -0.037810427875399261 0.041104372225604729 0.0079336375827674874 -0.036360534946371807 0.050906367803692149 0.029310488778823723 -0.044361329874573585 0.019369189614712415 0.0022204748520050976 -0.031912260740756447 -0.044169133869143229 -0.0079865892351038206 0.010541589309058613 0.021053764183399555 -0.026658855222193974 -0.062731912258475006 0.041898916567418433 0.04398281413178122 0.040875970288578062 0.023076927845931895 -0.058569179374998982 -0.00077723812091175085 0.030707161668306907 -0.052974945536919338 -0.054180202608636097 0.0073415967987716076 -0.040390984099931339 0.037573616010251269 -0.010735767267508904 0.051978144688538556
leaf_weight=90.611334277109563 2.5921692463489299 6.0851595867425194 2.7026056637696438 2.1123780378366064 3.321953563921852 3.6670512595446771 20.826634989938615 3.8487518772308276 1479.8798438287922 1.1514890280086545 3.0332803540077293 1.3553008737726484 1.0360662273014885 31.755867933388799 3.2824296415783456 1.247846231795849 10.972766529419458 3.1881012928206474 2.900485422462225 1.0790490768849852 1.1361013056302907 5.179948691395114 6.3551003895700005 1.4641277084010651 1.197944344952705 5.0464749836537548 1.6680770842940527 2.5227724388241768 4.8016683231107891 2.3726322147995234
leaf_count=126916 6149 14 953 3246 304 26 24470 544 20606 361 3054 1250 103 219 30 23 44 9 4 4 51 52 22 56 20 113 159 6 61 6
internal_value=-4.88066e-11 0.00304603 -0.0356414 -0.0191912 0.00459407 -0.0266899 -0.0335155 -0.00276555 0.00212504 0.0117099 -0.0220864 0.0354404 -0.0414122 0.0176639 0.0155561 0.0175257 0.0291365 0.0118937 -0.00797275 0.013458 -0.0239901 0.013305 0.00485418 -0.0177053 0.0115673 0.00338109 0.0104531 -0.00377165 0.00841834 0.0260947
internal_weight=1708.4 1574.73 133.667 43.0555 10.4131 32.6424 27.8238 5.96113 1482.47 4.81854 5.73589 4.67725 21.8627 92.2566 86.1714 82.889 20.5243 9.55158 6.36348 5.11564 2.21515 62.3646 30.6087 6.64408 23.9647 17.6096 16.4116 8.99252 7.32444 7.41911
internal_count=188875 27648 161227 34311 5561 28750 28363 3790 26755 387 4007 1554 24573 893 879 849 135 91 82 59 55 714 495 108 387 365 345 226 67 119
is_linear=0
shrinkage=0.05


Tree=43
num_leaves=31
num_cat=0
split_feature=6 10 10 4 7 6 7 10 4 10 6 5 10 6 3 6 6 6 10 6 6 6 6 10 3 6 6 3 3 10
split_gain=68.7128 6.29699 5.88322 3.00392 6.63284 2.31269 2.18409 2.1513 1.75844 1.85394 5.70392 1.59424 3.01211 1.5224 2.71081 3.34858 2.08543 2.38943 2.48742 1.93585 1.33179 1.3146 5.00042 1.17691 2.42651 1.05378 3.63013 2.89372 3.84898 2.66979
threshold=1.2829732894897463 0.016159754246473316 0.011050061322748663 25.500000000000004 0.53085750341415416 0.56629496812820446 0.53642636537551891 0.0090499590151011961 9.5000000000000018 0.025135437026619915 2.5422707796096806 7.5000000000000009 0.014965224079787733 6.8531162738800058 11.500000000000002 2.6708065271377568 5.4190740585327157 2.5422707796096806 0.015651676803827289 3.6468113660812382 7.251589536666871 0.71164748072624218 0.74124696850776683 0.011173533275723459 16.500000000000004 5.824183702468873 5.0148561000823983 25.500000000000004 14.500000000000002 0.011561079882085325
decision_type=2 2 2 2 2 2 2 2 2 2 2 2 2 2 2 2 2 2 2 2 2 2 2 2 2 2 2 2 2 2
left_child=2 7 21 -4 5 11 -6 -2 -3 -10 -11 12 -5 14 16 -16 17 -9 19 -19 -15 -1 -23 -7 -25 26 -17 28 -27 -29
right_child=1 8 3 4 6 23 -8 13 9 10 -12 -13 -14 20 15 25 -18 18 -20 -21 -22 22 -24 24 -26 27 -28 29 -30 -31
leaf_value=-0.045437109462732939 -0.037231981449457822 0.040080568950220406 -0.041855327512088925 0.030307134040238451 0.049459592994929594 0.023774137416071196 -0.012248269511061722 0.022577040934424236 0.014875288152111768 0.036347562810732308 -0.066023586477140669 -0.044828396454399691 -0.038916127570449828 -0.027655779675289649 -0.049423004901137185 0.0076789174009419398 0.022511936792087642 -0.015991215057035896 -0.033007959694593074 0.012191420292875572 0.0016668044251901542 0.033842892271648072 -0.038137601104132474 0.004478285755178165 -0.045144126292936411 0.028012161020583293 -0.019169833252715443 0.0087015783786280262 -0.020614083751289435 0.047718142926387118
leaf_weight=72.857116679770115 2.4755597297480554 5.9794886624440542 9.8517424407073104 2.0172262002015513 4.2629746612074078 1.9661281501175825 1.5052213983508407 14.062107400153762 83.110211598395836 1.7569859200157218 1.7931669028475878 9.8688816825670092 2.3180175105626404 2.8867825578199691 2.2184997188596745 33.636460407884442 33.838554122601636 7.5561818772694123 4.2849391344934693 20.441235339094419 1302.398520774499 2.1793143226968814 11.270134339389186 7.1201658714562637 2.6461855119414395 4.8604191336780813 18.794084458510042 15.087178137095181 12.483630200615151 5.5592565406113854
leaf_count=101413 6149 14 13634 295 324 130 1316 48 833 9 37 13602 3372 140 1017 381 108 44 27 77 18208 1017 24486 392 1246 16 217 212 101 10
internal_value=6.56032e-12 0.00287344 -0.0351026 -0.0189682 -0.0107941 -0.02163 0.0339263 0.00207665 0.0154496 0.0133123 -0.018506 -0.0345245 -0.00706264 0.00216761 0.00656482 0.000711697 0.0132352 0.00612929 -0.00149838 0.00429608 0.00158083 -0.0425651 -0.0249391 -0.00453347 -0.0119111 0.00246892 -0.00212386 0.00869929 -0.00620308 0.0209263
internal_weight=1701.09 1573.22 127.863 41.5565 31.7048 25.9366 5.7682 1480.58 92.6399 86.6604 3.55015 14.2041 4.33524 1478.11 172.823 92.6395 80.183 46.3445 32.2824 27.9974 1305.29 86.3066 13.4494 11.7325 9.76635 90.421 52.4305 37.9905 17.344 20.6464
internal_count=188875 27648 161227 34311 20677 19037 1640 26755 893 879 46 17269 3667 20606 2258 1954 304 196 148 121 18348 126916 25503 1768 1638 937 598 339 117 222
is_linear=0
shrinkage=0.05


Tree=44
num_leaves=31
num_cat=0
split_feature=6 10 7 6 3 10 4 3 7 3 5 5 3 6 6 10 5 6 3 10 6 3 10 6 3 10 3 3 3 3
split_gain=64.2518 9.45096 5.81996 4.47366 4.19838 3.47129 4.22942 2.7068 1.83431 3.57296 1.79935 2.0578 1.97511 1.90461 1.63333 1.55993 4.65423 1.46958 2.68371 3.58661 4.21874 2.69596 2.31807 2.12464 1.56809 5.12014 3.27422 2.31622 3.14896 3.25825
threshold=2.2950463294982915 0.011050061322748663 0.45292907953262335 6.8531162738800058 3.5000000000000004 0.011696306522935631 27.500000000000004 11.500000000000002 0.46288169920444494 12.500000000000002 7.5000000000000009 6.5000000000000009 16.500000000000004 1.1106775403022768 7.251589536666871 0.022421040572226051 37.500000000000007 5.824183702468873 25.500000000000004 0.011561079882085325 6.1512548923492441 14.500000000000002 0.010929288342595102 5.0148561000823983 12.500000000000002 0.012270400300621988 23.500000000000004 26.500000000000004 27.500000000000004 47.500000000000007
decision_type=2 2 2 2 2 2 2 2 2 2 2 2 2 2 2 2 2 2 2 2 2 2 2 2 2 2 2 2 2 2
left_child=1 -1 3 7 -3 6 -6 -2 -4 -10 11 -7 13 -12 -5 16 -9 23 21 20 -20 -19 -22 -18 -25 26 -26 -28 -29 -30
right_child=2 4 8 14 5 10 -8 15 9 -11 12 -13 -14 -15 -16 -17 17 18 19 -21 22 -23 -24 24 25 -27 27 28 29 -31
leaf_value=-0.042803307777538956 0.016470203220345741 0.014569253368114796 0.045446904854622938 -0.030256888602682094 0.035139073115773752 -0.035810116474159936 -0.023768358219551713 -0.063089588116933285 -0.026332524786937563 0.024667887546231716 0.0051363480765365 0.017298632598837491 -0.044468524575833952 -0.040577975042469502 0.0015600099331310496 0.026069839243341844 0.0058500103740581058 0.024119604080111805 0.025960361247724995 0.051550607805389718 -0.052458974386412727 -0.01722476018167279 0.0083752686314194202 0.018009588217710058 0.025763066253942698 -0.071095982811251943 -0.063828030373815056 0.042387369622471187 -0.061250869805310998 0.010199437153686437
leaf_weight=85.919433036877308 82.210807274270337 8.992518606130032 7.1911156864371177 3.0479199603432781 4.5741806124424329 1.9784300696810531 5.7339448866478033 1.6423912867903698 3.3054071376100209 18.612681168335257 5.4374987375922519 3.7336076168576282 17.587402402994485 2.699179929564707 1343.5596557792596 6.5397207248024634 36.11296158983896 4.8965321369469157 10.132982621318662 6.3733442663215092 2.5235092350048935 10.973743913578799 2.3898775280686095 2.3269105870276716 4.5638216286897642 2.8488510614261022 1.5294233681634066 1.4503834247589109 2.0620811562112067 2.8312270459719002
leaf_count=133509 299 34 24 144 1047 3251 4599 47 30 121 401 546 24581 99 18722 68 789 16 62 13 126 101 24 13 16 39 26 5 84 39
internal_value=-5.60797e-11 -0.0327439 0.00289284 0.00246218 -0.015211 -0.021817 0.00316734 0.0098113 0.0246666 0.0161633 -0.0298546 -0.00369083 -0.0353088 -0.0128099 0.0014656 0.00418339 0.00237681 0.00423096 0.011717 0.0228668 0.00826154 -0.00379501 -0.0264567 -0.00108415 -0.0148523 -0.0206535 -0.00466777 -0.0232231 -0.00607507 -0.0251945
internal_weight=1693.78 136.656 1557.13 1528.02 50.7368 41.7442 10.3081 181.409 29.1092 21.9181 31.4361 5.71204 25.7241 8.13668 1346.61 99.1978 92.658 91.0156 37.29 21.4197 15.0464 15.8703 4.91339 53.7257 17.6127 15.2858 12.4369 7.87311 6.34369 4.89331
internal_count=188875 168067 20808 20633 34558 34524 5646 1767 175 151 28878 3797 25081 500 18866 1468 1400 1353 342 225 212 117 150 1011 222 209 170 154 128 123
is_linear=0
shrinkage=0.05


Tree=45
num_leaves=31
num_cat=0
split_feature=6 3 10 10 10 6 6 4 6 5 6 5 3 3 4 10 4 6 3 6 10 6 6 10 6 3 3 6 3 3
split_gain=59.7583 6.38648 5.24133 4.40339 4.47392 3.31324 4.39495 3.16626 2.54173 2.35985 2.00589 1.93166 1.90598 2.26174 1.76577 1.71239 1.58202 1.41037 2.38573 3.9756 4.12789 3.41099 3.27152 2.61698 2.14326 2.14995 2.05496 2.71809 1.30764 4.41471
threshold=0.70710679888725292 50.500000000000007 0.016159754246473316 0.011050061322748663 0.011696306522935631 0.7240414321422578 1.3006237745285036 27.500000000000004 6.8531162738800058 7.5000000000000009 0.56629496812820446 6.5000000000000009 44.500000000000007 47.500000000000007 9.5000000000000018 0.026716330088675026 26.500000000000004 5.4190740585327157 18.500000000000004 3.2873064279556279 0.012121656909585001 3.6468113660812382 4.6214363574981698 0.013072453904896976 2.5422707796096806 7.5000000000000009 13.500000000000002 3.2873064279556279 23.500000000000004 26.500000000000004
decision_type=2 2 2 2 2 2 2 2 2 2 2 2 2 2 2 2 2 2 2 2 2 2 2 2 2 2 2 2 2 2
left_child=3 2 5 -1 7 -2 -7 -5 12 11 -9 -6 17 -14 -4 -11 -16 18 23 -20 21 -21 -23 -8 -25 -26 -27 -28 -24 -30
right_child=1 -3 14 4 9 6 8 10 -10 15 -12 -13 13 -15 16 -17 -18 -19 19 20 -22 22 28 24 25 26 27 -29 29 -31
leaf_value=-0.044515916833926361 0.049698734642481222 -0.032821468014537128 0.039060647599401609 0.032857966038986101 -0.034769320574017867 -0.042358340686118157 0.03824896826634059 -0.042778931633985676 0.0012603596513913703 -0.043888699987370286 0.012556159781235476 0.017213135332395584 -0.054904301256654742 0.00087877738560101712 -0.019582549255449954 0.0090000435997122149 0.013380307375415396 0.013943163368801262 -0.061297362915351039 0.035457422974697644 -0.059020050770093306 -0.055206680612829295 0.031431686360876489 0.021969695761813377 -0.018482359013283725 0.01249201060638557 0.020724389237892282 -0.042986294098215715 -0.061309633199346437 0.01696656353806876
leaf_weight=66.838980523607461 2.6261994919041163 11.773878683758083 5.8134144134819499 4.7229553330907947 1.8881888936302855 4.6063369661860625 5.9936597575433543 2.6724217904993548 1306.6510904189054 18.4613862061342 2.3136558831029106 3.7070066415544707 1.5284702673088748 6.3500699872965924 2.9472635644488028 1.326862598536535 84.066039323341101 75.538576084072702 2.2085146919707794 5.888182172260719 1.6607651785016049 1.8963670774828632 2.2850752584636194 13.745383178873452 10.751070846454239 25.39253635250498 1.9776145312935103 3.2742532975971699 1.5391280036419628 5.2676848842384061
leaf_count=101092 32 30464 15 1047 3246 2294 35 3914 18348 24370 353 544 209 253 34 203 849 417 594 22 29 97 7 63 80 108 10 45 21 80
internal_value=-1.17264e-09 0.00239778 0.00268226 -0.0369173 -0.0216123 0.00195393 0.00183543 0.00677458 0.00200239 -0.0323154 -0.019294 -0.00294124 0.0078252 -0.0149084 0.0141436 -0.04008 0.012054 0.0090499 0.00442186 -0.0099077 -0.000961069 0.00773431 -0.00883993 0.00936573 0.00560082 -0.000224475 0.00656264 -0.0195182 0.00534325 -0.00631909
internal_weight=1685.71 1583.78 1572.01 101.931 35.0925 1479.18 1476.55 9.70903 1471.95 25.3834 4.98608 5.5952 165.297 7.87854 92.8267 19.7882 87.0133 157.419 81.8802 20.7457 18.5372 16.8764 10.9883 61.1345 55.1409 41.3955 30.6444 5.25187 9.09189 6.80681
internal_count=188875 54106 23642 134769 33677 22744 22712 5314 20418 28363 4267 3790 2070 462 898 24573 883 1608 1191 850 256 227 205 341 306 243 163 55 108 101
is_linear=0
shrinkage=0.05


Tree=46
num_leaves=31
num_cat=0
split_feature=6 12 10 10 10 6 6 6 4 5 7 10 7 10 10 6 5 10 10 6 6 6 10 10 10 10 10 4 10 6
split_gain=55.9562 5.85078 5.12136 4.21037 4.30403 3.15308 4.1045 2.87945 2.83851 2.16249 1.99693 2.2684 4.90813 2.28433 3.99538 1.88066 1.73517 1.55285 1.77681 1.49391 1.8274 1.58161 1.3054 1.26071 6.26189 1.57241 2.55925 1.25221 1.22089 1.20272
threshold=0.70710679888725292 1.0000000180025095e-35 0.016159754246473316 0.011050061322748663 0.011696306522935631 0.7240414321422578 1.3006237745285036 6.8531162738800058 27.500000000000004 7.5000000000000009 0.57062244415283214 0.023384617641568187 0.52635166049003612 0.021915592253208164 0.019843111746013168 0.56629496812820446 6.5000000000000009 0.009569597430527212 0.0093025267124176043 1.4858037233352663 4.6214363574981698 5.0148561000823983 0.027502738870680336 0.0099504948593676108 0.010695492848753931 0.0098524559289217013 0.0096620614640414732 64.500000000000014 0.024722602218389515 5.824183702468873
decision_type=2 2 2 2 2 2 2 2 2 2 2 2 2 2 2 2 2 2 2 2 2 2 2 2 2 2 2 2 2 2
left_child=3 -2 5 -1 8 -3 -7 17 -5 16 11 13 -13 14 19 -10 -6 18 29 -4 -21 -22 -11 25 -25 26 -19 -16 -18 -8
right_child=1 2 10 4 9 6 7 -9 15 22 -12 12 -14 -15 27 -17 28 23 -20 20 21 -23 -24 24 -26 -27 -28 -29 -30 -31
leaf_value=-0.0440544921063383 -0.032057967621313951 0.048996265756024913 0.041851461247360694 0.030049282307895345 -0.034285014478060746 -0.041596886650288302 0.012032469362334534 0.0010890655544512488 -0.04223515370679231 -0.042749600295565834 0.037418431386323225 -0.063400539551213511 0.017900409940867067 0.032500728611907108 0.0041890005397614222 0.011887277720393332 0.027440311378834292 0.026639443495639833 -0.050349761263577625 -0.018122500745709088 0.039641619599129992 0.0097881308420143202 0.0095404998701621151 -0.059290436093243575 0.0095509889592554839 0.045688771735282394 -0.045213353316666913 -0.06378117464155969 -0.025920707547537183 -0.031129174942205979
leaf_weight=63.996390270927805 11.310459634903962 2.5364193654386318 3.0974825620651236 4.9644189129321603 1.8231828669559034 4.4510557230823897 5.1469188486662452 1305.6252858682856 2.5703967433837516 18.015970409956942 7.4178691743873051 2.142422924633137 3.7577953246072866 12.618288171011953 0.78463250817731056 2.2862073694413994 3.1230713440090763 2.4955855218868233 1.3053465557168236 4.4290779614821068 4.0383098907768717 53.226780566619709 0.92326158439391193 2.3931603913515564 146.5592813915282 4.0989918603445403 0.9206976482819299 1.3774551281239826 0.57647332773194637 1.1892622759332878
leaf_count=101092 30464 32 3 1047 3246 2294 200 18348 3914 24470 23 85 16 62 14 353 398 56 209 31 8 603 103 298 1111 43 100 53 146 53
internal_value=-7.92427e-10 0.00228518 0.00255291 -0.0364122 -0.021302 0.00183165 0.00171734 0.00187671 0.00623733 -0.0321693 0.0138775 0.0114254 -0.0165306 0.0136778 0.00970427 -0.019078 -0.00375883 0.00809852 -0.0127594 0.0122144 0.0100826 0.0125376 -0.0398499 0.00919173 0.00805692 0.0280961 0.00142185 -0.0455905 0.0153792 0.000792331
internal_weight=1679.2 1580.92 1569.61 98.2794 34.283 1476.72 1474.19 1469.73 9.82102 24.462 92.8901 85.4722 5.90022 79.572 66.9537 4.8566 5.52273 164.109 7.64153 64.7917 61.6942 57.2651 18.9392 156.468 148.952 7.51528 3.41628 2.16209 3.69954 6.33618
internal_count=188875 54106 23642 134769 33677 22744 22712 20418 5314 28363 898 875 101 774 712 4267 3790 2070 462 645 642 611 24573 1608 1409 199 156 67 544 253
is_linear=0
shrinkage=0.05


Tree=47
num_leaves=31
num_cat=0
split_feature=6 3 7 6 7 7 3 6 6 3 3 3 7 6 3 6 6 6 4 6 5 5 6 6 3 3 3 6 6 3
split_gain=52.4931 5.38623 3.67979 3.75806 3.61692 8.09622 2.48616 4.56191 5.04019 2.73004 3.11902 2.38443 4.60111 3.56758 2.14319 3.30554 1.52342 1.51379 1.28771 2.23407 1.2519 1.21503 1.13851 3.29903 1.03049 1.34326 0.995168 1.65285 4.50133 4.50463
threshold=0.70710679888725292 50.500000000000007 0.45292907953262335 6.504176378250123 0.53085750341415416 0.53642636537551891 11.500000000000002 2.6708065271377568 0.7240414321422578 8.5000000000000018 1.5000000000000002 31.500000000000004 0.52635166049003612 6.1512548923492441 16.500000000000004 3.2873064279556279 1.5870165824890139 5.4190740585327157 73.500000000000014 12.486545562744142 7.5000000000000009 6.5000000000000009 0.92583191394805919 0.894496649503708 162.50000000000003 163.50000000000003 17.500000000000004 3.6468113660812382 4.1475377082824716 20.500000000000004
decision_type=2 2 2 2 2 2 2 2 2 2 2 2 2 2 2 2 2 2 2 2 2 2 2 2 2 2 2 2 2 2
left_child=4 2 3 6 20 -6 9 8 -8 10 -2 13 -13 -4 15 -9 -12 -11 19 -15 21 -1 23 24 -3 -26 -16 -28 -29 -30
right_child=1 22 11 -5 5 -7 7 14 -10 17 16 12 -14 18 26 -17 -18 -19 -20 -21 -22 -23 -24 -25 25 -27 27 28 29 -31
leaf_value=-0.033791952011374131 0.029155365535736139 -0.040314661106104287 -0.019415681620518203 0.0011992816893819647 0.034587613798171192 -0.037429709068688137 0.037138000595020974 0.028302769907077193 -0.054916531707822618 0.014248147050296825 0.026780639892922183 -0.061505929136560944 0.021718480025301273 0.036666948332401937 0.031467074487142963 -0.022547574821192434 -0.0013006902593959702 0.038069650471646704 0.046749873116316405 -0.0065706831259586028 -0.041694111255007348 0.011492083573072994 -0.044665611728937037 0.048441501806336079 0.049689340964618967 -0.021528130009202142 0.023192408493288158 -0.058095584364089431 -0.057025093739320576 0.010609591700649913
leaf_weight=1.7610618537910339 12.792125287931411 3.2464860920081247 3.0276870255474995 1360.5533485962515 5.1066075443959553 10.033093231628298 1.189042348996735 3.3301008064299813 5.136148898905958 14.858104032988196 4.4618845487711942 1.5951559286913823 3.6940713373478502 6.1873101023957187 4.1570068821310988 11.782071363646535 41.090792099596001 14.789511244744061 9.7358477672096289 4.6632671274710447 75.400040902495675 2.4113888931678948 5.9630286557803629 0.85568250022697601 0.12766645380179387 0.69297586743050488 13.321242408128454 1.7885414510965336 1.6084160860627879 46.667452004854567
leaf_count=3246 34 8334 19 19012 1501 15001 31 15 3113 75 30 52 23 19 16 106 188 26 25 44 114596 425 18385 1783 68 1894 121 78 38 577
internal_value=-7.73328e-10 0.00218035 0.00243329 0.00209399 -0.0359545 -0.0125004 0.00892703 0.00297927 -0.0349041 0.0148405 0.00831817 0.019809 -0.00916955 0.0264086 0.0062609 -0.0102811 0.00196607 0.0269858 0.0337353 0.0190982 -0.0402064 -0.0104588 -0.0313588 -0.0104203 -0.0299202 0.010758 0.010058 0.00818706 0.00381841 0.00724466
internal_weight=1672.03 1577.31 1566.43 1537.53 94.7122 15.1397 176.972 88.98 6.32519 87.9924 58.3448 28.9033 5.28923 23.6141 82.6548 15.1122 45.5527 29.6476 20.5864 10.8506 79.5725 4.17245 10.8858 4.92281 4.06713 0.820642 67.5427 63.3857 50.0644 48.2759
internal_count=188875 54106 23642 23460 134769 16502 4448 4095 3144 353 252 182 75 107 951 121 218 101 88 63 118267 3671 30464 12079 10296 1962 830 814 693 615
is_linear=0
shrinkage=0.05


Tree=48
num_leaves=31
num_cat=0
split_feature=6 3 7 6 6 7 7 6 3 3 3 6 4 4 7 4 5 5 6 3 3 3 6 3 3 5 3 3 3 3
split_gain=49.0177 7.72055 5.25466 4.33332 4.31942 3.3673 7.80145 2.78109 3.75989 1.56149 1.37681 2.68871 4.06994 1.88652 2.78375 1.63803 1.15211 1.21734 0.996758 1.21802 3.81492 3.03114 1.18977 3.63216 0.978715 0.969135 1.33378 4.45196 2.16168 2.41968
threshold=2.2950463294982915 16.500000000000004 0.45292907953262335 6.504176378250123 1.5870165824890139 0.53085750341415416 0.53642636537551891 0.70710679888725292 15.500000000000002 1.5000000000000002 31.500000000000004 2.6708065271377568 10.500000000000002 73.500000000000014 0.57062244415283214 48.500000000000007 7.5000000000000009 6.5000000000000009 5.4190740585327157 11.500000000000002 20.500000000000004 8.5000000000000018 5.0148561000823983 27.500000000000004 44.500000000000007 20.500000000000004 26.500000000000004 31.500000000000004 32.500000000000007 40.500000000000007
decision_type=2 2 2 2 2 2 2 2 2 2 2 2 2 2 2 2 2 2 2 2 2 2 2 2 2 2 2 2 2 2
left_child=1 4 3 9 7 16 -7 8 -1 -2 13 -12 -13 14 15 -4 17 -3 22 21 -21 -20 25 -24 -22 -11 -27 -28 -29 -30
right_child=2 5 10 -5 -6 6 -8 -9 -10 18 11 12 -14 -15 -16 -17 -18 -19 19 20 24 -23 23 -25 -26 26 27 28 29 -31
leaf_value=-0.057860205765904553 0.029112546902479892 -0.034011529056508082 -0.029547609106843505 0.001067461554433639 -0.046664061061802091 0.033944410942668514 -0.037443733311383488 0.027774709145744765 0.027909420264540394 0.024605646344241575 0.039609216297430486 0.027830907916319932 -0.063125952142664213 0.044682121573402442 0.03837977085543065 0.012600715090940835 -0.040683361183629606 0.01141758693506939 0.0034850275822899098 -0.030397276305850457 0.017514511795938076 0.035802827292461002 0.0041997978036715346 -0.059049329415455099 -0.0047315852302777881 0.0085400364899898065 -0.063310344764512236 0.043159915129292251 -0.048840693021229439 0.0081225974823651084
leaf_weight=1.7627751633408471 8.9631333670113218 1.7408320052927591 2.972373807802799 1360.3983353393414 2.623363980674184 5.0225754782150025 9.7180775566885114 9.4979563287924957 1.544855069660116 6.321926469448953 1.5743874311447132 1.4352732459083197 1.7539896866364872 9.5808874040376395 5.5720532722771168 4.57985410001129 84.338207260261697 2.4108254555176236 13.987463015946561 4.936369593255221 24.950167966773737 14.628486312925814 10.475094143766908 1.8591869622614456 5.6524960435635867 55.126616614812519 1.9583310460438941 1.9086766587570299 1.485274534614289 6.6513719101349125
leaf_count=315 26 3251 38 19012 37 1502 15008 129 53 70 1 4 67 26 14 25 147345 427 57 58 161 26 60 84 120 334 73 9 113 430
internal_value=-1.84255e-10 -0.030832 0.00238365 0.00198349 0.00204928 -0.035719 -0.0125085 0.014686 -0.0206214 0.00976996 0.0236695 -0.000711856 -0.0253201 0.0285991 0.014526 -0.00550313 -0.0394025 -0.0105357 0.0084285 0.0131126 0.00663888 0.020657 0.00481476 -0.00904736 0.0133858 0.00723277 0.00525956 -0.00930417 0.00600297 -0.00648307
internal_weight=1665.43 118.659 1546.77 1519.3 15.429 103.231 14.7407 12.8056 3.30763 158.905 27.4688 4.76365 3.18926 22.7052 13.1243 7.55223 88.4899 4.15166 149.941 64.155 35.539 28.6159 85.7865 12.3343 30.6027 73.4522 67.1303 12.0037 10.0453 8.13665
internal_count=188875 168067 20808 20633 534 167533 16510 497 368 1621 175 72 71 103 77 63 151023 3678 1595 422 339 83 1173 144 281 1029 959 625 552 543
is_linear=0
shrinkage=0.05


Tree=49
num_leaves=31
num_cat=0
split_feature=6 7 3 6 10 10 10 10 5 7 6 6 3 6 10 6 3 10 6 5 10 10 3 3 3 3 5 10 6 6
split_gain=45.5113 6.38524 4.84277 3.93851 3.85802 3.69543 2.27415 2.40874 2.8066 2.13645 2.09997 2.96016 3.65362 5.96003 4.48732 3.54196 3.4798 2.93237 1.76167 1.71943 1.70063 1.50833 2.64691 1.53916 1.96464 1.44723 1.3817 1.35777 1.28144 2.52293
threshold=0.70710679888725292 0.45292907953262335 50.500000000000007 6.504176378250123 0.011050061322748663 0.011696306522935631 0.023384617641568187 0.022421040572226051 37.500000000000007 0.53085750341415416 4.6214363574981698 0.7240414321422578 6.5000000000000009 1.9933357834815981 0.014718532562255861 3.6468113660812382 48.500000000000007 0.009569597430527212 0.56629496812820446 7.5000000000000009 0.013423423748463394 0.016159754246473316 6.5000000000000009 11.500000000000002 13.500000000000002 49.500000000000007 6.5000000000000009 0.026716330088675026 1.5870165824890139 3.6468113660812382
decision_type=2 2 2 2 2 2 2 2 2 2 2 2 2 2 2 2 2 2 2 2 2 2 2 2 2 2 2 2 2 2
left_child=4 2 3 6 -1 9 7 8 -2 18 11 -10 28 -14 15 -15 20 25 -6 26 -17 22 -19 -24 -25 -12 -7 -21 -13 -30
right_child=1 -3 -4 -5 5 19 -8 -9 10 -11 17 12 13 14 -16 16 -18 21 -20 27 -22 -23 23 24 -26 -27 -28 -29 29 -31
leaf_value=-0.042628168880274903 -0.050386545449526698 0.025882241241060595 -0.031534440019578884 0.00087475200532822919 -0.041125744756180992 -0.032881486101722611 -0.044232884149878415 0.039760695883341184 0.047635132095991663 0.026760917487568838 -0.032359385344686534 0.030814758052379976 -0.057928347995725327 0.015236181545113187 -0.060938093715095246 -0.058256569746800768 0.035304256315519089 -0.0064139086598961519 0.012666441606383425 -0.041538644448370528 -0.013357104786613208 0.035036217650191277 0.025849201627588365 -0.020125973317116703 0.014005289979832261 0.019607794992837751 0.012400838302260714 0.0077638392749906074 -0.0072010892525913488 0.032610052172420072
leaf_weight=56.491063199995551 1.0407275443430979 26.43742385670339 9.9879615885511139 1361.2485206558631 2.2220316264247248 1.6502551024859711 1.0247793225571502 5.3761203824542454 2.3440597151056854 4.8472141931015358 4.1794992402719791 7.1849857036722851 4.5742425683711181 20.858872176337172 1.9711583195021365 2.627205901022533 1.6557234739884723 13.973206495749762 2.2016966862865957 15.867840323851853 7.1461930796504021 8.2477086759172362 28.838356306776404 3.8061911128461352 41.022857100266265 1.0575848083244634 3.6903191278761396 1.209712504147318 11.338889740756715 4.9216332390205926
leaf_count=101092 48 189 30457 19012 3407 3246 69 18 32 1554 129 28 2987 275 34 139 13 67 353 24370 37 28 67 39 335 27 544 203 53 23
internal_value=7.35809e-10 0.00197136 0.00154557 0.00178129 -0.0347466 -0.0198222 0.00886065 0.00943029 0.00822151 0.00628204 0.00888947 0.00180557 -0.000644887 -0.00997348 -0.00210926 0.00320494 -0.018212 0.0133543 -0.0169541 -0.0304248 -0.0297138 0.0153897 0.0131664 0.0169165 0.0107315 -0.0204039 -0.00457063 -0.03781 0.0145822 0.00603987
internal_weight=1659.04 1570.86 1544.43 1534.44 88.1801 31.6891 173.19 172.165 166.789 9.27094 165.748 64.623 62.2789 38.8334 34.2592 32.288 11.4291 101.125 4.42373 22.4181 9.7734 95.8883 87.6406 73.6674 44.829 5.23708 5.34057 17.0776 23.4455 16.2605
internal_count=188875 54106 53917 23460 134769 33677 4448 4379 4361 5314 4313 3621 3589 3485 498 464 189 692 3760 28363 176 536 508 441 374 156 3790 24573 104 76
is_linear=0
shrinkage=0.05


Tree=50
num_leaves=31
num_cat=0
split_feature=6 10 10 4 6 4 10 6 6 10 6 6 6 6 6 3 6 6 6 6 6 5 5 6 6 3 6 3 3 3
split_gain=42.9611 7.24294 5.88006 3.04056 2.88422 2.72843 3.41511 2.9017 3.19027 1.65775 1.47191 3.21588 3.27978 2.13041 1.89762 1.96807 2.46534 1.82925 1.77058 3.84386 1.97656 1.45228 1.82811 1.42716 2.0165 4.00813 1.76403 7.13891 4.00214 1.74414
threshold=2.2950463294982915 0.011050061322748663 0.016159754246473316 25.500000000000004 6.8531162738800058 27.500000000000004 0.014389234129339458 1.5870165824890139 0.70710679888725292 0.011173533275723459 10.234188556671144 32.622304916381843 27.79000282287598 21.154217720031742 33.15819168090821 5.5000000000000009 40.790140151977546 8.8021216392517108 23.119680404663089 27.429511070251468 24.571588516235355 7.5000000000000009 6.5000000000000009 5.4190740585327157 2.5422707796096806 2.5000000000000004 3.2873064279556279 12.500000000000002 18.500000000000004 9.5000000000000018
decision_type=2 2 2 2 2 2 2 2 2 2 2 2 2 2 2 2 2 2 2 2 2 2 2 2 2 2 2 2 2 2
left_child=1 -1 4 -3 23 -5 9 8 21 -7 17 12 13 -12 -13 16 -16 -4 -15 20 -20 22 -8 24 -2 -26 27 -27 -29 -28
right_child=2 3 10 5 -6 6 7 -9 -10 -11 11 14 -14 18 15 -17 -18 -19 19 -21 -22 -23 -24 -25 25 26 29 28 -30 -31
leaf_value=-0.040096728274767131 0.025465949736671403 -0.039907347838405403 0.015731742923451222 0.024804376396053221 0.00066197423402130382 0.0051145892535611834 -0.03245146572479387 -0.039734629129784739 0.02996187347703444 -0.037397462694876316 -0.010344042541764719 0.053127038237930357 -0.055927296807824406 0.032283537777754022 -0.042070053101045356 0.03483616203467059 0.012667159563204553 0.043235889556424108 0.0024901460368079941 0.040067009974284265 -0.062528925558591492 -0.046743266879319026 0.020498884398754358 0.012565043772631516 -0.059871925524297279 -0.069540057359652796 0.017288593323415404 0.033500441885235793 -0.046261625455752388 -0.00068083535189906097
leaf_weight=67.331583219060121 7.8065318088592894 7.892364903993438 28.912710909062298 4.8300646229763506 1302.9038701718819 2.5358168712118667 1.6020462811939071 2.3646565608796655 8.5197283739253162 11.513119043032928 13.538742720673332 3.5691278204321888 1.5782439979666367 7.0268793900031579 1.690221926313823 5.9292809483595184 7.7408830737695098 7.6263382295146576 2.0715733869001274 2.0668053110130131 1.4809329437557606 1.3432120040488387 3.36532987994724 78.333358081887127 1.6846139383269463 2.9761319494573382 19.971879061311483 5.1162180304527283 1.1689512870725591 37.719077710102283
leaf_count=133509 140 13637 241 1084 18348 1236 3246 40 50 13316 162 7 94 23 160 30 69 20 20 7 32 1513 436 551 14 30 77 21 217 545
internal_value=-1.52287e-09 -0.0298577 0.00217454 -0.0136343 0.00143128 -0.00696481 -0.012493 0.0025859 0.0114176 -0.0298941 0.0150202 0.00884049 -0.00208778 0.00309521 0.0241691 0.0146044 -0.000235413 0.0224712 0.0171867 -0.00371696 -0.0323957 -0.0142923 0.000845292 0.00786144 0.00294154 5.07822e-05 0.00241742 -0.0167565 0.014352 0.00572853
internal_weight=1652.21 111.298 1540.91 43.9663 1457.68 36.074 31.2439 17.195 14.8303 14.0489 83.2317 46.6927 27.7632 26.1849 18.9295 15.3604 9.43111 36.539 12.6462 5.61931 3.55251 6.31059 4.96738 154.777 76.4434 68.6369 66.9523 9.2613 6.28517 57.691
internal_count=188875 168067 20808 34558 19943 20921 19837 5285 5245 14552 865 604 338 244 266 259 229 261 82 59 52 5195 3682 1595 1044 904 890 268 238 622
is_linear=0
shrinkage=0.05


Tree=51
num_leaves=31
num_cat=0
split_feature=6 10 10 4 7 3 6 7 10 3 8 7 6 6 10 10 10 6 6 3 4 6 6 6 6 6 6 6 3 3
split_gain=41.1048 6.55365 5.56605 2.92368 3.94237 3.24756 2.81055 1.85652 1.51588 2.69751 2.90663 1.81002 1.60502 3.03333 1.21516 1.31559 1.20767 1.05579 1.00327 1.19101 0.998524 0.979443 2.10971 2.08604 3.53472 1.53354 3.87402 0.968694 4.40153 3.92946
threshold=2.2950463294982915 0.011050061322748663 0.016159754246473316 25.500000000000004 0.53085750341415416 2.5000000000000004 6.8531162738800058 0.53642636537551891 0.021915592253208164 30.500000000000004 88.500000000000014 0.45982684195041662 9.6654934883117694 13.012989997863771 0.011173533275723459 0.012270400300621988 0.012385687325149776 7.251589536666871 2.5422707796096806 2.5000000000000004 2.5000000000000004 21.154217720031742 14.846392631530763 21.659376144409183 24.167681694030765 19.662629127502445 19.381326675415043 42.76966857910157 15.500000000000002 20.500000000000004
decision_type=2 2 2 2 2 2 2 2 2 2 2 2 2 2 2 2 2 2 2 2 2 2 2 2 2 2 2 2 2 2
left_child=1 -1 6 20 5 -5 18 -6 9 11 -11 12 -4 -14 -7 -16 -17 -8 -2 -20 -3 22 -15 -23 -25 26 -24 -19 -29 -30
right_child=2 3 8 4 7 14 17 -9 -10 10 -12 -13 13 21 15 16 -18 27 19 -21 -22 23 25 24 -26 -27 -28 28 29 -31
leaf_value=-0.039594681425591943 0.024427864969561393 -0.00013384233262130811 0.021863185350082349 0.016205436842124044 0.041188647238368153 0.0080640474757609718 -0.026019315241823056 -0.014139585806823649 0.025320295975523377 -0.060601555149406898 0.0093425534418614242 0.034693131438790235 -0.051719523550728279 0.017411717464890338 -0.04972510158917684 0.025333755942081593 -0.021661985742747719 0.0010019789925660579 -0.019850102178640514 0.007469993997142094 -0.047214316633778432 0.04318049387001726 -0.05037605307340684 -0.05504355859252013 0.011710232508705183 -0.059113505786083313 0.036019213723714277 -0.034728528293983832 0.016178225345765112 -0.012415205581554765
leaf_weight=64.978713327189325 7.699796095952478 1.3336644418013746 15.322602656902744 5.9067400153726366 4.3827974808154968 2.3768468234302444 2.705310030898544 1.532844482517248 23.458356804505456 1.7296278958092433 2.7655360127100721 7.522237943019717 1.408985231071713 3.9246317411307263 4.2782095133516149 0.65794315609673759 16.6018582543511 1242.6827387812373 3.1679275708738706 141.78418378298738 6.4442253992747274 3.3736793845891979 1.391085329640191 1.2442054338753248 16.3366233977722 1.2973587848246095 1.8464442379772663 9.6039930279366654 21.557709371671081 24.715119870845228
leaf_count=133509 140 1092 50 22 324 973 140 1316 163 75 49 28 33 20 5783 577 11926 17099 25 1430 12545 7 56 20 349 11 4 417 147 545
internal_value=4.34293e-12 -0.0295988 0.00210921 -0.0141184 -0.00753171 -0.0150087 0.00139083 0.0268806 0.0147341 0.0101086 -0.0237008 0.0133222 0.0091765 0.0023809 -0.0230592 -0.0266993 -0.0185812 0.000635169 0.00778631 0.006741 -0.0400764 0.00658772 -0.00718698 0.0122228 0.0042779 -0.027775 -0.00423047 0.000710678 -0.00567148 0.000966416
internal_weight=1644.03 108.494 1535.54 43.5151 35.7372 29.8216 1453.92 5.91564 81.6214 58.163 4.49516 53.6679 46.1456 30.823 23.9149 21.538 17.2598 1301.26 152.652 144.952 7.77789 29.414 8.45952 20.9545 17.5808 4.53489 3.23753 1298.56 55.8768 46.2728
internal_count=188875 168067 20808 34558 20921 19281 19943 1640 865 702 124 578 550 500 19259 18286 12503 18348 1595 1455 13637 467 91 376 369 71 60 18208 1109 692
is_linear=0
shrinkage=0.05


Tree=52
num_leaves=31
num_cat=0
split_feature=6 10 7 6 3 6 10 4 10 6 5 3 5 3 10 3 10 10 10 6 6 6 6 6 6 10 6 3 3 3
split_gain=38.3805 6.22876 4.43625 4.19154 2.63129 1.93084 1.86287 2.2756 1.7316 1.76665 1.55488 1.68789 1.56974 1.47063 1.25093 1.41224 1.15283 1.12682 1.06729 1.04765 1.02451 0.957269 2.07866 0.918765 2.49035 4.25781 1.73261 2.15511 1.35724 3.30582
threshold=2.2950463294982915 0.011050061322748663 0.45292907953262335 6.504176378250123 2.5000000000000004 4.6214363574981698 0.011696306522935631 27.500000000000004 0.013923869002610447 5.4190740585327157 7.5000000000000009 16.500000000000004 6.5000000000000009 15.500000000000002 0.014965224079787733 4.5000000000000009 0.024722602218389515 0.011173533275723459 0.026716330088675026 0.56629496812820446 5.0148561000823983 0.70710679888725292 0.72451987862586986 40.993413925170906 40.450315475463874 0.011428944766521456 41.409038543701179 27.500000000000004 15.500000000000002 25.500000000000004
decision_type=2 2 2 2 2 2 2 2 2 2 2 2 2 2 2 2 2 2 2 2 2 2 2 2 2 2 2 2 2 2
left_child=1 -1 3 8 -3 -4 7 -6 -2 20 12 13 -8 21 -11 -16 -14 19 -13 -9 -10 -12 -23 24 -5 -26 27 -25 -27 -30
right_child=2 4 5 23 6 -7 10 17 9 14 11 18 16 -15 15 -17 -18 -19 -20 -21 -22 22 -24 26 25 28 -28 -29 29 -31
leaf_value=-0.039061770115315628 0.0037965724327158473 0.015584530210071357 -0.01277376058991863 0.00068943760080933348 0.02254089346489252 0.027000959408457776 -0.032436265417296266 -0.02846938227418085 0.010959214384537902 0.032534421938370299 -0.047726747333242642 -0.046004441002129422 0.027064750074836955 0.022457408554048673 0.020844847430688998 -0.011994435500954557 -0.02516647819814118 -0.041401634431829683 5.3487048717907866e-05 0.020356865093240119 -0.010289659739809397 0.034991405938278895 -0.023639165252940936 -0.047900354415875715 -0.050212688522942056 0.022978394502343114 -0.0021452606385026027 0.011684167855245115 -0.0079534085817794409 0.03871268059712301
leaf_weight=62.462486990272737 72.536225249656127 5.7515217866748563 2.9003020562231567 1214.7559165313723 4.7557917555968743 22.828935862431535 1.5573317940361446 0.79232759915976059 43.714515677245799 17.165566665120426 1.4742054524249431 11.996654569298697 3.292541106784483 1.6173971188836729 9.8186707767890748 3.9253717053215942 0.54161060249316495 2.2488699361929321 1.3900122483028106 1.8464626486529594 5.6964149238774544 1.1269286870956419 4.4374649455421604 3.5435385762248179 1.6127134901471425 26.028669591527432 89.231202212627977 1.7828412200324235 13.249233137350531 4.190994966775178
leaf_count=133509 1207 22 12 16406 1047 163 3251 1086 273 37 309 24376 398 77 40 32 148 3363 205 150 32 1 125 241 64 317 1734 40 177 33
internal_value=-8.91098e-10 -0.0290555 0.00201329 0.00165408 -0.0139039 0.0222072 -0.0187673 0.000202074 0.00947479 0.014493 -0.0252079 -0.0308643 -0.000871574 -0.0117459 0.0237371 0.0112884 0.0160069 -0.0216707 -0.0415507 0.00190135 0.00835398 -0.0214215 -0.0082434 0.000765096 0.00112282 0.0125324 -0.00396297 -0.0292619 0.015937 0.00475197
internal_weight=1638.27 105.292 1532.98 1507.25 42.8291 25.7292 37.0776 9.64345 152.857 80.3205 27.4341 22.0427 5.39148 8.656 30.9096 13.744 3.83415 4.88766 13.3867 2.63879 49.4109 7.0386 5.56439 1354.4 1259.84 45.0816 94.5576 5.32638 43.4689 17.4402
internal_count=188875 168067 20808 20633 34558 175 34536 5646 1621 414 28890 25093 3797 512 109 72 546 4599 24581 1236 305 435 126 19012 16997 591 2015 281 527 210
is_linear=0
shrinkage=0.05


Tree=53
num_leaves=31
num_cat=0
split_feature=6 10 7 6 4 7 3 6 7 10 10 10 6 4 4 3 3 10 6 3 6 10 10 6 4 6 6 3 3 3
split_gain=35.841 5.94934 4.75929 3.5384 2.55186 3.59209 2.67276 3.22543 1.74944 1.38792 1.54329 1.34113 1.46248 1.33034 3.16007 3.60659 3.52839 1.26145 1.11821 1.02836 0.995453 2.13348 0.92232 2.62445 0.823944 0.773723 2.45371 1.70442 3.65064 9.64169
threshold=2.2950463294982915 0.011050061322748663 0.45292907953262335 6.504176378250123 25.500000000000004 0.53085750341415416 9.5000000000000018 1.5870165824890139 0.53642636537551891 0.013923869002610447 0.014578848611563446 0.015242683235555889 4.6214363574981698 73.500000000000014 29.500000000000004 13.500000000000002 16.500000000000004 0.011173533275723459 5.4190740585327157 20.500000000000004 1.0852523446083071 0.014578848611563446 0.0039761590305715808 0.25098815560340887 2.5000000000000004 40.993413925170906 40.450315475463874 15.500000000000002 8.5000000000000018 2.5000000000000004
decision_type=2 2 2 2 2 2 2 2 2 2 2 2 2 2 2 2 2 2 2 2 2 2 2 2 2 2 2 2 2 2
left_child=1 22 3 9 24 6 7 20 -7 -2 18 12 -12 14 -4 -16 -17 -8 -11 -18 21 -6 23 -1 -3 26 -5 28 29 -28
right_child=2 4 13 25 5 8 17 -9 -10 10 11 -13 -14 -15 15 16 19 -19 -20 -21 -22 -23 -24 -25 -26 -27 27 -29 -30 -31
leaf_value=0.049719123843133844 0.0036392314239287829 -0.0011623757103790371 0.028651378313323757 0.00062780508341788019 0.026115819817846431 0.03940252910008879 0.005365663835533197 -0.0378691042127541 -0.014186138563499141 0.011108778546367701 -0.022168032278573183 0.012702072788643708 0.0083887365340371729 0.037682613374551782 -0.064393267604765617 0.03959009462637067 0.0081328265564540488 -0.031486544780724844 0.032354094693740995 -0.055546518011615233 0.027252466882729851 -0.047459562513196864 -0.039765385414407543 -0.032841045300132092 -0.045636888962824765 -0.0036253766866952914 0.033155779889349403 0.00087581186901440362 0.031900826111863012 -0.069091561596511836
leaf_weight=0.49697679973905851 72.38400566684868 1.2890473723855391 10.279190502362324 1214.2185879127574 1.242370471911274 4.3580913328114539 2.4029421387131178 2.4093749129679045 1.5322488941201298 13.27398140326841 5.8667257640045127 39.081068551749922 8.2455811668187362 9.1005185237154347 1.41249455069192 2.7442975398153067 0.60767380893230416 15.110764025546812 13.947234004735945 0.93375096376985312 6.6157200908055529 0.79146230244077731 57.943511267676513 1.7149971493417977 5.902854218347783 93.779149583308026 4.8713995348662165 19.173138714395463 18.554872168693691 2.8110015345737338
leaf_count=103 1207 1092 50 16406 28 324 973 25 1316 49 43 263 33 43 21 5 4 18146 26 52 25 84 128767 4639 12545 2015 44 274 141 132
internal_value=-7.12046e-10 -0.0285785 0.00191751 0.00154978 -0.0135863 -0.0073834 -0.0147784 0.00431021 0.0254268 0.00873663 0.0132239 0.00801666 -0.00494055 0.0230973 0.0130594 -0.0151457 0.0101971 -0.0264136 0.0227549 -0.0371202 0.0187663 -0.00872186 -0.038568 -0.00458751 -0.0387804 0.00073254 0.0010596 0.0123431 0.0203831 -0.00790533
internal_weight=1633.1 101.81 1531.28 1506.21 41.6549 34.463 28.5726 11.0589 5.89034 152.799 80.4146 53.1934 14.1123 25.0779 15.9774 5.69822 4.28572 17.5137 27.2212 1.54142 8.64955 2.03383 60.1555 2.21197 7.1919 1353.41 1259.63 45.4104 26.2373 7.6824
internal_count=188875 168067 20808 20633 34558 20921 19281 162 1640 1621 414 339 76 175 132 82 61 19119 75 56 137 112 133509 4742 13637 19012 16997 591 317 176
is_linear=0
shrinkage=0.05


Tree=54
num_leaves=31
num_cat=0
split_feature=6 10 7 6 4 7 11 6 7 6 10 10 10 10 10 6 10 7 4 6 6 10 10 6 6 10 6 10 6 10
split_gain=33.7523 5.4587 4.93079 3.00617 2.49876 3.67674 1.98671 3.14466 1.6788 1.52651 3.77566 10.1631 4.25772 4.47284 1.93732 1.21607 1.63591 1.13328 2.30883 1.29404 2.46444 1.08699 2.34364 1.92425 1.13175 0.999102 0.915903 1.23101 2.52828 2.47553
threshold=2.2950463294982915 0.011050061322748663 0.45292907953262335 6.8531162738800058 25.500000000000004 0.53085750341415416 1.0000000180025095e-35 1.5870165824890139 0.53642636537551891 7.5765991210937509 0.012270400300621988 0.012121656909585001 0.010362972505390646 0.010256679728627207 0.015651676803827289 1.0852523446083071 0.014578848611563446 0.47677282989025122 29.500000000000004 35.542776107788093 8.1066393852233904 0.012739370577037336 0.012385687325149776 3.2873064279556279 3.6468113660812382 0.011173533275723459 5.4190740585327157 0.011696306522935631 5.824183702468873 0.011561079882085325
decision_type=2 2 2 2 2 2 2 2 2 2 2 2 2 2 2 2 2 2 2 2 2 2 2 2 2 2 2 2 2 2
left_child=1 -1 3 21 -3 6 25 15 -7 10 11 12 13 -5 -12 16 -8 -4 -19 20 -20 22 23 -2 -25 -6 -26 29 -29 -28
right_child=2 4 17 9 5 8 7 -9 -10 -11 14 -13 -14 -15 -16 -17 -18 18 19 -21 -22 -23 -24 24 26 -27 27 28 -30 -31
leaf_value=-0.038016210948118204 -0.042309135243250702 -0.03894451590633094 0.037380680000783907 -0.042709425798270396 0.0031903996261771306 0.038842207234084859 0.017735747105889675 -0.039877409335613213 -0.013828437623715276 0.00085975604068113136 -0.065562504089593729 0.063975315660219342 -0.062412967531944807 0.05173005591215063 -0.0070290191588715566 0.025820863881869906 -0.046798978543042678 0.02704955460347418 0.0060197233905122383 0.020190957369503566 -0.063546266330512108 0.01060089444394165 -0.047712126013005299 0.024219598932909838 -0.0078621961494258884 -0.030143829860433929 0.0041938368590797087 0.019536363672297143 -0.022712406862710824 0.041313664024573996
leaf_weight=57.781188849596219 1.1689655075751932 7.0215373754072052 8.9012979508843291 1.3222152720554714 2.4180455121568256 4.4414276623356264 1.3883568125311305 2.4238981616799711 1.5076478813134597 1318.0657578178361 3.0296147866756646 3.4692224049940705 3.4935139160952531 1.7754632188007236 2.5894587570801377 6.4670610652538016 0.75332003470975895 10.211434843833556 2.5796501100994642 1.4589775647036729 1.2491163149825295 111.25276998669142 1.2749823902267952 6.2594480662082779 13.261669774823529 14.510853268664503 18.110646212189753 5.1515069641172868 7.4247054578736424 5.0976409423165014
leaf_count=133509 328 13637 47 114 973 324 60 26 1316 18576 85 10 62 5 14 29 84 50 19 11 48 632 42 79 331 18109 265 22 54 14
internal_value=-1.36267e-09 -0.0281851 0.00183911 0.00146884 -0.0137315 -0.00754487 -0.0151952 0.00137754 0.025425 0.000670175 -0.0143626 0.00450804 -0.0310965 0.010834 -0.0437255 0.0159346 -0.0126347 0.0236868 0.0140334 -0.0114072 -0.0251357 0.00773082 0.00211537 0.00405086 0.00576476 -0.0254701 0.00297261 0.00709254 -0.00524206 0.0137169
internal_weight=1625.86 98.7133 1527.15 1502.75 40.9321 33.9106 27.9615 11.0326 5.94908 1333.75 15.6795 10.0604 6.59119 3.09768 5.61907 8.60874 2.14168 24.4005 15.4992 5.28774 3.82877 169.002 57.7496 56.4746 55.3056 16.9289 49.0462 35.7845 12.5762 23.2083
internal_count=188875 168067 20808 20633 34558 20921 19281 199 1640 18866 290 191 181 119 99 173 144 175 128 78 67 1767 1135 1093 765 19082 686 355 76 279
is_linear=0
shrinkage=0.05


Tree=55
num_leaves=31
num_cat=0
split_feature=6 10 7 6 4 7 10 6 10 10 6 3 7 6 3 6 10 3 10 10 10 10 10 10 6 6 3 6 3 3
split_gain=31.7019 5.18352 5.00781 3.08849 2.55776 4.07427 1.99174 2.62711 2.59822 5.49503 1.88631 4.13112 1.71195 1.40799 3.0844 2.08993 2.16741 6.08057 1.41269 6.85902 2.87247 1.92104 3.93645 2.71399 3.55283 3.49633 4.06509 2.9348 2.3377 4.58941
threshold=2.2950463294982915 0.011050061322748663 0.45292907953262335 8.8021216392517108 25.500000000000004 0.53085750341415416 0.009756329935044052 6.504176378250123 0.0099504948593676108 0.010256679728627207 1.5870165824890139 5.5000000000000009 0.53642636537551891 8.4790754318237322 12.500000000000002 8.1066393852233904 0.011050061322748663 12.500000000000002 0.011428944766521456 0.011050061322748663 0.011696306522935631 0.01197647722437978 0.01183473411947489 0.012270400300621988 6.8531162738800058 7.7992205619812021 17.500000000000004 6.8531162738800058 12.500000000000002 11.500000000000002
decision_type=2 2 2 2 2 2 2 2 2 2 2 2 2 2 2 2 2 2 2 2 2 2 2 2 2 2 2 2 2 2
left_child=1 -1 3 6 -3 10 7 -2 -8 -10 11 -6 -7 15 -15 18 -17 -18 19 -11 -20 22 -22 27 -25 28 -27 -23 29 -26
right_child=2 4 -4 -5 5 12 8 -9 9 13 -12 -13 -14 14 -16 16 17 -19 20 -21 21 23 -24 24 25 26 -28 -29 -30 -31
leaf_value=-0.037492275243479263 0.00034895597618475279 -0.039257179846823406 0.024009254770175487 0.00042382499985550649 0.022436528787757162 0.039144749846543231 0.029894424961342161 -0.051056181490580943 -0.060406014241113949 0.0095474156328830464 -0.048705432759190703 -0.021920818019394203 -0.013793467405650059 0.017259480405081701 -0.036800321564056569 0.054456319854018734 0.047963264408417403 -0.028533250488322084 0.030697012159396173 -0.065641387752580424 -0.06542833745955566 0.0051399918369518273 0.007520014598663121 0.0081985667969022742 -0.038453383396404223 -0.017555320171565896 0.048057606443161469 0.046166724448274882 -0.066516863004164539 0.037607121087819891
leaf_weight=55.731422584947722 10.296123012627502 6.9352973791319519 23.890989925464964 1270.5576785486337 6.2972623090609039 4.774734101323701 11.633362280903382 2.270752090822497 2.0421844325901466 13.140499344561251 2.8319568664883255 18.35737540764967 1.5000613387164774 4.2523040324449521 4.4665753032895736 3.8499907646328202 4.2340748347341997 4.2286384626931977 12.15790714707691 2.8747810199856749 1.8195511646335933 9.0928359483368713 4.870325633441098 114.9943433975568 5.0109752966091037 5.1238285815343261 2.8844385533593595 7.907234937825705 2.7441820693202317 2.0329521857202053
leaf_count=133509 536 13637 175 17995 51 324 79 306 101 191 125 19105 1316 20 68 10 9 51 74 105 38 56 42 697 80 45 13 35 78 4
internal_value=2.64221e-10 -0.027653 0.00176393 0.00139447 -0.0136028 -0.00735515 0.00668727 -0.0120183 0.00780856 0.00643439 -0.0157001 -0.0101582 0.0263328 0.00738707 -0.0113716 0.00827069 0.02749 0.0107636 0.00684798 -0.00701374 0.00819799 0.00626608 -0.0182491 0.00747473 0.00496317 -0.0152669 0.00878871 0.0257274 -0.0339386 -0.0145553
internal_weight=1622.8 96.4281 1526.38 1502.49 40.6967 33.7614 231.928 12.5669 219.361 207.728 27.4866 24.6546 6.2748 205.685 8.71888 196.967 12.3127 8.46271 184.654 16.0153 168.639 156.481 6.68988 149.791 132.791 17.7964 8.00827 17.0001 9.78811 7.04393
internal_count=188875 168067 20808 20633 34558 20921 2638 842 1796 1717 19281 19156 1640 1616 88 1528 70 60 1458 296 1162 1088 80 1008 917 220 58 91 162 84
is_linear=0
shrinkage=0.05


Tree=56
num_leaves=31
num_cat=0
split_feature=6 10 7 6 4 7 7 3 6 10 10 6 6 3 6 10 10 10 3 6 3 5 3 6 10 6 10 3 6 6
split_gain=29.6177 5.20563 4.5218 3.22988 2.90173 4.73014 1.95978 1.86037 3.24927 1.71393 2.56596 2.19532 1.69658 4.46819 1.44199 3.74935 2.16538 1.90529 6.91247 1.53537 1.46716 2.576 1.85405 1.91052 1.08694 1.06016 1.01748 5.63412 2.62145 8.44921
threshold=2.2950463294982915 0.011050061322748663 0.45292907953262335 8.8021216392517108 25.500000000000004 0.53085750341415416 0.53642636537551891 9.5000000000000018 1.5870165824890139 0.009756329935044052 0.0099504948593676108 6.504176378250123 8.4790754318237322 21.500000000000004 4.6214363574981698 0.011561079882085325 0.01197647722437978 0.022421040572226051 18.500000000000004 2.5422707796096806 37.500000000000007 41.500000000000007 30.500000000000004 8.1066393852233904 0.022750681266188625 8.1066393852233904 0.009756329935044052 41.500000000000007 22.755928993225101 21.154217720031742
decision_type=2 2 2 2 2 2 2 2 2 2 2 2 2 2 2 2 2 2 2 2 2 2 2 2 2 2 2 2 2 2
left_child=1 -1 3 9 -3 7 -7 8 -6 11 25 -2 14 -14 15 -12 -17 18 19 -18 22 -22 -16 -24 -19 -11 28 -28 29 -5
right_child=2 4 -4 26 5 6 -8 -9 -10 10 12 -13 13 -15 20 16 17 24 -20 -21 21 -23 23 -25 -26 -27 27 -29 -30 -31
leaf_value=-0.037114833924972411 0.00031428088425402905 -0.040120391113173039 0.022917422889903102 0.0028431348953055959 0.016980214407062773 0.043663107069985801 -0.013580096189615525 -0.025429711105738502 -0.039447352785961939 0.01001336479470788 -0.054507361355810725 -0.048029241907912454 0.007446976070233923 -0.064809331598951678 0.0085548886991943258 0.035894446876684305 0.021233573301061667 0.0400344324618674 -0.069224995871816852 -0.0033600048114668431 0.013903166098924233 -0.054386626220547865 0.014187922723195454 0.052764415786875574 -0.0005327302504587872 0.042481010101362904 0.00016744873655886409 -0.037963840140466235 -0.011850551237074229 0.047423912630860925
leaf_weight=54.00195317005273 10.16889736723533 6.9812570662761564 23.685620352174737 117.47307145738159 7.9960030745714921 4.7470617016078895 1.4886969454346397 16.46259686583835 2.5617191724013537 5.0383026293711719 1.9790854071034107 2.0485057302503256 6.8099729100940731 2.0113703247625381 128.63324624689994 3.6061842376366249 7.2925098731648168 3.162306919693946 2.7319420517305835 26.21421322284732 2.4510278013767675 1.4569552475877565 12.309930168557914 4.0197254549711934 2.6939147057710215 6.3074297674465925 1112.81405719959 8.7723297239572258 20.840279993601143 10.704377020243554
leaf_count=133509 536 13637 175 1218 137 324 1316 19119 25 59 152 306 52 49 864 25 23 8 87 184 39 62 118 10 44 20 16185 261 280 51
internal_value=1.07833e-09 -0.0270506 0.00169022 0.00133988 -0.012971 -0.00626684 0.030009 -0.0154108 0.00106021 0.00679301 0.00783059 -0.0108121 0.0064639 -0.0139496 0.00744605 -0.000124935 0.00334682 -0.000209682 -0.00466461 0.00245285 0.00985552 -0.0174502 0.0107062 0.0261807 0.0240173 0.030042 0.000352778 -0.000164342 0.00422005 0.00690447
internal_weight=1617.46 94.2393 1523.23 1499.54 40.2373 33.2561 6.23576 27.0203 10.5577 228.936 216.718 12.2174 205.372 8.82134 196.551 47.6802 45.7011 42.0949 36.2387 33.5067 148.871 3.90798 144.963 16.3297 5.85622 11.3457 1270.6 1121.59 149.018 128.177
internal_count=188875 168067 20808 20633 34558 20921 1640 19281 162 2638 1796 842 1717 101 1616 523 371 346 294 207 1093 101 992 128 52 79 17995 16446 1549 1269
is_linear=0
shrinkage=0.05


Tree=57
num_leaves=31
num_cat=0
split_feature=6 10 10 6 4 4 3 3 6 3 10 3 3 10 6 6 3 6 4 3 3 6 6 6 3 3 10 6 6 3
split_gain=27.9449 5.01582 3.56435 2.61096 2.15241 2.00616 1.73129 1.53809 2.59794 1.78898 2.74622 2.04047 2.36772 5.92867 2.50749 4.117 1.78744 2.89082 1.43104 1.41272 3.11608 2.98821 3.56155 2.76408 3.06589 1.78654 1.31391 1.29902 5.82887 1.73891
threshold=2.2950463294982915 0.011050061322748663 0.016159754246473316 8.8021216392517108 25.500000000000004 43.500000000000007 2.5000000000000004 44.500000000000007 5.824183702468873 7.5000000000000009 0.015242683235555889 9.5000000000000018 20.500000000000004 0.012739370577037336 3.2873064279556279 4.6214363574981698 22.500000000000004 7.251589536666871 9.5000000000000018 12.500000000000002 11.500000000000002 5.0148561000823983 5.824183702468873 6.8531162738800058 17.500000000000004 14.500000000000002 0.011428944766521456 8.1066393852233904 7.7992205619812021 30.500000000000004
decision_type=2 2 2 2 2 2 2 2 2 2 2 2 2 2 2 2 2 2 2 2 2 2 2 2 2 2 2 2 2 2
left_child=1 -1 3 7 -3 26 -7 9 -9 10 -2 -11 13 -13 -15 -16 17 -14 -4 20 -17 -21 -23 25 -25 -24 -6 28 -18 -29
right_child=2 4 18 -5 5 6 -8 8 -10 11 -12 12 16 14 15 19 27 -19 -20 21 -22 22 23 24 -26 -27 -28 29 -30 -31
leaf_value=-0.036695833538007032 -0.030017953890962012 -0.037114269393411503 0.036355902431296348 0.00017863327037358483 -0.026099433122893274 0.010501982639724914 -0.020074602885543483 0.0062564956439714811 -0.046000786254474291 0.022044049598060646 0.0039660426978171751 -0.063130001100076591 0.00047022117857573476 0.03036899628475221 -0.034687296134412404 -0.00086113874099891035 0.0083575777428913593 0.044458373406130403 0.0098799407337989732 0.030370013908731161 0.035881042689630098 -0.063014122157100769 0.03531115691385061 -0.061541537144114866 0.0055015041973344421 -0.0086077620502830153 0.022202614888519535 -0.010477353030476521 -0.065906939649142376 0.029179083873596197
leaf_weight=52.364311146055115 6.5185461759101591 6.4385653915596768 4.7036414784379295 1234.0325134792802 0.84335795367223809 5.237993964925411 20.219114898858606 5.9398055671881576 2.7570727697457187 25.596445163071621 27.595419784716796 2.5960136833600691 6.104181282920762 6.3290937626734367 6.6835832484066477 15.221325412392616 49.496604890970048 8.7116058717947435 74.457878246583277 3.7186592184007194 8.2496603243052959 2.1136976331472388 3.95031465962529 2.311813399544917 3.2084763685707003 3.755488907918334 6.6980592894360598 2.9649344896897665 1.7921622300491424 11.853120453946756
leaf_count=133509 79 13637 13 17493 1595 22 18041 422 320 83 154 88 59 37 69 61 671 35 852 14 30 28 10 65 19 31 1263 44 47 84
internal_value=1.70462e-10 -0.0266372 0.00162452 0.0010531 -0.0127043 -0.00698994 -0.0136241 0.00622865 -0.0133455 0.0071476 -0.00319761 0.0092973 0.00681041 -0.000891782 0.00308227 -0.000961886 0.0122873 0.0275107 0.011887 0.00501324 0.0129917 -0.00497023 -0.0148717 -0.0032893 -0.0277075 0.0153768 0.0143778 0.00851637 0.00455177 0.0210835
internal_weight=1612.46 91.8014 1520.66 1441.5 39.4371 32.9985 25.4571 207.468 8.69688 198.771 34.114 164.657 139.061 58.1381 55.5421 49.213 80.9226 14.8158 79.1615 42.5294 23.471 19.0585 15.3398 13.2261 5.52029 7.7058 7.54142 66.1068 51.2888 14.8181
internal_count=188875 168067 20808 19943 34558 20921 18063 2450 742 1708 233 1475 1392 452 364 327 940 94 865 258 91 167 153 125 84 41 2858 846 718 128
is_linear=0
shrinkage=0.05


Tree=58
num_leaves=31
num_cat=0
split_feature=6 10 6 10 7 7 6 6 5 3 7 6 7 8 7 10 10 10 10 6 10 6 6 6 6 3 6 6 3 3
split_gain=26.5765 4.89608 2.87145 2.51999 2.02365 5.33562 1.99059 2.50156 2.32513 1.45315 1.89985 3.65124 1.62651 1.29803 0.979149 1.64198 2.17124 1.41147 1.04909 2.25344 0.936789 2.22809 0.762898 2.70713 1.31373 2.8798 5.78614 3.92982 1.31093 1.25696
threshold=2.2950463294982915 0.014389234129339458 6.504176378250123 0.017057181335985664 0.53085750341415416 0.53171458840370189 1.5870165824890139 0.70710679888725292 26.500000000000004 27.500000000000004 0.60502782464027416 44.676586151123054 0.49895158410072332 165.50000000000003 0.52635166049003612 0.022750681266188625 0.023384617641568187 0.022421040572226051 0.017057181335985664 4.6214363574981698 0.0039761590305715808 0.25098815560340887 14.014347553253176 14.561655044555666 13.250360488891603 47.500000000000007 10.234188556671144 10.794119834899904 2.5000000000000004 19.500000000000004
decision_type=2 2 2 2 2 2 2 2 2 2 2 2 2 2 2 2 2 2 2 2 2 2 2 2 2 2 2 2 2 2
left_child=1 4 14 22 20 -6 7 8 13 12 11 -11 -5 -3 15 17 -17 18 -2 -20 21 -1 24 28 25 -4 -27 -28 -24 -26
right_child=2 6 3 9 5 -7 -8 -9 -10 10 -12 -13 -14 -15 -16 16 -18 -19 19 -21 -22 -23 23 -25 29 26 27 -29 -30 -31
leaf_value=0.048603219491463595 0.0081099958987853292 0.013240887512091144 0.0023981748298636785 0.035593911113990705 0.046546502586692594 -0.031063622964276106 -0.039469726865042735 0.023589259612288083 -0.048104381601854769 -0.064602435566329178 0.030623573699357406 0.027854418318335367 0.0013269042395513599 -0.029953489235370015 0.030813863637332597 0.010551114351143993 -0.053796755003321664 0.037216402037754892 -0.05365495773897249 0.010645324424648814 -0.036299479102540187 -0.029909328133991216 0.0073941177930368102 0.00015978984493283087 0.022806148113256888 -0.070125871405286963 0.023884194111153331 -0.051657375550477252 -0.032758150783768626 0.0041817046416358673
leaf_weight=0.45939961087424208 135.93437072429515 5.8050329537909464 301.53482590152998 10.228817305527629 2.2040534883853962 6.2755108193123306 2.2208637968287794 7.3206577358869245 2.276324575414038 1.5130034617031918 1.1831972599029543 1.0987306647002695 5.1224367879331103 1.3416314710775621 3.7018162868916979 2.1562648862600322 1.5397834775503723 3.1427847119048229 1.2149743300396938 2.8761139966081828 60.818170264428772 1.3729192973078168 2.1960965581238261 983.03025105538836 13.670905770093666 3.1656028945872077 5.4458162761293352 1.3540262604365123 8.1881772760243603 25.226010868515004
leaf_count=103 1477 2189 3027 48 210 11069 41 56 4974 60 1 2 33 3246 15 13 58 9 51 28 141540 4639 7 14889 131 223 33 99 289 315
internal_value=-1.43479e-09 -0.0262295 0.00157763 0.000850961 -0.0321762 -0.00810863 -0.00343056 0.00330469 -0.0132055 0.0184041 -0.00772272 -0.0287638 0.0249401 0.00245065 0.0081066 0.00732973 -0.0220036 0.00823437 0.0073246 -0.0152388 -0.0352552 -1.44413e-05 0.000587372 -0.000120792 0.00258972 0.00149045 -0.0236895 0.00414756 -0.024363 0.0111351
internal_weight=1603.62 90.0946 1513.52 1362.96 71.1301 8.47956 18.9645 16.7436 9.42299 19.1462 3.79493 2.61173 15.3513 7.14666 150.566 146.864 3.69605 143.168 140.025 4.09109 62.6505 1.83232 1343.81 993.415 350.397 311.5 9.96545 6.79984 10.3843 38.8969
internal_count=188875 168067 20808 19157 157561 11279 10506 10465 10409 144 63 62 81 5435 1651 1636 71 1565 1556 79 146282 4742 19013 15185 3828 3382 355 132 296 446
is_linear=0
shrinkage=0.05


Tree=59
num_leaves=31
num_cat=0
split_feature=6 7 7 10 6 6 3 6 10 3 3 6 6 6 6 6 6 6 6 6 6 6 6 6 5 10 10 6 3 6
split_gain=24.945 3.62588 6.00955 3.39958 2.61281 5.1515 3.40413 2.29276 1.54898 2.50569 1.82421 1.21847 2.16756 3.2874 4.38688 1.77547 1.36979 3.82205 1.48835 3.56341 1.28612 2.43899 1.21368 3.1604 1.12511 1.65697 1.13164 2.00943 1.07594 1.73383
threshold=0.70710679888725292 0.53085750341415416 0.53642636537551891 0.016159754246473316 0.74124696850776683 1.9933357834815981 5.5000000000000009 8.8021216392517108 0.014718532562255861 5.5000000000000009 9.5000000000000018 44.676586151123054 13.250360488891603 40.912498474121101 21.154217720031742 8.8021216392517108 32.622304916381843 27.79000282287598 23.119680404663089 27.429511070251468 33.15819168090821 36.494224548339851 0.92583191394805919 0.894496649503708 7.5000000000000009 0.014965224079787733 0.0039761590305715808 0.25098815560340887 42.500000000000007 6.1512548923492441
decision_type=2 2 2 2 2 2 2 2 2 2 2 2 2 2 2 2 2 2 2 2 2 2 2 2 2 2 2 2 2 2
left_child=1 24 -3 4 -2 6 -6 8 10 -10 -7 12 15 14 -14 -5 17 18 -16 -20 -18 -22 23 -8 25 -1 27 -26 -12 -30
right_child=3 2 -4 11 5 7 22 -9 9 -11 28 -13 13 -15 16 -17 20 -19 19 -21 21 -23 -24 -25 26 -27 -28 -29 29 -31
leaf_value=0.020770125473554696 0.042601925070109847 0.033881889319002031 -0.031578277521539938 0.0099525035450446411 0.008983548063960305 0.019791620244331884 -0.037076037998739979 0.00013474851964253166 0.0028729515084217148 -0.030260459926869567 0.0068127362607051656 0.031583836708156225 -0.023627851710248941 -0.056811170858292938 0.029780748146929648 0.033425259382966137 0.051033200713308725 -0.053438546685485269 -0.032548838269412871 0.037540104152684661 -0.03992991348423057 0.025370344878490537 -0.054702356876328122 0.047890761557748011 0.047051645568888599 -0.034051691709591492 -0.038244874020514248 -0.028407687335023152 0.002355099482402478 -0.038745132635320562
leaf_weight=1.9626145650472602 2.7217090686099246 4.9963385907940374 7.4714533330043196 29.783775111398427 3.9112401934107757 25.794384288892616 2.4909765266675081 1228.8026123308664 27.607828990032431 6.1482923647854468 133.04778834464378 5.943692246451973 9.2490064202283957 1.3903847355395544 6.3109511339571345 10.858809326949993 3.1834629625081998 1.4345236593944708 3.3814484507311136 2.1024308975320309 0.86805790476500977 5.7549507032381371 6.5867053876281716 0.63112546331103647 0.46487037901533668 1.6119021807844545 49.539744614532538 1.2219297922638359 9.6409403038014698 2.44737386071938
leaf_count=295 1373 1501 15001 279 27 85 9622 17493 156 85 1312 19 120 51 23 62 7 94 52 7 81 108 20085 1855 103 3376 110351 4142 751 359
internal_value=-3.55544e-11 -0.0295718 -0.00477782 0.00131856 0.000760231 0.000652171 -0.0288786 0.000952688 0.00583852 -0.00385894 0.00776493 0.0112706 0.00924827 -0.000178811 0.00389367 0.016876 0.015467 0.00432084 0.0149732 -0.00403238 0.0287124 0.0126963 -0.0435461 -0.0124489 -0.035026 -0.00599097 -0.0368985 0.00216044 0.00550667 -0.00829049
internal_weight=1597.36 67.2689 12.4678 1530.09 1449.83 1447.11 13.62 1433.49 204.687 33.7561 170.93 80.2615 74.3178 33.6752 32.2848 40.6426 23.0358 13.2294 11.7948 5.48388 9.80647 6.62301 9.70881 3.1221 54.8011 3.57452 51.2265 1.6868 145.136 12.0883
internal_count=188875 134769 16502 54106 53203 51830 31589 20241 2748 241 2507 903 884 543 492 341 372 176 82 59 196 189 31562 11477 118267 3671 114596 4245 2422 1110
is_linear=0
shrinkage=0.05


Tree=60
num_leaves=31
num_cat=0
split_feature=6 10 10 6 4 7 3 7 4 6 6 4 10 6 6 6 6 6 5 3 3 10 3 3 10 6 6 10 6 6
split_gain=23.4031 4.45879 4.00547 2.24202 1.77891 3.67447 1.86981 1.51288 1.16654 1.34788 1.9274 5.54999 2.11439 1.99922 2.60279 1.88745 4.66752 1.76801 1.36251 2.90819 2.78658 1.14762 2.32356 1.31145 1.13491 2.1459 1.0979 1.49 4.38894 1.00852
threshold=2.2950463294982915 0.011050061322748663 0.016159754246473316 8.8021216392517108 25.500000000000004 0.53085750341415416 2.5000000000000004 0.53642636537551891 9.5000000000000018 44.676586151123054 13.250360488891603 73.500000000000014 0.018374931998550895 40.912498474121101 21.154217720031742 21.659376144409183 24.167681694030765 8.8021216392517108 20.500000000000004 17.500000000000004 48.500000000000007 0.014718532562255861 5.5000000000000009 9.5000000000000018 0.0039761590305715808 0.25098815560340887 9.6654934883117694 0.024016422219574455 13.012989997863771 5.824183702468873
decision_type=2 2 2 2 2 2 2 2 2 2 2 2 2 2 2 2 2 2 2 2 2 2 2 2 2 2 2 2 2 2
left_child=1 24 3 21 -3 6 -6 -7 -4 10 17 -12 13 14 -13 -16 -17 18 -10 -20 -21 23 -23 -2 25 -1 -19 28 -28 -25
right_child=2 4 8 -5 5 7 -8 -9 9 -11 11 12 -14 -15 15 16 -18 26 19 20 -22 22 -24 29 -26 -27 27 -29 -30 -31
leaf_value=0.047291296545987432 0.017649187150837402 -0.034565783640735502 0.035394230668598481 5.1108732431036271e-05 0.011247572929063612 0.038478547429989393 -0.021364467874567413 -0.012560194672125958 0.024662700748352029 0.032490287708733197 -0.069786184248078961 -0.021782762174316739 0.031646814162889884 -0.048231133645629483 0.043667888410164495 -0.058553487467761282 0.016741673176782688 0.047183006224846696 0.012279157462298133 -0.067168161463936185 0.0033894201496763423 0.0035628316707270605 -0.029315125088122302 0.00013816175724535874 -0.036691089026380262 -0.029056994684387091 -0.054057571726858593 0.037263988181170646 0.037939590599513712 0.0087140144392824654
leaf_weight=0.54125939824734715 25.438444405037444 6.0473546181783595 4.4423921173438421 1229.3460850611591 4.8682174114510479 4.5142828710158929 20.167231850185999 1.4210630588095226 7.3745515367481849 5.6003443887457243 1.6839904114604021 6.4465009339037449 5.0584495388902715 1.0930199627764512 3.0275742821395388 1.4973242320120324 10.784612009840201 5.2055879104882461 12.754739832016645 1.6864743681799144 2.7316499846347142 27.385403802560177 5.6390897266101083 55.455613127247489 46.559584324251773 1.2884976860259483 1.5521615503821522 2.2294544242322445 1.665187805891037 88.928879935076111
leaf_count=103 83 13637 13 17493 22 324 19259 1316 83 19 64 92 24 47 7 21 284 11 55 50 44 154 81 1028 128767 4639 45 4 2 1104
internal_value=-9.72957e-10 -0.0253065 0.00145002 0.000856442 -0.0117851 -0.00639493 -0.0148345 0.0262096 0.012649 0.0107378 0.00839238 -0.00103905 0.0053799 -0.00151836 0.00284485 0.0139147 0.00384485 0.0161308 0.00812756 6.04859e-05 -0.0309696 0.00571293 -0.00274782 0.00736469 -0.0352024 0.0022586 0.0322932 0.0129514 -0.00873713 0.00544378
internal_weight=1592.44 85.4075 1507.03 1432.19 37.0181 30.9708 25.0354 5.93535 74.834 70.3916 64.7913 29.5915 27.9075 22.849 21.756 15.3095 12.2819 35.1998 24.5474 17.1729 4.41812 202.847 33.0245 169.823 48.3893 1.82976 10.6524 5.4468 3.21735 144.384
internal_count=188875 168067 20808 19943 34558 20921 19281 1640 865 852 833 539 475 451 404 312 305 294 232 149 94 2450 235 2215 133509 4742 62 51 47 2132
is_linear=0
shrinkage=0.05


Tree=61
num_leaves=31
num_cat=0
split_feature=6 7 7 7 6 6 3 6 6 6 6 4 3 5 3 6 3 3 6 6 6 3 5 3 6 6 6 6 6 6
split_gain=22.0414 3.57323 3.23905 4.8762 2.52982 3.31677 4.15504 2.3873 1.32385 3.03666 1.10226 1.62743 3.23768 1.01797 0.985589 1.3972 1.6406 1.338 2.23338 1.09824 1.59806 0.990211 0.900867 0.896318 5.04605 4.14427 2.10795 2.51227 5.39998 1.98391
threshold=0.70710679888725292 0.45292907953262335 0.53085750341415416 0.53642636537551891 0.74124696850776683 2.2950463294982915 8.5000000000000018 6.504176378250123 0.92583191394805919 0.894496649503708 7.5765991210937509 7.5000000000000009 38.500000000000007 7.5000000000000009 11.500000000000002 5.4190740585327157 8.5000000000000018 16.500000000000004 3.2873064279556279 2.5422707796096806 3.6468113660812382 7.5000000000000009 6.5000000000000009 2.5000000000000004 7.7992205619812021 9.6654934883117694 12.204383850097658 14.846392631530763 17.719470977783207 38.06505203247071
decision_type=2 2 2 2 2 2 2 2 2 2 2 2 2 2 2 2 2 2 2 2 2 2 2 2 2 2 2 2 2 2
left_child=2 4 13 -4 -2 6 -6 14 9 -8 11 -3 -13 22 15 19 -17 18 -16 -7 21 -21 -1 24 -9 -26 -27 -28 -29 -30
right_child=1 10 3 -5 5 7 8 23 -10 -11 -12 12 -14 -15 17 16 -18 -19 -20 20 -22 -23 -24 -25 25 26 27 28 29 -31
leaf_value=-0.029032797763948872 0.042360460525709201 0.029434155207502567 0.03023451703208976 -0.029781255168554822 0.0066925661208291423 0.021847743299938393 -0.036127262351135885 -0.060975203624593965 -0.054235359760044878 0.046807078102076675 0.026592211819675672 -0.05361831386070897 0.025914935064931338 -0.035691686163314994 0.020492087403119232 0.0079389050088859974 0.032527946008846807 0.0064416716297296412 -0.020827367928305984 -0.034864277640760971 0.0077171891131383513 -0.0015607184705176116 0.012485777205947457 7.2406663591805255e-05 0.040357561137894987 -0.03110525286061866 0.026160969242452314 -0.061966465504404517 -0.0018537749886539867 0.017771524168847318
leaf_weight=1.2531279863615057 2.6730402240827962 1.8780793698097111 4.9092218620062322 6.9502657119664946 7.3695024173939627 6.8477355837821952 2.3127960575729944 1.7776709441095579 5.9694099446278415 0.68279453696413828 16.935634367982857 1.7687538993195659 1.5464575006117227 48.52468662560932 3.6073003550991407 15.071507335174831 12.785443482920526 63.582479412936664 10.940718382596968 3.1728236197377573 22.637998778314795 5.011707610974554 2.1990961124465676 1256.2791931917163 7.6581201255321494 3.134638055227696 11.347330949211026 2.1959052018355569 37.468819791902206 18.492008011700818
leaf_count=3246 1373 9 1501 15001 57 14 9619 16 20380 1855 137 29 14 114596 25 68 26 1217 106 34 103 28 425 17996 28 50 50 58 560 254
internal_value=-9.34361e-10 0.00121458 -0.0285518 -0.00451856 0.000913436 0.000811292 -0.0209346 0.00106493 -0.0420375 -0.0102402 0.0207185 0.000363167 -0.0191102 -0.0338467 0.00716692 0.0116495 0.0199606 0.00330768 -0.00992284 0.00514631 0.00086586 -0.0168615 -0.00572105 0.000405081 0.00543503 0.00763721 0.00368638 0.00567442 0.00130249 0.00482946
internal_weight=1586.98 1523.15 63.8364 11.8595 1501.02 1498.35 16.3345 1482.01 8.965 2.99559 22.1289 5.19329 3.31521 51.9769 143.658 65.5272 27.857 78.1305 14.548 37.6703 30.8225 8.18453 3.45222 1338.35 82.0745 80.2968 72.6387 69.5041 58.1567 55.9608
internal_count=188875 54106 134769 16502 53917 52544 31911 20633 31854 11474 189 52 43 118267 1621 273 94 1348 131 179 165 62 3671 19012 1016 1000 972 922 872 814
is_linear=0
shrinkage=0.05


Tree=62
num_leaves=31
num_cat=0
split_feature=6 10 10 6 6 3 6 6 3 3 6 3 10 10 6 10 5 4 6 6 6 3 3 3 3 3 6 6 3 10
split_gain=20.7117 3.95384 2.84211 2.4768 4.47206 3.14643 1.84418 4.07825 2.49258 6.49613 2.36729 2.35198 6.33659 1.62187 2.00766 1.61887 1.98284 1.54988 1.50428 1.45741 2.90207 1.44522 2.34229 1.23535 2.93225 1.36763 3.25355 2.73134 2.31377 1.94912
threshold=0.70710679888725292 0.016159754246473316 0.011050061322748663 0.74124696850776683 1.9933357834815981 5.5000000000000009 7.7992205619812021 8.1066393852233904 21.500000000000004 17.500000000000004 8.8021216392517108 12.500000000000002 0.012385687325149776 0.0039761590305715808 0.25098815560340887 0.011696306522935631 26.500000000000004 27.500000000000004 0.56629496812820446 0.92583191394805919 0.894496649503708 41.500000000000007 43.500000000000007 36.500000000000007 32.500000000000007 21.500000000000004 6.8531162738800058 7.251589536666871 22.500000000000004 0.013793759513646366
decision_type=2 2 2 2 2 2 2 2 2 2 2 2 2 2 2 2 2 2 2 2 2 2 2 2 2 2 2 2 2 2
left_child=2 3 13 -2 5 -5 21 8 9 -8 11 -9 -13 14 -1 17 -17 -4 -19 20 -7 23 -23 24 25 26 -6 -27 -29 -28
right_child=1 -3 15 4 6 19 7 10 -10 -11 -12 12 -14 -15 -16 16 -18 18 -20 -21 -22 22 -24 -25 -26 27 29 28 -30 -31
leaf_value=0.047434588323946043 0.041348182700671476 0.012276733776505865 0.02169377488118859 0.0090024737018283823 0.0064163447941900237 -0.035754941266442929 -0.050652447546293111 0.036612073561794516 -0.068915447852736456 0.034693420176148362 2.3261652613938506e-05 0.01584603215708871 -0.061573264030757503 -0.03921823135181618 -0.027076094732701412 -0.0062241421283293743 -0.039938267456317712 -0.040631322624589197 0.011557645001267353 -0.055254095121580818 0.044855388419047716 -0.05518676729426672 -0.00038075625824107305 0.026494342457410499 -0.03719683096274784 0.0069080239662514869 -0.057960146726195774 0.056263892670896813 0.0089423259878208972 -0.0067761792101276412
leaf_weight=0.60296632081735779 2.7160781721977392 75.056991303979885 4.3898098962163203 3.7494799597188821 92.199925003806129 2.2304348718280367 3.8910838924348337 7.5651717558503178 2.1502829353848938 3.1656670869560912 1227.9698780195904 17.201219439186392 2.097031895100371 34.885705298307585 1.1076660912658551 9.5322726808335592 7.7946185018954557 1.9180578917803379 1.9679114162718176 6.0328193843452027 0.73247495966825216 1.3818510016426433 10.81817269161729 6.8154079286614424 2.8634243598789899 33.827119524648879 2.0578837938955976 5.2131272405385953 5.1901346743106842 5.5647211372852325
leaf_count=103 1373 903 1047 27 541 9622 41 26 92 13 17493 210 51 96847 4142 14067 14296 3914 353 20085 1855 65 935 122 96 351 75 8 45 77
internal_value=-3.23927e-10 0.001165 -0.0280469 0.000579914 0.000474576 -0.02791 0.000746892 9.45203e-05 -0.031383 -0.0128121 0.000350285 0.0147617 0.00481434 -0.0369293 0.00699788 -0.0144397 -0.0227423 0.0035213 -0.0172458 -0.0426567 -0.00953672 0.00568621 -0.010299 0.00701315 0.00593641 0.00704432 0.00373214 0.0142717 0.0355099 -0.0257137
internal_weight=1582.69 1520.49 62.199 1445.43 1442.72 12.7452 1429.97 1264.04 9.20703 7.05675 1254.83 26.8634 19.2983 36.5963 1.71063 25.6027 17.3269 8.27578 3.88597 8.99573 2.96291 165.932 12.2 153.732 146.916 144.053 99.8225 44.2304 10.4033 7.6226
internal_count=188875 54106 134769 53203 51830 31589 20241 17926 146 54 17780 287 261 101092 4245 33677 28363 5314 4267 31562 11477 2315 1000 1315 1193 1097 693 404 53 152
is_linear=0
shrinkage=0.05


Tree=63
num_leaves=31
num_cat=0
split_feature=3 10 10 10 3 10 10 3 10 3 5 5 5 10 7 3 7 5 3 3 3 3 3 3 7 4 7 10 4 4
split_gain=17.1654 2.82977 2.46979 3.10188 3.06302 2.42322 1.78741 1.4444 4.41129 1.08755 1.47428 1.66861 0.988877 1.38739 0.968809 0.851567 0.776443 0.755669 0.670667 3.13323 0.6818 4.67436 0.600736 1.97748 0.726004 2.10181 1.51462 1.74899 0.561111 0.515596
threshold=50.500000000000007 0.016159754246473316 0.0039761590305715808 0.011428944766521456 192.50000000000003 0.011696306522935631 0.024474314413964752 128.50000000000003 0.0053619688842445621 41.500000000000007 14.500000000000002 37.500000000000007 7.5000000000000009 0.014965224079787733 0.53085750341415416 37.500000000000007 0.55700722336769115 13.500000000000002 99.500000000000014 98.500000000000014 71.500000000000014 72.500000000000014 30.500000000000004 31.500000000000004 0.45292907953262335 73.500000000000014 0.57062244415283214 0.022750681266188625 42.500000000000007 6.5000000000000009
decision_type=2 2 2 2 2 2 2 2 2 2 2 2 2 2 2 2 2 2 2 2 2 2 2 2 2 2 2 2 2 2
left_child=1 -1 4 7 -2 14 12 8 -4 15 17 -12 13 -7 -5 22 -16 -11 19 20 -10 -22 24 -24 -3 26 27 -26 29 -8
right_child=2 9 3 5 -6 6 28 -9 18 10 11 -13 -14 -15 16 -17 -18 -19 -20 -21 21 -23 23 -25 25 -27 -28 -29 -30 -31
leaf_value=0.00056811477546413658 0.049818167526174045 0.0078831835011692938 0.058555229593620306 -0.02054074772751438 -0.030935148435708083 0.019385745732807352 0.011533192370097884 -0.042354165409713374 -0.042005714550712114 -0.0039816360381360379 -0.056532251629558355 0.00095250570352343642 -0.038207236699574293 -0.031869755941301869 0.033427461044565017 0.03235254595036955 -0.017346872258751277 0.033109032729112919 -0.043469803133098693 0.047550603529347209 0.045538005336842324 -0.037534933626365369 0.025261204098037705 -0.047057190511255335 0.011811229066604671 0.03835405598006425 0.026826794438147051 -0.034709024575006013 0.029130056347344363 -0.025907518685732281
leaf_weight=1444.9142590808187 1.6089911017552361 44.206389441103966 0.69393428392868273 0.5531844656252386 1.2379026228954897 1.9448411135526842 1.2007121720234861 26.282760524227342 3.6045734276303811 2.6249845997081138 1.2812251000432295 2.7539090418722463 7.3566662225821329 1.4143934472740509 3.7816873256815597 4.2562263917643568 0.25763918973825628 1.5062866536900399 4.4605941038535084 0.70916838873381571 1.5110824242874512 4.3998290272465965 1.0207215421833087 0.85785356553969894 3.5815456896089035 7.4787487859721287 3.3788260072469711 2.7574562560766935 1.144798571593127 0.63625377644348224
leaf_count=26504 527 578 1078 992 4215 295 204 85154 11497 52 48 52 23241 3345 522 23 169 3 14636 543 547 14179 5 37 26 29 13 35 6 320
internal_value=-5.53718e-10 0.00106532 -0.0254081 -0.0275914 0.0157907 -0.00972284 -0.0199811 -0.0350242 -0.0206763 0.010424 -0.00620088 -0.0249024 -0.0289473 -0.00455543 0.0189754 0.0124953 0.0273893 0.0133587 -0.0279148 -0.0178606 -0.0267939 -0.0127816 0.0106773 -0.012638 0.0115817 0.0201335 0.00384088 -0.010397 0.0114191 -0.00599586
internal_weight=1583.42 1520.62 62.799 59.9521 2.84689 18.2902 13.6977 41.6619 15.3792 75.7042 8.16641 4.03513 10.7159 3.35923 4.59251 67.5378 4.03933 4.13127 14.6852 10.2247 9.51548 5.91091 63.2815 1.87858 61.403 17.1966 9.71783 6.339 2.98176 1.83697
internal_count=188875 27405 161470 156728 4742 29094 27411 127634 42480 901 155 100 26881 3640 1683 746 691 55 41402 26766 26223 14726 723 42 681 103 74 61 530 524
is_linear=0
shrinkage=0.05


Tree=64
num_leaves=31
num_cat=0
split_feature=6 7 7 7 6 6 6 3 6 6 6 4 6 6 6 11 6 6 3 6 3 3 3 6 3 6 6 3 6 6
split_gain=19.4465 2.74617 4.37082 2.74363 2.3022 1.91428 2.57334 2.41729 2.62834 4.32471 1.07274 1.57947 2.33539 1.01363 9.30326 5.41879 4.96475 6.63101 3.95231 9.29364 8.4077 1.65124 4.63912 11.0123 7.83741 6.42755 6.03647 5.68572 4.54931 13.552
threshold=0.70710679888725292 0.53085750341415416 0.53642636537551891 0.45292907953262335 0.74124696850776683 2.2950463294982915 8.8021216392517108 3.5000000000000004 0.92583191394805919 0.894496649503708 7.5765991210937509 7.5000000000000009 2.6708065271377568 29.190890312194828 28.94754791259766 1.0000000180025095e-35 30.485410690307621 31.277459144592289 10.500000000000002 29.726751327514652 15.500000000000002 25.500000000000004 8.5000000000000018 26.817957878112797 23.500000000000004 19.061475753784183 24.819429397583011 22.500000000000004 23.119680404663089 18.361026763916019
decision_type=2 2 2 2 2 2 2 2 2 2 2 2 2 2 2 2 2 2 2 2 2 2 2 2 2 2 2 2 2 2
left_child=1 -1 -3 4 -2 7 -7 -6 9 -9 11 -5 -13 14 21 -16 18 -18 19 -15 -20 22 -8 24 26 -26 27 -24 29 -29
right_child=3 2 -4 10 5 6 13 8 -10 -11 -12 12 -14 16 15 -17 17 -19 20 -21 -22 -23 23 -25 25 -27 -28 28 -30 -31
leaf_value=-0.032346048976230224 0.039925721002181044 0.028475819337124106 -0.029301534004754645 0.02827215100588211 0.010062078791767425 0.0059633466573511783 0.0035521995013559787 -0.036780861008212554 -0.04509190702722575 0.047934343656646144 0.024357688728020341 0.017720752837632289 -0.050111411810459562 -0.072281659953376487 -0.081373478076785355 0.0065505215232088982 -0.041082369381446583 0.00096825663295917088 0.050278608693079409 0.018280184878127697 0.0055411909680236696 0.0016599237441381699 -0.009458867913795228 0.029419511443392624 -0.079583478413081929 -0.017790594271533181 -0.050098870373883775 0.03042803918052599 0.050632120922949088 -0.075040232867685894
leaf_weight=49.93678500003989 2.762416553003276 4.7718959109424741 6.5943848538790917 1.7787175169214604 5.5650575808249441 217.69853288868035 152.01536732669774 2.2144143414952833 6.9608806997166539 1.8405866393604808 16.416089777208981 1.6746408862745767 1.6832126374356446 3.066608923894818 4.636828960850834 2.3395184562541544 8.585309830028562 426.44684066710761 15.987777041969819 8.4540418144606502 28.266062392387539 412.41891863125784 136.10763268067967 16.945223112183157 6.2224912382080246 12.020304077188483 7.1327429218217722 9.9787083753035422 6.2581241941079488 3.2154507021186864
leaf_count=118267 1373 1501 15001 9 24 2638 1549 9620 20412 1855 137 12 31 104 103 39 301 6934 90 128 258 5498 2020 214 173 236 172 81 29 66
internal_value=-1.41943e-10 -0.0273786 -0.00470373 0.00112244 0.000861107 0.000762243 0.000956738 -0.0156408 -0.0283823 0.00354752 0.018433 -0.00138556 -0.0199784 8.7738e-05 -0.00104456 -0.0547635 0.00186102 4.60769e-05 0.0157671 -0.00967359 0.0224576 -0.00048185 -0.00300387 -0.0080329 -0.0116829 -0.0419081 -0.00805838 -0.00582305 0.0188354 0.00124926
internal_weight=1580 61.3031 11.3663 1518.69 1497.14 1494.38 1477.8 16.5809 11.0159 4.055 21.5527 5.13657 3.35785 1260.1 769.291 6.97635 490.807 435.032 55.7745 11.5207 44.2538 762.315 349.896 197.881 180.935 18.2428 162.693 155.56 19.4523 13.1942
internal_count=188875 134769 16502 54106 53917 52544 20633 31911 31887 11475 189 52 43 17995 10180 142 7815 7235 580 232 348 10038 4540 2991 2777 409 2368 2196 176 147
is_linear=0
shrinkage=0.05


Tree=65
num_leaves=31
num_cat=0
split_feature=3 10 10 3 10 10 10 3 10 3 3 10 7 10 7 5 3 3 3 5 10 7 3 7 3 3 3 3 3 3
split_gain=15.7707 2.31739 2.92268 2.65837 2.20669 2.12256 1.71413 1.63946 1.61102 1.58824 1.21378 4.27111 1.07053 1.90668 3.36968 1.77864 2.13597 2.31202 1.78069 0.93431 1.24948 0.856405 0.749642 0.735363 0.672104 0.617049 0.602243 2.71897 0.5613 4.1145
threshold=50.500000000000007 0.0039761590305715808 0.011428944766521456 192.50000000000003 0.015881994739174846 0.011696306522935631 0.015242683235555889 6.5000000000000009 0.024474314413964752 7.5000000000000009 128.50000000000003 0.0053619688842445621 0.57062244415283214 0.023384617641568187 0.52635166049003612 20.500000000000004 30.500000000000004 48.500000000000007 13.500000000000002 7.5000000000000009 0.014965224079787733 0.53085750341415416 8.5000000000000018 0.55700722336769115 3.5000000000000004 4.5000000000000009 99.500000000000014 98.500000000000014 71.500000000000014 72.500000000000014
decision_type=2 2 2 2 2 2 2 2 2 2 2 2 2 2 2 2 2 2 2 2 2 2 2 2 2 2 2 2 2 2
left_child=4 3 10 -2 6 21 7 -1 19 -9 11 -3 13 15 -15 -6 18 -18 24 20 -7 -4 -11 -23 -17 -8 27 28 -13 -30
right_child=1 2 5 -5 12 8 25 9 -10 22 -12 26 -14 14 -16 16 17 -19 -20 -21 -22 23 -24 -25 -26 -27 -28 -29 29 -31
leaf_value=0.0090965654439280202 0.047258845448521172 0.057714463830038559 -0.019976657394611491 -0.029200074463813022 0.034547127352990384 0.01843746937528859 -0.0033100655225116863 -0.011135064822823519 0.010804912578637114 0.0064729277005726935 -0.041669261721275663 -0.040876654600703888 0.026957788193053573 -0.060003031590565636 0.011615215291474591 0.0060432546381864157 -0.059807224954165343 0.0054650572131627164 0.027824197121905443 -0.037500036268942064 -0.030760537699391018 0.03121024267764827 0.00053674713944473155 -0.01762893725174219 -0.018273216006928699 -0.011920652806330071 -0.043204891926544094 0.044526209578452471 0.042658971972541579 -0.037150036930918576
leaf_weight=57.649033578374656 1.5606698971605504 0.66932075998556584 0.5293774166348183 1.1538042193205909 4.8081607218482523 1.9179319530812793 82.203230701925349 27.468220486291102 2.8708874629519405 54.820620344195049 24.789800109625503 3.3305851887744176 5.6055526807904235 1.9575267074396823 3.1053697742754593 99.46887728090951 1.5321249405387778 2.5983312371827196 8.8168110598344338 6.9546326910076441 1.333266493056726 3.7662349328020355 1133.426995023412 0.2545695998778682 1.9760651853866864 27.482622479685233 4.3210147559402676 0.63899975325330238 1.4316712074505629 4.0107514696483122
leaf_count=543 527 1078 992 4215 31 295 1092 546 530 544 85154 11497 23 85 16 1093 80 46 49 23241 3345 522 22683 169 22 552 14636 543 547 14179
internal_value=1.76513e-09 -0.0250256 -0.0272058 0.0156477 0.00100064 -0.00957545 0.00041313 0.000931235 -0.0194966 0.000536878 -0.0346996 -0.0207766 0.00720644 0.00610735 -0.0214049 0.00744426 0.00601555 -0.0256847 0.00742323 -0.0282239 -0.00422781 0.0173124 0.000815829 0.0252228 0.00539584 -0.00555572 -0.0282598 -0.017908 -0.0265463 -0.0127929
internal_weight=1572.45 59.5335 56.819 2.71447 1512.92 17.6269 1383.05 1273.36 13.0767 1215.72 39.1921 14.4023 129.869 124.263 5.0629 119.2 114.392 4.13046 110.262 10.2058 3.2512 4.55018 1188.25 4.0208 101.445 109.686 13.733 9.41201 8.77301 5.44242
internal_count=188875 161470 156728 4742 27405 29094 25960 24316 27411 23773 127634 42480 1445 1422 101 1321 1290 126 1164 26881 3640 1683 23227 691 1115 1644 41402 26766 26223 14726
is_linear=0
shrinkage=0.05


Tree=66
num_leaves=31
num_cat=0
split_feature=6 10 10 3 6 6 3 6 6 7 6 10 10 3 6 6 6 6 10 3 6 6 6 10 3 10 6 10 3 3
split_gain=17.7597 2.59996 3.65472 2.39587 2.02821 2.27638 2.31647 2.57399 3.84314 2.31303 1.90185 1.47302 1.64371 1.45487 2.71071 7.32876 2.77941 2.621 1.66108 4.95843 1.63364 5.30474 3.20574 6.28619 4.57668 6.78173 5.63301 3.68976 3.48015 3.18316
threshold=0.70710679888725292 0.0039761590305715808 0.011050061322748663 192.50000000000003 0.74124696850776683 2.2950463294982915 3.5000000000000004 0.92583191394805919 0.894496649503708 0.45292907953262335 13.522763252258303 0.011696306522935631 0.024474314413964752 47.500000000000007 18.586188316345218 16.130861282348636 21.154217720031742 13.73842763900757 0.012539633549749853 18.500000000000004 26.139769554138187 25.224988937377933 24.571588516235355 0.012539633549749853 11.500000000000002 0.012539633549749853 15.906307220458986 0.013245614245533945 14.500000000000002 25.500000000000004
decision_type=2 2 2 2 2 2 2 2 2 2 2 2 2 2 2 2 2 2 2 2 2 2 2 2 2 2 2 2 2 2
left_child=1 3 -3 -1 -2 6 -6 8 -8 10 -7 -4 -13 17 15 -15 -16 18 -12 -20 21 22 24 -24 -19 -26 27 -27 -28 -23
right_child=4 2 11 -5 5 9 7 -9 -10 -11 13 12 -14 14 16 -17 -18 20 19 -21 -22 29 23 -25 25 26 28 -29 -30 -31
leaf_value=0.046230087160741958 0.03819345479119584 -0.039933070316164103 0.0038669439239959781 -0.027764062896421662 0.0084440873078004217 0.0035717350561385282 -0.036114217295528168 -0.046177043631846985 0.044249768593947816 0.017271665807691707 -0.060443131075055202 -0.028744114389197068 0.010005863309599653 0.012861516558040218 0.041230716132282977 -0.069199664503350911 -0.006517861945652877 0.0056722338664660929 -0.05598828982342674 0.048615563061220432 0.0012341971766781771 -0.070331186002418111 0.023428121456736364 -0.055482053566416181 -0.0036403554301907104 0.023750848353690995 -0.020525179078738687 -0.047525999823668272 -0.063161646436745142 -0.016440080232162795
leaf_weight=1.5580615766011754 2.6692008091195012 32.046047789806835 7.9303984351718126 1.0426436547568299 5.4904225314967361 465.74852862820262 2.1251490812828688 6.8634065756887139 1.8423709381258961 21.002232455779449 1.9716745560581319 13.359965259825914 2.8474288910947498 12.679445806134028 8.7872420921921712 2.3992625256068996 4.0705199772492042 104.56579858952318 1.2351330197125208 1.3014138713479042 584.74816950358218 3.0615860640536985 22.490105857141319 1.8737891204655159 209.53097764185804 6.3212301004678038 11.341544976545267 1.428460858762264 9.6587461073067953 11.460248116636647
leaf_count=469 1373 96847 5314 3776 25 5152 9625 20420 1855 175 85 27834 529 83 37 47 39 1142 47 3 9277 107 225 62 3438 84 203 42 380 180
internal_value=1.11219e-09 -0.0267263 -0.0290181 0.0170931 0.0010612 0.000969848 -0.0170536 -0.0296001 0.00259927 0.00117919 0.000936808 -0.0135149 -0.0217504 -0.000294069 0.0107545 -0.00368745 0.0267349 -0.000622685 -0.0350157 -0.0037485 -0.00042623 -0.0029663 -0.00175116 0.0154111 -0.00301204 -0.00683077 -0.0291787 0.00668257 -0.0421147 -0.0316009
internal_weight=1563.45 58.7845 56.1838 2.60071 1504.67 1502 16.3213 10.8309 3.96752 1485.68 1464.67 24.1378 16.2074 998.925 27.9365 15.0787 12.8578 970.989 4.50822 2.53655 966.481 381.732 367.211 24.3639 342.847 238.281 28.75 7.74969 21.0003 14.5218
internal_count=188875 134769 130524 4245 54106 52733 31925 31900 11480 20808 20633 33677 28363 15481 206 130 76 15275 135 50 15140 5863 5576 287 5289 4147 709 126 583 287
is_linear=0
shrinkage=0.05


Tree=67
num_leaves=31
num_cat=0
split_feature=6 10 10 3 7 6 6 3 6 6 6 6 6 3 6 3 3 3 6 3 3 3 3 10 6 6 10 6 6 3
split_gain=16.7475 2.71498 3.40882 2.3466 1.93179 1.89467 1.70372 2.09263 2.81936 3.52699 1.92957 3.30106 3.34239 3.75627 2.94474 2.71018 3.33013 7.51361 6.62568 4.31992 2.91496 2.28205 2.36772 3.88667 2.16001 5.17469 1.89946 3.10501 3.28798 2.8816
threshold=0.70710679888725292 0.0039761590305715808 0.011050061322748663 192.50000000000003 0.45292907953262335 0.74124696850776683 2.2950463294982915 8.5000000000000018 0.92583191394805919 0.894496649503708 21.659376144409183 20.022215843200687 19.662629127502445 44.500000000000007 23.925033569335941 47.500000000000007 10.500000000000002 20.500000000000004 20.280011177062992 3.5000000000000004 44.500000000000007 44.500000000000007 36.500000000000007 0.010471491608768703 22.442245483398441 22.755928993225101 0.013923869002610447 33.566234588623054 40.578989028930671 1.5000000000000002
decision_type=2 2 2 2 2 2 2 2 2 2 2 2 2 2 2 2 2 2 2 2 2 2 2 2 2 2 2 2 2 2
left_child=1 3 -3 -1 5 -2 7 -7 9 -9 11 12 -8 -14 21 16 19 18 -18 -13 -19 22 23 -12 -24 -26 -16 -28 -29 -30
right_child=4 2 -4 -5 -6 6 10 8 -10 -11 14 15 13 -15 26 -17 17 20 -20 -21 -22 -23 24 -25 25 -27 27 28 29 -31
leaf_value=0.045490250584345984 0.036649128520827051 -0.039449096233957398 -0.013643453205533784 -0.027445986924441491 0.01573113789639707 0.0052604609840455922 0.0018031721323094288 -0.035510150135710843 -0.052125113113940746 0.041898115423474255 0.049970661698809163 -0.013123097885079555 -0.067059041615774986 0.0082790011037091812 0.0017778470193729025 0.039278031934792929 0.024545582799754592 0.013001536982426707 -0.073717677643678509 0.035669356454104087 -0.027088351116767013 0.018641765150466887 -0.07084218634042988 -0.014020936209755384 0.031539969640001164 -0.049852954175795328 -0.012441362626920693 0.0038438534510937361 0.012057391158497089 -0.025454946421611748
leaf_weight=1.6630047605576685 2.6777046460192642 31.000340967708325 23.915877157773139 1.0229987326820262 21.00080191406596 6.8447997883195049 672.67928706476596 2.0498991825115791 4.8452285551775276 1.8460392528268132 1.5713000489340618 5.3962064106017378 2.7281552046770221 2.6222484726458788 438.00569084000017 7.263824399560689 1.906909887358778 43.236913256056141 4.4925371633289615 17.818607266061008 4.1138348588719955 4.4132990166544905 2.4800330902071419 34.207837670372101 2.4777179898228496 3.6622491274029016 70.817253857225296 117.11345496072317 6.2621779572218683 18.503320200834423
leaf_count=469 1373 96847 33677 3776 189 57 8390 9619 20380 1855 9 52 131 21 6382 18 37 451 166 123 50 48 73 719 28 154 1418 1562 73 728
internal_value=-6.90577e-10 -0.0262227 -0.0286558 0.0178018 0.00102308 0.000803901 0.000714185 -0.0152222 -0.0301547 0.00223477 0.000894395 0.00263307 0.00146495 -0.0346463 -0.00100129 0.0119088 0.00885509 0.00188268 -0.0450771 0.0242541 0.00903032 -0.012718 -0.0161772 -0.00992838 -0.038386 -0.0171905 -0.000104191 -0.00397006 0.000315776 -0.0158698
internal_weight=1558.64 57.6022 54.9162 2.686 1501.04 1480.04 1477.36 15.586 8.74117 3.89594 1461.77 762.259 678.03 5.3504 699.514 84.2288 76.965 53.7502 6.39945 23.2148 47.3507 48.8124 44.3991 35.7791 8.62 6.13997 650.702 212.696 141.879 24.7655
internal_count=188875 134769 130524 4245 54106 53917 52544 31911 31854 11474 20633 9439 8542 152 11194 897 879 704 203 175 501 1031 983 728 255 182 10163 3781 2363 801
is_linear=0
shrinkage=0.05


Tree=68
num_leaves=31
num_cat=0
split_feature=6 6 6 10 10 7 6 10 10 6 3 6 10 3 6 10 6 6 6 3 6 6 6 3 3 6 6 6 6 6
split_gain=15.8035 2.51812 6.17781 2.31709 1.89455 1.83802 1.70024 1.70124 1.65694 1.6828 3.54081 1.45688 2.79374 2.6081 1.87407 1.46727 1.48202 5.73718 3.83136 2.29632 5.58133 1.55747 3.76556 2.52477 1.81513 1.50722 3.82218 2.8003 4.77655 1.3706
threshold=0.70710679888725292 0.29025129973888403 0.229654535651207 0.011428944766521456 0.011696306522935631 0.45292907953262335 0.74124696850776683 0.0075472774915397176 0.0076046728063374766 2.2950463294982915 8.5000000000000018 8.4790754318237322 0.0098524559289217013 43.500000000000007 8.1066393852233904 0.009756329935044052 20.280011177062992 22.755928993225101 23.925033569335941 45.500000000000007 19.381326675415043 25.224988937377933 31.277459144592289 45.500000000000007 43.500000000000007 18.586188316345218 18.047428131103519 17.719470977783207 16.130861282348636 11.973258018493654
decision_type=2 2 2 2 2 2 2 2 2 2 2 2 2 2 2 2 2 2 2 2 2 2 2 2 2 2 2 2 2 2
left_child=1 2 3 -1 -5 6 -2 -8 -9 10 -10 12 13 -11 -14 16 19 -18 -19 29 25 23 -23 -20 -24 26 27 28 -21 -13
right_child=5 -3 -4 4 -6 -7 7 8 9 11 -12 15 14 -15 -16 -17 17 18 21 20 -22 22 24 -25 -26 -27 -28 -29 -30 -31
leaf_value=-0.037082443852855425 0.034840051372579971 -0.038683351359773577 0.047259002672111888 0.015875501830736327 -0.019184684387760356 0.015412406307289621 -0.030349966424178684 0.043439246965550085 0.0043125371420493766 -0.060168941604204364 -0.051195987223999588 -0.0052803526905244504 0.0048582252716250565 -0.0055794127828253243 0.023364917260897469 -0.00039916827289839668 0.02985461419214196 -0.060026071841826817 -0.015131796444497509 0.00046648878843765873 -0.068545354604906475 -0.049015003970441361 0.035710479616465778 0.034071855686473522 -0.01438675029544103 0.023189428931494688 -0.06169138703765828 0.045106028896766133 -0.064096514575053276 0.01462779442338495
leaf_weight=14.334284358443258 2.6537507412140249 22.355382409827143 2.5437295662850365 4.5248509814573508 12.5308301861005 20.759710050042486 3.4024594657257685 1.2730072784652282 6.8148374548181874 1.789428412914275 3.7969505699365982 10.779954925586933 177.47926998860203 11.358852260178535 13.95114731590729 1107.5277563507916 21.851709698326886 1.8976985313929642 3.54776788223535 45.812699507107027 2.2498264312744132 3.1346536343917233 2.7596891690045595 5.6249335091561079 2.6916432860307395 4.751820743083953 1.7023560935631383 2.1464124894700936 2.0548726157285264 35.239212950749788
leaf_count=52129 1373 52838 729 1683 27390 189 21324 335 57 81 10281 155 1565 676 86 16557 98 86 37 564 39 68 19 16 54 28 25 7 62 324
internal_value=-2.55279e-10 -0.0257728 -0.0164035 -0.0228623 -0.00951916 0.000985612 0.000772446 0.000687512 0.00077992 0.000713425 -0.0182472 0.000863803 0.00476524 -0.0167365 0.00632137 0.000223912 0.00491322 0.0127902 -0.00670689 0.00170006 -0.00482498 0.00188699 -0.0126758 0.0154244 0.0125787 -0.00113763 -0.00377035 -0.000628199 -0.00356001 0.00995121
internal_weight=1553.34 56.2891 33.9337 31.39 17.0557 1497.05 1476.29 1473.64 1470.24 1468.96 10.6118 1458.35 204.579 13.1483 191.43 1253.77 146.245 41.5081 19.6564 104.737 58.718 17.7587 8.58599 9.1727 5.45133 56.4682 51.7163 50.014 47.8676 46.0192
internal_count=188875 134769 81931 81202 29073 54106 53917 52544 31220 30885 10338 20547 2408 757 1651 18139 1582 378 280 1204 725 194 141 53 73 686 658 633 626 479
is_linear=0
shrinkage=0.05


Tree=69
num_leaves=31
num_cat=0
split_feature=6 6 6 7 7 7 6 6 6 3 6 3 3 6 3 3 3 6 6 3 6 6 3 6 6 6 6 6 3 3
split_gain=14.7173 2.50812 5.78852 1.80983 3.79937 1.56045 1.95551 2.80208 4.07364 2.37557 2.02471 1.98129 3.50068 2.95488 4.15335 3.62345 2.74024 1.83424 1.63674 3.3214 1.54391 1.68636 1.73487 2.30674 2.88657 1.50366 1.49492 5.27319 2.79632 1.57262
threshold=0.70710679888725292 0.29025129973888403 0.229654535651207 0.53085750341415416 0.53642636537551891 0.45292907953262335 40.993413925170906 42.525291442871101 42.76966857910157 12.500000000000002 41.248693466186531 15.500000000000002 20.500000000000004 44.293878555297859 23.500000000000004 27.500000000000004 6.5000000000000009 41.409038543701179 40.450315475463874 27.500000000000004 0.74124696850776683 2.2950463294982915 8.5000000000000018 0.92583191394805919 0.894496649503708 43.633155822753913 40.578989028930671 40.790140151977546 18.500000000000004 8.5000000000000018
decision_type=2 2 2 2 2 2 2 2 2 2 2 2 2 2 2 2 2 2 2 2 2 2 2 2 2 2 2 2 2 2
left_child=1 2 3 -1 -5 6 18 9 -9 17 -11 16 -13 14 -14 -15 25 -8 20 26 -2 22 -22 24 -24 -10 29 28 -28 -20
right_child=5 -3 -4 4 -6 -7 7 8 11 10 -12 12 13 15 -16 -17 -18 -19 19 -21 21 -23 23 -25 -26 -27 27 -29 -30 -31
leaf_value=-0.030755659509814872 0.033494828175256834 -0.038142159567488836 0.046024318053690373 0.026115659053176157 -0.028790197105479243 0.014258494295541484 -0.045022986311635614 0.023438911192881988 -0.041654577398326141 -0.0016475676568602255 -0.048513113348049849 0.012805777180641126 0.0069988561532137146 -0.048533420082787493 -0.068995976089148106 0.0072396851167941777 -0.048446764602258573 0.0043535902505299024 -0.0053643019906577764 -0.045947810734682536 0.0033685525056568796 0.0010101875775135355 -0.034578554524610103 -0.050468602615267914 0.036139537566611944 0.0077853337632056681 -0.066479080345440464 0.016735243861446942 0.0025217274981497529 0.032411789574096947
leaf_weight=19.789467497274021 2.6247669200129158 21.893090228004439 2.5233056935394407 4.6441659374886495 6.1714191745340941 20.689395119559777 1.2723479073029036 12.620360251516102 0.94479408022016098 3.1878542918711892 8.057343013584612 20.850642237812281 2.6126330923289087 2.5741611896082786 3.7736736740916967 14.814257978927342 5.1305381427519023 10.159970914945005 3.1107471324503448 1.5060004796832789 6.7822589199058703 1317.6045756750209 1.9249737194222671 4.4068252740507887 1.8480729705916019 6.4161966061219573 2.3548415573313859 21.388675718102604 2.485982914455235 12.967301423661409
leaf_count=64704 1373 52838 729 1501 14997 189 104 140 48 86 371 147 33 126 160 226 268 175 51 64 57 18027 9619 20380 1855 131 91 258 42 85
internal_value=-3.83921e-10 -0.0251599 -0.0157142 -0.0220996 -0.00499894 0.000943998 0.000747229 -0.00625483 -0.00119134 -0.021118 -0.0364469 -0.00694322 -0.00182446 -0.0146543 -0.0411681 -0.00320724 -0.0237391 -0.00432115 0.00122067 0.0106207 0.000904493 0.000815231 -0.0153409 -0.0295307 0.000374326 -0.0027834 0.0136488 0.00589228 -0.0366791 0.0252168
internal_weight=1547.13 55.0214 33.1284 30.6051 10.8156 1492.11 1471.42 92.4148 69.7373 22.6775 11.2452 57.1169 44.6254 23.7747 6.38631 17.3884 12.4915 11.4323 1379.01 43.8135 1335.19 1332.57 14.9621 8.17987 3.77305 7.36099 42.3075 26.2295 4.84082 16.078
internal_count=188875 134769 81931 81202 16498 54106 53917 2015 1279 736 457 1139 692 545 193 352 447 279 51902 591 51311 49938 31911 31854 11474 179 527 391 133 136
is_linear=0
shrinkage=0.05


Tree=70
num_leaves=31
num_cat=0
split_feature=6 6 6 10 4 7 7 6 6 6 3 6 3 3 6 6 10 10 5 6 3 10 3 6 10 3 3 10 3 3
split_gain=13.8115 2.43328 5.6088 2.19896 1.71956 2.68586 1.48703 1.69907 2.14672 3.17494 2.33415 1.88227 2.28794 3.92099 2.78402 2.92651 1.61417 2.51728 2.164 1.59085 1.55033 2.37187 2.28248 2.34801 3.12383 1.52173 9.23745 1.51632 1.58102 2.20488
threshold=0.70710679888725292 0.29025129973888403 0.229654535651207 0.011428944766521456 25.500000000000004 0.53085750341415416 0.45292907953262335 40.993413925170906 42.525291442871101 42.76966857910157 17.500000000000004 40.450315475463874 22.500000000000004 25.500000000000004 40.578989028930671 40.912498474121101 0.023384617641568187 0.022421040572226051 37.500000000000007 41.248693466186531 15.500000000000002 0.014965224079787733 20.500000000000004 45.290647506713874 0.010152545757591726 14.500000000000002 21.500000000000004 0.015651676803827289 8.5000000000000018 16.500000000000004
decision_type=2 2 2 2 2 2 2 2 2 2 2 2 2 2 2 2 2 2 2 2 2 2 2 2 2 2 2 2 2 2
left_child=1 2 3 -1 -5 -6 7 11 10 25 27 16 -13 -14 -15 -16 17 18 -2 -12 21 -11 -22 24 -24 -10 -27 28 -9 -30
right_child=6 -3 -4 4 5 -7 -8 8 9 20 19 12 13 14 15 -17 -18 -19 -20 -21 22 -23 23 -25 -26 26 -28 -29 29 -31
leaf_value=-0.036265154833524708 -0.050241071663578857 -0.037636364609388705 0.044739057265887054 -0.03108760174492213 -0.017833892196865975 0.026559008936308245 0.013975612631208218 0.015027089931441856 0.038278313388346613 -0.046446137217503868 -0.0069821802655751835 0.016912704343030948 -0.061088721764161392 0.040322109748342896 -0.056386111858416577 0.014094453331569404 -0.043824316099036656 0.03422306263295339 0.00081935411779555283 -0.058701290772478022 0.0094299792840998875 -0.0028365128364333113 0.025924268938001101 0.0095309425963990731 -0.031829883236242404 -0.067554059333682789 0.036778147118916117 -0.046413401600112363 -0.029032925827419204 0.025978133735666226
leaf_weight=13.29303366097338 1.0785107047122426 21.27565593133113 2.5949245587544274 4.803645060610509 6.6877895381039689 5.1252468826278346 20.453317831146705 6.7360288423951733 5.2600091653875989 4.5892003499902767 2.5536435944959512 34.938048870069906 1.7787633612751941 2.7584047289565206 1.4928000681102274 2.8716048053465784 1.0224523483775545 4.6378762401873237 1327.343956320814 3.9600025117397308 21.298212390393019 7.3698131791315973 2.0077115092426565 7.417900792323052 13.633320798631756 2.0914851343259215 5.7796649881638587 1.1758675870951254 6.1279313245322555 1.5862949686124919
leaf_count=52129 53 52838 729 13625 14672 776 189 116 56 268 68 443 51 16 49 32 70 18 51170 276 147 179 19 108 418 32 52 71 183 22
internal_value=-3.13627e-10 -0.0246571 -0.0152919 -0.021779 -0.00878963 0.00199619 0.000905941 0.000714651 -0.00584297 -0.00142683 -0.0190351 0.00115444 0.0112315 -0.0105231 0.00807056 -0.01603 0.000815133 0.000882196 0.000740139 -0.0420529 -0.00664106 -0.0218642 -0.00214524 -0.0127842 -0.0233041 0.0198231 0.00456549 -0.00748804 -0.0015215 -0.0160379
internal_weight=1543.74 53.7803 32.5046 29.9097 16.6167 11.813 1489.96 1469.51 91.5871 69.4473 22.1398 1377.92 43.8396 8.90157 7.12281 4.3644 1334.08 1333.06 1328.42 6.51365 56.3162 11.959 44.3571 23.0589 15.641 13.1312 7.87115 15.6261 14.4503 7.71423
internal_count=188875 134769 81931 81202 29073 15448 54106 53917 2015 1279 736 51902 591 148 97 81 51311 51241 51223 344 1139 447 692 545 437 140 84 392 321 205
is_linear=0
shrinkage=0.05


Tree=71
num_leaves=31
num_cat=0
split_feature=6 6 6 10 4 7 10 6 6 3 6 6 3 10 6 6 6 3 3 10 10 6 3 10 6 6 6 10 3 10
split_gain=12.9452 2.50047 5.58519 2.0271 1.6047 2.46138 1.59242 1.41163 1.53474 1.57023 1.57525 2.6278 1.23352 1.57121 1.03744 2.18129 3.04701 1.85884 1.64345 2.25058 2.15374 2.11738 3.14259 2.91546 1.49907 1.45169 1.44932 2.7759 1.4083 5.87466
threshold=0.70710679888725292 0.29025129973888403 0.229654535651207 0.011428944766521456 25.500000000000004 0.53085750341415416 0.019125756807625297 0.74124696850776683 2.2950463294982915 3.5000000000000004 0.92583191394805919 0.894496649503708 30.500000000000004 0.011173533275723459 40.993413925170906 42.525291442871101 42.76966857910157 17.500000000000004 15.500000000000002 0.012385687325149776 0.014965224079787733 44.293878555297859 23.500000000000004 0.011428944766521456 41.248693466186531 41.409038543701179 40.450315475463874 0.011428944766521456 8.5000000000000018 0.015881994739174846
decision_type=2 2 2 2 2 2 2 2 2 2 2 2 2 2 2 2 2 2 2 2 2 2 2 2 2 2 2 2 2 2
left_child=1 2 3 -1 -5 -6 7 -2 9 -9 11 -11 13 -3 26 17 -17 25 20 21 -18 22 -20 -23 -19 -16 -10 -28 29 -29
right_child=6 12 -4 4 5 -7 -8 8 14 10 -12 -13 -14 -15 15 16 18 24 19 -21 -22 23 -24 -25 -26 -27 27 28 -30 -31
leaf_value=-0.035445279089712338 0.03202464965143674 0.02186034327424775 0.04466778313611941 -0.030546373201424833 -0.017438226962798467 0.02511738135627083 0.013115531664474826 0.0061807862086305553 0.00078746678024081045 -0.03423022189785449 -0.041305645729305035 0.033544074108116717 -0.04415373272310974 -0.02820024018028456 -0.036829474330741109 0.020666323573649545 -0.045402569801394295 -0.005898504583275766 0.0071978441177149056 0.010417042204551249 -0.003242576575192801 0.0068831467101593312 -0.062882265440116478 -0.045071245333560619 -0.056267713007710551 -8.5611608166047557e-07 -0.042820519845922743 -0.060252389996607703 0.016558806979963734 0.024291478790484353
leaf_weight=12.815569097983831 2.5772357490641289 1.4610276074672608 2.6588115610866216 4.6837971154709548 6.6145444125268096 5.1405993500993645 25.09176268230658 5.2199053955264381 1310.2740996166758 1.8616580555426463 5.5341304771409341 1.8593578740801604 15.699947104698365 3.7880590709319222 2.3672469775192466 13.264558248221872 4.2934993179514986 2.5567234223708502 2.3364177271723774 22.232195976190269 7.4774634353816509 14.676215836312624 3.0498179560527205 2.2645999528467646 3.6000027456320822 13.029625310562549 1.4163007321767498 2.2359872655943027 35.622845935635269 4.6776819815859199
leaf_count=52129 1373 90 729 13625 14672 776 288 24 17940 9622 20395 1855 51443 1305 152 141 268 68 33 148 179 226 160 126 277 240 64 132 351 44
internal_value=-4.89085e-10 -0.0240803 -0.0145362 -0.0212155 -0.00872575 0.0016818 0.000871351 0.000652452 0.000575183 -0.0150884 -0.0265171 -0.000432254 -0.0372951 -0.012998 0.000742373 -0.00439229 -1.28219e-05 -0.0179057 -0.00515786 -0.000611815 -0.0209716 -0.0115696 -0.0361162 -0.00218707 -0.0390976 -0.007564 0.00109095 0.00991944 0.0126187 -0.00720989
internal_weight=1540.38 52.8624 31.9133 29.2545 16.4389 11.7551 1487.52 1462.43 1459.85 14.4751 9.25515 3.72102 20.949 5.24909 1445.38 91.1484 69.5948 21.5536 56.3302 44.5592 11.771 22.3271 5.38624 16.9408 6.15673 15.3969 1354.23 43.9528 42.5365 6.91367
internal_count=188875 134769 81931 81202 29073 15448 54106 53818 52445 31896 31872 11477 52838 1395 20549 2018 1281 737 1140 693 447 545 193 352 345 392 18531 591 527 176
is_linear=0
shrinkage=0.05


Tree=72
num_leaves=31
num_cat=0
split_feature=6 6 6 10 10 10 10 4 7 10 6 6 10 6 6 10 10 10 7 10 6 6 10 10 10 6 6 6 6 6
split_gain=11.7505 2.27012 6.27584 2.08559 1.61329 1.53936 1.62234 1.53759 2.49561 1.35392 1.27953 1.44827 1.49165 1.97384 2.43558 1.25427 0.953203 0.906768 2.45608 2.47961 0.903956 1.07042 3.87588 3.30511 0.911089 5.64303 6.93177 1.70149 3.72045 1.31613
threshold=0.70710679888725292 0.29025129973888403 0.229654535651207 0.011428944766521456 0.011050061322748663 0.021915592253208164 0.019843111746013168 25.500000000000004 0.53085750341415416 0.019125756807625297 0.74124696850776683 2.2950463294982915 0.014578848611563446 0.92583191394805919 0.894496649503708 0.011173533275723459 0.026716330088675026 0.022750681266188625 0.52635166049003612 0.023384617641568187 2.5422707796096806 3.2873064279556279 0.013793759513646366 0.012739370577037336 0.0093025267124176043 21.380851745605472 20.280011177062992 10.234188556671144 5.824183702468873 13.522763252258303
decision_type=2 2 2 2 2 2 2 2 2 2 2 2 2 2 2 2 2 2 2 2 2 2 2 2 2 2 2 2 2 2
left_child=1 2 3 -1 -3 6 9 16 -9 10 -2 12 13 14 -12 -6 -5 -7 19 -19 -13 22 23 -22 25 26 27 28 -23 -26
right_child=5 4 -4 7 15 17 -8 8 -10 -11 11 20 -14 -15 -16 -17 -18 18 -20 -21 21 24 -24 -25 29 -27 -28 -29 -30 -31
leaf_value=-0.036435934593143961 0.030599764982021223 -0.043773650000861808 0.041566886588117108 -0.041753189709103321 0.021663648689481708 0.028349739914276507 -0.039398294553792047 -0.0181682426602063 0.024581335065798716 0.026417599791085239 -0.033594588863528625 0.017722909845977682 0.0026933703319583528 -0.049229180415735034 0.032193992398459076 -0.023355132542565445 0.0046214986383474573 0.008244817867584615 0.021739461895742336 -0.055497287315641221 -0.04600808480842386 0.009059645061706657 -0.059975068364821943 0.02585673745632185 0.0028162684099575673 -0.062303142141710559 0.057809793014906331 0.0090575195977981027 -0.052985238281795646 -0.0005286393807378821
leaf_weight=12.817438575952112 2.5507231956653404 15.082165046780576 3.5195108824918853 3.4054952402220833 1.4246193727303751 6.5513628903427188 1.5258156820782449 6.692242225761218 5.1393335879402002 4.1044621735345563 1.7888596670454699 6.7646547824842846 6.5617561285762349 3.9273406663851347 1.8390814643680642 3.5465069195488468 1.2341205336706478 3.0306597822345784 8.0215986047405732 1.6854973417939616 1.2300164785119685 5.7224479825017607 2.2953144342463929 4.7561991885304451 422.57209466864879 1.7379993526265014 5.914539447054266 28.613943053671392 2.9053814266735571 961.21400238998467
leaf_count=52129 1373 51431 729 13324 90 40 70 14672 776 31 9619 141 61 20361 1855 1317 301 20 41 86 217 158 32 21 4075 38 11 297 256 15303
internal_value=-1.06253e-09 -0.0229419 -0.0141401 -0.0219855 -0.0359865 0.000831373 0.000641627 -0.00929874 0.000869612 0.000710199 0.00061992 0.000546526 -0.0148502 -0.0286207 -0.000494653 -0.00898627 -0.0307855 0.0145101 0.00584658 -0.0202594 0.000707254 0.000614881 -0.0163119 0.00661842 0.00072434 0.00765556 0.0118201 0.00319557 -0.0151669 0.000494104
internal_weight=1538.18 52.8614 32.8081 29.2886 20.0533 1485.31 1466.02 16.4712 11.8316 1464.5 1460.39 1457.84 14.117 7.55528 3.62794 4.97113 4.63962 19.2891 12.7378 4.71616 1443.73 1436.96 8.28153 5.98622 1428.68 44.8943 43.1563 37.2418 8.62783 1383.79
internal_count=188875 134769 81931 81202 52838 54106 53919 29073 15448 53849 53818 52445 31896 31835 11474 1407 13625 187 147 106 20549 20408 270 238 20138 760 722 711 414 19378
is_linear=0
shrinkage=0.05


Tree=73
num_leaves=31
num_cat=0
split_feature=6 6 6 10 4 5 5 4 10 4 3 3 6 6 3 6 6 6 3 6 3 10 3 10 3 10 6 6 6 6
split_gain=10.9444 2.1907 5.5352 2.00277 1.51193 1.47316 2.23881 1.71076 1.60248 1.41202 1.38372 1.21941 1.15542 1.54467 1.40757 1.15152 2.23729 1.12463 2.46696 2.18119 4.77786 4.38416 2.52572 5.16513 5.33385 4.28787 3.21685 5.16817 3.02859 4.98481
threshold=0.70710679888725292 0.29025129973888403 0.229654535651207 0.011428944766521456 25.500000000000004 20.500000000000004 37.500000000000007 9.5000000000000018 0.025135437026619915 43.500000000000007 30.500000000000004 29.500000000000004 0.74124696850776683 2.2950463294982915 2.5000000000000004 0.92583191394805919 0.894496649503708 13.522763252258303 47.500000000000007 16.36031532287598 43.500000000000007 0.010050504934042694 19.500000000000004 0.014718532562255861 3.5000000000000004 0.011696306522935631 14.291547775268556 14.846392631530763 14.291547775268556 14.846392631530763
decision_type=2 2 2 2 2 2 2 2 2 2 2 2 2 2 2 2 2 2 2 2 2 2 2 2 2 2 2 2 2 2
left_child=1 2 3 -1 -5 -2 -7 -8 12 -6 11 -3 -9 14 -14 16 -16 -15 19 20 21 -19 23 26 -25 28 -23 -28 -24 -30
right_child=5 10 -4 4 9 6 7 8 -10 -11 -12 -13 13 17 15 -17 -18 18 -20 -21 -22 22 25 24 -26 -27 27 -29 29 -31
leaf_value=-0.035748401053811073 0.022619371478969589 -0.024074320745587678 0.038579608074477356 -0.030529019802117027 0.017801177954176975 -0.051254868136966218 0.030732617992363976 0.029289225871320407 -0.046903742522085672 -0.014260614097015506 -0.043059295130440788 0.02059959254537214 0.0077962365136386748 0.0028374818301262344 -0.033464812167091178 -0.036481677774244957 0.029541601892139554 0.023610984717988465 0.014828204606416102 0.00012994440058226791 -0.044642550758701834 0.039331122312112048 -0.056247158422688175 -0.00095386882866293024 -0.067473924421510553 -0.067534603814034352 -0.055374958752334572 0.015894892328016535 0.027969576489881617 -0.022489447718304585
leaf_weight=12.331255998584313 6.6921996258897698 3.5453988175504518 3.5121283023618153 4.483485267457584 5.587816673603812 1.0724448196415313 3.7434224844619157 2.5289354253472984 0.76933109201490779 6.1785597257476157 14.372599314119723 1.4010576414293607 4.1612695865333071 463.12297676608796 1.758174169704942 6.2087838598199596 1.8822821654684958 10.781183890998362 25.76574867637828 889.93174706568243 7.2612057671649373 7.2896307283663253 2.2739892632671461 8.4433339878451061 3.7114607091061762 3.2862896991427979 2.3313149008899918 9.7622701618820411 6.801028551853963 12.178195174899882
leaf_count=52129 101 1305 729 13625 1260 48 15 1373 16 14188 51443 90 16 5088 9623 20405 1856 147 206 13964 155 73 148 72 97 151 66 117 96 273
internal_value=6.59329e-11 -0.0224547 -0.013749 -0.0212661 -0.00884095 0.000793724 0.000679447 0.000751957 0.000654785 0.00116715 -0.0355282 -0.0100844 0.000711564 0.000642379 -0.0153162 -0.0248997 -0.00154178 0.000806694 -0.00014539 -0.000560533 -0.00874222 -0.00424283 -0.00991772 -0.000438695 -0.0248509 -0.0216059 0.0153378 -0.00102388 -0.0117885 -0.00391301
internal_weight=1533.17 51.4123 32.0932 28.5811 16.2499 1481.76 1475.07 1473.99 1470.25 11.7664 19.3191 4.94646 1469.48 1466.95 14.0105 9.84924 3.64046 1452.94 989.817 964.052 74.1199 66.8587 56.0775 31.538 12.1548 24.5395 19.3832 12.0936 21.2532 18.9792
internal_count=188875 134769 81931 81202 29073 54106 54005 53957 53942 15448 52838 1395 53926 52553 31900 31884 11479 20653 15565 15359 1395 1240 1093 425 169 668 256 183 517 369
is_linear=0
shrinkage=0.05


Tree=74
num_leaves=31
num_cat=0
split_feature=6 6 6 10 4 7 10 3 10 5 6 6 3 6 6 10 6 3 3 10 6 6 10 3 6 6 6 6 3 6
split_gain=10.2419 2.10812 5.39935 1.82347 1.36806 2.03674 1.31328 1.19811 1.1891 1.16791 1.05781 1.33562 1.37462 1.83498 2.13808 0.884089 0.881385 1.26311 1.70262 1.47553 1.47024 1.181 1.10005 3.25496 4.41475 6.08733 4.06459 3.14873 2.86496 3.61116
threshold=0.70710679888725292 0.29025129973888403 0.229654535651207 0.011428944766521456 25.500000000000004 0.53085750341415416 0.019125756807625297 30.500000000000004 0.011173533275723459 524.50000000000011 0.74124696850776683 2.2950463294982915 8.5000000000000018 0.92583191394805919 0.894496649503708 0.026716330088675026 6.504176378250123 11.500000000000002 8.5000000000000018 0.013072453904896976 3.2873064279556279 5.4190740585327157 0.009756329935044052 39.500000000000007 20.829440116882328 13.73842763900757 10.234188556671144 9.1301374435424822 40.500000000000007 28.46920204162598
decision_type=2 2 2 2 2 2 2 2 2 2 2 2 2 2 2 2 2 2 2 2 2 2 2 2 2 2 2 2 2 2
left_child=1 2 3 -1 15 -6 9 8 -3 -2 -11 12 -12 14 -14 -5 17 18 -13 -19 -21 -20 27 -24 25 26 -25 -18 29 -26
right_child=6 7 -4 4 5 -7 -8 -9 -10 10 11 16 13 -15 -16 -17 22 19 21 20 -22 -23 23 24 28 -27 -28 -29 -30 -31
leaf_value=-0.035103602819303047 -0.040526121932175418 0.019777338992476412 0.038352186236122195 -0.040946104476120265 -0.016953232164030232 0.021743479973602542 0.012028167743150598 -0.042357661511309104 -0.024617773503201934 0.028003169743906493 0.002376485080535653 0.0028957667002015644 -0.032600199933200374 -0.048788174772935733 0.029868521867486376 0.0044340634038164597 -0.046332273583979476 0.0037095152543835525 0.0076593358744110763 0.011376649924508859 -0.022612462555632599 0.030060320294206962 0.00032965695942435008 -0.0021468601822136001 -0.059284743718233973 0.020605989907247668 -0.04723874018099844 0.0053765414872126681 -0.061628512239436731 0.01083259423049638
leaf_weight=11.892929757383177 0.72762854024767776 1.3761138507106832 3.4888693343018522 3.1714262772820829 6.5758234149270702 5.1699644912368967 24.413512546889251 13.748922517830577 3.5458157239627326 2.5162666634641928 6.4428015330340695 38.245924000744708 1.6651821149189345 3.6431240708261612 1.8183799249454751 1.2015748785779576 2.0119610196779822 53.793812973955937 12.173797448369443 3.6594489961862555 10.751224378589539 12.329233346506951 1115.765290157673 12.118042908259669 1.7119174343533794 14.273275046143679 7.6275036602455648 145.09755157082691 5.4892854436911875 4.9666101750917733
leaf_count=52129 17 90 729 13324 14672 776 288 51443 1305 1373 57 195 9621 20363 1855 301 343 1076 49 25 107 26 16294 144 68 249 154 1512 228 62
internal_value=4.07567e-10 -0.0219926 -0.0134075 -0.0209539 -0.00907307 0.000448917 0.000759252 -0.0350592 -0.0109617 0.000562287 0.000610618 0.00054398 -0.0145198 -0.0282076 -0.000603232 -0.0299724 0.000695906 0.00459082 0.00965083 -0.000136649 -0.0138031 0.0196676 0.000303068 -0.000214034 -0.013077 -0.00345512 -0.0210028 0.00436129 -0.0376727 -0.0125208
internal_weight=1531.41 50.1714 31.5006 28.0117 16.1188 11.7458 1481.24 18.6709 4.92193 1456.83 1456.1 1453.58 13.5695 7.12669 3.48356 4.373 1440.01 130.953 62.749 68.2045 14.4107 24.503 1309.06 1161.95 46.1866 34.0188 19.7455 147.11 12.1678 6.67853
internal_count=188875 134769 81931 81202 29073 15448 54106 52838 1395 53818 53801 52428 31896 31839 11476 13625 20532 1478 270 1208 132 75 19054 17199 905 547 298 1855 358 130
is_linear=0
shrinkage=0.05


Tree=75
num_leaves=31
num_cat=0
split_feature=6 6 6 10 4 7 10 4 3 10 6 6 3 6 6 6 6 3 6 3 6 6 6 6 3 3 6 3 6 6
split_gain=9.48449 1.92205 4.5373 1.75612 1.3327 1.85036 1.27463 2.0859 1.16087 1.07658 0.975562 1.27582 1.30055 1.31966 2.00778 0.946401 3.68077 2.19922 5.21346 4.25685 3.90005 2.78004 5.12743 2.56842 2.55258 2.28005 2.14999 3.74501 2.01952 4.29209
threshold=0.70710679888725292 0.29025129973888403 0.229654535651207 0.011428944766521456 25.500000000000004 0.53085750341415416 0.018374931998550895 98.500000000000014 30.500000000000004 0.011173533275723459 0.74124696850776683 2.2950463294982915 3.5000000000000004 0.92583191394805919 0.894496649503708 21.659376144409183 21.154217720031742 11.500000000000002 29.424094200134281 2.5000000000000004 24.571588516235355 26.139769554138187 26.451423645019535 40.578989028930671 8.5000000000000018 1.5000000000000002 28.674489021301273 7.5000000000000009 40.450315475463874 39.577598571777351
decision_type=2 2 2 2 2 2 2 2 2 2 2 2 2 2 2 2 2 2 2 2 2 2 2 2 2 2 2 2 2 2
left_child=1 2 3 -1 -5 -6 7 -2 9 -3 -9 12 -12 14 -14 16 -13 18 19 20 -17 -21 -23 28 -25 -22 -24 -28 29 -20
right_child=6 8 -4 4 5 -7 -8 10 -10 -11 11 15 13 -15 -16 17 -18 -19 23 21 25 22 26 24 -26 -27 27 -29 -30 -31
leaf_value=-0.034619453696879569 -0.050582497292723343 0.018951040061452939 0.032856148873901682 -0.029741873613043163 -0.016180293455361927 0.0207864121112811 0.011314321653121977 0.026946744402414086 -0.04164698542834061 -0.023560285794413483 0.0051521429607296124 0.0011398068510037728 -0.032124005635909683 -0.03999815245855342 0.028873270311521034 0.025343527287068512 0.018132580790410937 0.0012495219409538235 0.001806370218598857 -0.053161379856823059 0.00069683130462827548 0.031373456842261463 -0.047171143794836751 -0.0077401601788796128 -0.048415986882211819 -0.060925036540848757 -0.054852093384202896 0.020848445559860731 0.024403181322393455 -0.036856159861256094
leaf_weight=11.457787285291493 0.99435418196662695 1.3530174827319594 3.7303817231659187 4.2280120313662328 6.4821038870268222 5.1828572500307928 26.870626403571805 2.5023901998429201 13.076283972670351 3.4604243076973944 5.0415782630443564 722.25688143306616 1.6033980397205578 4.8306686847281526 1.8004242588722263 7.1173331849277002 32.350069446489215 467.95818991604028 138.70763743696443 9.4625858273357171 3.2036275276914239 3.2674605762586024 7.7880066535435599 20.452855254057798 3.9238261925056568 1.7881517868081571 1.4821275302674619 3.8216445710859261 7.8620864260010412 6.5672586879227302
leaf_count=52129 39 90 729 13625 14672 776 325 1373 51443 1305 24 8976 9619 20393 1855 50 310 7249 2109 266 48 42 227 583 218 48 60 44 69 179
internal_value=-5.40709e-10 -0.021425 -0.0132132 -0.0204339 -0.00876306 0.000588773 0.0007221 0.000518819 -0.0342372 -0.0104064 0.000588516 0.000524545 -0.0143501 -0.0255553 -0.000629945 0.000671748 0.00189132 -0.00067569 -0.00484382 -0.021415 0.00295846 -0.032529 -0.0182198 -0.00120279 -0.0159375 -0.0278613 -0.0319453 -0.00565155 0.0012309 -0.000181414
internal_weight=1530.62 48.9709 31.0811 27.3508 15.893 11.665 1481.65 1454.78 17.8897 4.81344 1453.79 1451.29 13.2761 8.23449 3.40382 1438.01 754.607 683.403 215.445 37.9309 12.1091 25.8218 16.3592 177.514 24.3767 4.99178 13.0918 5.30377 153.137 145.275
internal_count=188875 134769 81931 81202 29073 15448 54106 53781 52838 1395 53742 52369 31891 31867 11474 20478 9286 11192 3943 785 146 639 373 3158 801 96 331 104 2357 2288
is_linear=0
shrinkage=0.05


Tree=76
num_leaves=31
num_cat=0
split_feature=6 6 6 10 10 6 6 6 6 10 6 6 6 6 6 6 6 3 6 6 6 6 6 4 7 8 10 4 6 6
split_gain=8.9181 1.83556 4.17529 1.66029 1.42681 1.89871 5.11019 3.26093 3.86548 3.33952 2.55007 5.53625 2.25179 4.12611 1.90646 1.75307 1.55157 2.46149 1.59747 2.87116 1.48669 2.21971 2.16539 1.25471 1.6938 1.20461 1.57978 3.84162 1.202 4.05738
threshold=0.70710679888725292 0.29025129973888403 0.229654535651207 0.011428944766521456 0.015881994739174846 38.06505203247071 38.594190597534187 24.571588516235355 27.429511070251468 0.016159754246473316 21.154217720031742 14.846392631530763 36.183538436889656 35.798055648803718 44.856470108032234 30.110941886901859 40.912498474121101 29.500000000000004 40.450315475463874 39.328422546386726 14.291547775268556 12.486545562744142 7.5765991210937509 25.500000000000004 0.53085750341415416 110.00000000000001 0.01962373033165932 7.5000000000000009 32.622304916381843 27.79000282287598
decision_type=2 2 2 2 2 2 2 2 2 2 2 2 2 2 2 2 2 2 2 2 2 2 2 2 2 2 2 2 2 2
left_child=1 2 3 -1 -2 7 -7 10 -9 12 11 20 13 15 16 -10 18 -18 19 -8 21 22 25 -5 -25 26 -6 -28 29 -11
right_child=4 -3 -4 23 5 6 14 8 9 28 -12 -13 -14 -15 -16 -17 17 -19 -20 -21 -22 -23 -24 24 -26 -27 27 -29 -30 -31
leaf_value=-0.034119185004333939 0.0002186453236974181 -0.033810920152204813 0.031081879294484024 -0.029272049557985985 0.0032856757683793454 0.0601886644711212 0.0138974025898997 -0.065919361526945414 0.0091471311716203266 0.03282805908353064 0.027469166483236343 -0.028954303125768382 -0.0626849865198911 0.041602277806135533 0.03049562855525207 -0.036339842820172955 -0.05122891215263678 0.024713150160241337 0.024318845201330493 -0.056156225861730961 0.036836449948948628 -0.018795335968874213 0.024684828984921355 -0.015800321477882958 0.019597896932023271 0.019818793394641647 0.024720146602112372 -0.060665550070481661 0.027066296378273891 -0.05321155014818725
leaf_weight=11.067073389533112 1354.2161565242041 17.247113611900204 3.7513631217661887 4.1339542773330313 19.135147806067842 4.6460921345278647 3.0596071702893841 1.999563585268336 2.4195922306971642 2.0891192830167697 12.819373642327262 9.9088622401904995 1.7016710359603155 2.0571032147854558 4.0644114613533011 6.9369581765495241 2.43652297463268 0.83938145637512196 4.4516918491572142 1.3715167618356643 3.7697809799574307 6.201244025694904 17.23376195790479 6.4080161875463073 5.2145813698807615 6.6903961374191558 1.4839565710281024 2.2680505391617762 6.4748811091994867 1.4784503964619942
leaf_count=52129 52661 52838 729 13625 114 18 40 53 39 7 76 164 32 9 25 108 105 1 37 45 15 40 121 14672 776 101 9 70 122 94
internal_value=-1.54023e-09 -0.0210259 -0.0129715 -0.0200282 0.000693245 0.00577074 0.0191823 0.00294044 -0.0124326 -0.00527678 0.00789853 0.00378644 -0.0212053 -0.0104696 0.00462584 -0.0248295 -0.00568224 -0.0305415 0.00564833 -0.0141329 0.00990211 0.00734024 0.0111232 -0.00868542 0.000375809 0.00267247 -0.00295961 -0.0287993 0.0155622 -0.00667147
internal_weight=1527.58 47.8221 30.575 26.8236 1479.75 125.537 20.8692 104.668 25.1573 23.1578 79.5106 66.6912 13.1153 11.4137 16.2231 9.35655 12.1587 3.2759 8.88282 4.43112 56.7823 53.0126 46.8113 15.7566 11.6226 29.5776 22.8872 3.75201 10.0425 3.56757
internal_count=188875 134769 81931 81202 54106 1445 271 1174 464 411 710 634 188 156 253 147 228 106 122 85 470 455 415 29073 15448 294 193 79 223 101
is_linear=0
shrinkage=0.05


Tree=77
num_leaves=31
num_cat=0
split_feature=6 10 6 6 6 6 6 6 6 6 6 6 6 6 3 6 10 6 6 6 6 6 6 6 6 10 10 6 6 4
split_gain=8.50427 2.48489 1.66606 5.04994 3.70179 4.13977 2.6115 3.87542 2.1104 1.94414 4.02471 1.86345 1.64838 2.1486 2.82887 2.17346 2.08157 1.56381 1.73476 1.48604 2.13497 1.3543 2.03524 1.32932 1.32837 1.31617 1.52089 1.52084 1.37775 1.28435
threshold=2.2950463294982915 0.015881994739174846 35.798055648803718 33.15819168090821 32.305309295654304 24.571588516235355 38.594190597534187 39.118282318115241 39.328422546386726 27.429511070251468 30.110941886901859 38.06505203247071 22.442245483398441 14.846392631530763 1.5000000000000002 18.047428131103519 0.016159754246473316 14.291547775268556 12.486545562744142 44.293878555297859 40.912498474121101 8.8021216392517108 9.6654934883117694 2.5422707796096806 40.790140151977546 0.0039761590305715808 0.011050061322748663 0.25098815560340887 1.5870165824890139 25.500000000000004
decision_type=2 2 2 2 2 2 2 2 2 2 2 2 2 2 2 2 2 2 2 2 2 2 2 2 2 2 2 2 2 2
left_child=25 -2 3 4 5 12 11 -8 -9 -7 -11 -4 13 17 -15 -16 -14 18 21 20 24 23 -23 -3 -10 27 -27 -1 29 -28
right_child=1 2 6 -5 -6 9 7 8 19 10 -12 -13 16 14 15 -17 -18 -19 -20 -21 -22 22 -24 -25 -26 26 28 -29 -30 -31
leaf_value=0.040272041963027083 0.00016305872391379051 0.030477381433502433 0.013301816646495573 -0.048833661959742876 0.04517512059972642 -0.062193478741794872 -0.058088481820233739 0.047941756220076327 -0.014747372592907735 0.012844665259189567 -0.059377635695538514 0.055093681345697046 0.046883018808630772 0.0097002081975943802 -0.0073814692811072953 -0.065037996041513155 0.0012976646345207767 0.036479937111121109 -0.016957584769439548 0.020219917848478458 -0.051216034773041402 0.043839500050659293 0.0043076044577650772 2.4268885833040999e-05 0.02803540453348995 -0.026921080731454841 -0.02963407325763159 -0.022969614214593287 -0.043255689355694182 -0.0018663676105823098
leaf_weight=1.2378895449946861 1344.9065310778205 3.1350428219884661 6.1212440750096011 3.2764803050085893 4.888551893644034 1.7970834514126162 1.1856026668392612 2.4032452267128965 3.1442109947092813 5.2703760635340586 1.8277286113589069 5.2770471479743719 4.6917148847132903 6.5077529980626405 3.876649161655223 2.2576359191443771 4.5763118583709002 3.9149207421578458 5.9008236290246705 5.7520794700831175 1.3984593036584554 5.3982543963938934 7.1277058537234552 26.877042728418019 2.2608694788068533 31.063399101187315 4.0999846603244867 0.80404898177221173 1.9612589389580524 23.573704868598725
leaf_count=103 19410 10 91 119 32 53 30 10 70 89 80 18 21 77 52 62 28 15 40 40 91 18 68 272 12 128767 13636 4639 126 20796
internal_value=1.3672e-10 0.000777993 0.0076762 0.00432586 0.00683025 0.00406613 0.0182442 0.00467729 0.0129801 -0.0264091 -0.0107881 0.0355332 0.00801878 0.00499188 -0.0128309 -0.0347431 0.0266927 0.00945544 0.00657757 0.00324518 -0.0118582 0.0101568 0.023326 0.00408556 0.00473118 -0.0178785 -0.0192593 0.0160049 -0.0106117 -0.0068703
internal_weight=1526.51 1463.77 118.867 91.3241 88.0476 83.159 27.5428 16.1445 14.9589 8.89519 7.0981 11.3983 74.2639 64.9958 12.642 6.13429 9.26803 52.3538 48.4389 12.5556 6.80354 42.538 12.526 30.0121 5.40508 62.7403 60.6983 2.04194 29.6349 27.6737
internal_count=188875 20808 1398 1036 917 885 362 253 223 222 169 109 663 614 191 114 49 423 408 213 173 368 86 282 82 168067 163325 4742 34558 34432
is_linear=0
shrinkage=0.05


Tree=78
num_leaves=31
num_cat=0
split_feature=6 10 6 6 6 6 6 6 6 6 3 6 6 6 6 6 10 6 10 6 6 6 6 6 6 6 3 3 6 3
split_gain=8.24929 3.57807 1.76933 3.17339 2.17148 3.24668 2.08096 5.20911 1.98117 2.91637 1.83672 1.6828 1.67363 1.5603 1.54956 1.43056 1.32863 1.5135 1.36856 1.27614 1.27601 1.2489 1.18942 1.18732 1.10813 1.07429 1.06529 4.00656 3.09779 1.36227
threshold=2.2950463294982915 0.015881994739174846 32.305309295654304 24.571588516235355 27.429511070251468 27.79000282287598 33.15819168090821 35.798055648803718 21.154217720031742 14.846392631530763 1.5000000000000002 16.865219116210941 18.047428131103519 39.328422546386726 40.790140151977546 44.293878555297859 0.0039761590305715808 0.25098815560340887 0.011050061322748663 1.5870165824890139 40.912498474121101 19.381326675415043 1.0852523446083071 40.578989028930671 38.06505203247071 14.291547775268556 128.50000000000003 126.50000000000001 0.31325094401836401 99.500000000000014
decision_type=2 2 2 2 2 2 2 2 2 2 2 2 2 2 2 2 2 2 2 2 2 2 2 2 2 2 2 2 2 2
left_child=16 -2 3 8 -5 -6 -4 -8 9 25 14 -11 -13 24 -9 23 17 -1 26 22 -16 -14 -20 -15 -12 -3 27 28 29 -18
right_child=1 2 6 4 5 -7 7 10 -10 11 13 12 21 15 20 -17 18 -19 19 -21 -22 -23 -24 -25 -26 -27 -28 -29 -30 -31
leaf_value=0.040559980027874247 2.7382338492961921e-05 0.0064695581213422577 0.044810818165539217 -0.060244426465227333 0.032923372351570494 -0.028795328822757628 -0.045253384416280233 -0.032488751646545237 0.025368991537896568 -0.055017604881926245 0.015590120639987879 0.019515188601237451 -0.051003077725848549 0.0060023496324237762 0.036258005394724319 0.028303080884795301 0.040848943605513402 -0.02278286318428932 -0.012066020813024252 -0.04261076546856235 -0.0053830105107971421 -0.0016957167205894855 0.013206483380679349 -0.044921895499616511 0.047886224405957259 0.030511928853772581 -0.035595920556465405 0.062264439690106935 -0.032059045512300433 -0.022589224709255926
leaf_weight=1.2286414249974762 1344.2649919686774 48.172335814175312 5.3206055341288438 1.6923908239696155 2.4182309177704155 4.7261576228775084 2.5724084347020861 1.7900706895743521 13.093589619966222 1.6541289230517557 5.8287558469455707 2.7415724184829742 1.4087234935723243 2.3195426424499597 2.0259845498949289 2.2762715052813292 1.7330386514513514 0.7923803316989505 22.710464582098219 1.914420444110873 4.1484975162893534 2.904894606443122 4.9172185860079471 0.93382155499421049 7.6475282732862979 4.2984209479764095 15.604540827082019 0.57903646116210516 12.081056597129644 0.47716643949388515
leaf_count=103 19410 408 32 53 13 156 119 103 76 53 49 31 44 30 6 22 113 4639 34027 126 62 36 405 60 30 15 81957 1078 45402 217
internal_value=-6.60087e-11 0.000762966 0.00907396 0.004997 -0.0218108 -0.00642736 0.0183826 0.0123117 0.00843387 0.00445976 0.0192237 -0.0208542 -0.0070087 0.027309 -0.000964261 0.00394857 -0.01771 0.0164044 -0.0191088 -0.0108745 0.0114296 -0.0243664 -0.00726378 -0.0157395 0.0359594 0.00897291 -0.0264919 -0.0152974 -0.0223064 0.0243828
internal_weight=1524.28 1462.24 117.974 83.1104 8.83678 7.14439 34.8635 29.5429 74.2737 61.1801 26.9705 8.70932 7.05519 19.0059 7.96455 5.52964 62.038 2.02102 60.0169 29.5421 6.17448 4.31362 27.6277 3.25336 13.4763 52.4708 30.4748 14.8703 14.2913 2.21021
internal_count=188875 20808 1398 885 222 169 513 481 663 587 362 164 111 191 171 112 168067 4742 163325 34558 68 80 34432 90 79 423 128767 46810 45732 330
is_linear=0
shrinkage=0.05


Tree=79
num_leaves=31
num_cat=0
split_feature=6 10 6 6 6 6 6 6 6 6 6 6 10 6 6 6 6 6 6 6 5 6 4 7 6 6 6 10 3 10
split_gain=7.8264 2.86002 1.84815 4.05677 1.51023 1.95745 2.1182 1.94337 1.51476 2.535 1.41818 1.46111 1.3098 1.28317 4.185 1.48687 2.22418 1.14407 1.39779 1.39684 1.32116 1.24384 1.10754 1.55168 1.07229 1.04549 1.60935 3.83668 2.62583 2.35511
threshold=0.70710679888725292 0.015881994739174846 0.29025129973888403 0.229654535651207 32.305309295654304 24.571588516235355 21.154217720031742 14.846392631530763 27.429511070251468 30.110941886901859 16.865219116210941 18.047428131103519 0.011428944766521456 33.15819168090821 35.798055648803718 38.594190597534187 38.06505203247071 7.5765991210937509 9.6654934883117694 14.291547775268556 20.500000000000004 8.8021216392517108 25.500000000000004 0.53085750341415416 19.381326675415043 1.6568470597267153 3.6468113660812382 0.016159754246473316 1.5000000000000002 0.019125756807625297
decision_type=2 2 2 2 2 2 2 2 2 2 2 2 2 2 2 2 2 2 2 2 2 2 2 2 2 2 2 2 2 2
left_child=2 -2 3 12 5 6 7 17 -7 -10 -9 -12 -1 -6 -15 16 -16 20 21 -20 -3 -19 -14 -24 -13 -22 27 -27 -28 -30
right_child=1 4 -4 -5 13 8 -8 10 9 -11 11 24 22 14 15 -17 -18 18 19 -21 25 -23 23 -25 -26 26 28 -29 29 -31
leaf_value=-0.032496522371987149 -2.3570977552858065e-05 0.017513149345297515 -0.033311381705063363 0.030588090669643214 0.036912272906487582 -0.052592402704846955 0.024554921426190091 -0.051005355525050991 0.01179916634789044 -0.049245049233439184 0.018668149536469326 -0.048128152011177691 -0.029038239664799827 -0.043482137002467051 0.0088400563702660043 0.0066338396528670823 0.052814737923136804 0.0071581519392139546 -0.0043243343413963816 0.025529402442062796 0.016125368656849739 0.042348544948041397 -0.016148581374398004 0.017828432311172961 -0.0016572490845935873 0.01632775208580757 0.019937643717298517 -0.067735005584544428 -0.041735595777365582 0.005853472237169993
leaf_weight=10.239700136964535 1354.0603746202432 6.7101023621216909 16.287462088039319 3.8796767752064616 5.621200928464531 1.3348249469418059 12.882160176523028 1.454849837027721 5.4317156973702367 1.3229216368054038 2.7717469411581988 1.2748777898959813 3.9176391230630534 2.177331093815158 6.5631883472669887 15.542256853557772 4.9094104906544089 5.0291895880945976 12.938507187122015 4.4891083510592571 3.4419581002875956 5.2215206604450941 6.3414357077217556 5.1975096800597385 2.896853449055925 1.7610822200076679 6.4782596668810575 2.3063160630554194 4.3977271697076485 4.6003210926428437
leaf_count=52129 52661 101 52838 729 32 53 76 53 89 80 31 44 13625 119 91 253 18 35 108 15 19 18 14672 776 36 8 25 38 43 60
internal_value=-1.00897e-09 0.000638432 -0.0201164 -0.0119981 0.00795268 0.0043275 0.00679195 0.00299726 -0.0177456 -0.00496522 -0.0181673 -0.00573202 -0.0193328 0.0166124 0.0116104 0.0174444 0.0303836 0.00635346 0.0134767 0.00433365 -0.000508599 0.0272543 -0.00916724 -0.000642948 -0.0224187 -0.00628042 -0.0108193 -0.0352984 -0.00263391 -0.0192534
internal_weight=1521.48 1475.62 45.8634 29.576 121.557 86.744 78.6546 65.7724 8.08946 6.75464 8.39833 6.94348 25.6963 34.8134 29.1922 27.0149 11.4726 57.3741 27.6783 17.4276 29.6958 10.2507 15.4566 11.5389 4.17173 22.9857 19.5437 4.0674 15.4763 8.99805
internal_count=188875 54106 134769 81931 1445 932 710 634 222 169 164 111 81202 513 481 362 109 470 176 123 294 53 29073 15448 80 193 174 46 128 103
is_linear=0
shrinkage=0.05


Tree=80
num_leaves=31
num_cat=0
split_feature=6 10 6 6 10 6 6 4 6 6 6 6 10 6 6 6 6 10 3 10 10 3 3 6 3 10 6 6 3 6
split_gain=7.36987 1.93316 1.77068 3.66001 1.25631 1.24031 3.95177 1.06506 0.957261 2.25619 1.18 1.83871 1.08697 1.72785 3.38065 1.70129 1.74136 5.91343 2.5102 5.09066 3.47895 2.654 2.48777 1.64479 2.28728 3.87111 4.12905 3.34608 2.78562 2.40447
threshold=0.70710679888725292 0.015881994739174846 0.29025129973888403 0.229654535651207 0.011428944766521456 38.06505203247071 38.594190597534187 9.5000000000000018 0.74124696850776683 1.9933357834815981 0.92583191394805919 0.894496649503708 0.009756329935044052 11.973258018493654 12.204383850097658 8.4790754318237322 9.3855566978454608 0.0098524559289217013 36.500000000000007 0.011173533275723459 0.012270400300621988 18.500000000000004 41.500000000000007 8.1066393852233904 27.500000000000004 0.011050061322748663 6.1512548923492441 5.824183702468873 25.500000000000004 5.0148561000823983
decision_type=2 2 2 2 2 2 2 2 2 2 2 2 2 2 2 2 2 2 2 2 2 2 2 2 2 2 2 2 2 2
left_child=2 8 3 4 -1 7 -7 -3 -2 10 11 -10 13 -11 -15 23 17 -17 19 -19 -21 -22 -18 24 28 26 27 29 -14 -26
right_child=1 5 -4 -5 -6 6 -8 -9 9 12 -12 -13 15 14 -16 16 22 18 -20 20 21 -23 -24 -25 25 -27 -28 -29 -30 -31
leaf_value=-0.031884615220840511 0.026554914030830126 0.02835022216594615 -0.032737126117054614 0.028336227047129254 -0.008875525190207607 0.052534271102491342 0.0042168095258679535 0.0031254484548327525 -0.031507953922120129 -0.00500124765778276 -0.038419981097716605 0.027514236485028355 0.00290822437537782 0.042629777871200689 0.0050227183628476077 0.039251985154041241 -0.00054267186681088446 0.020207088949936721 -0.066218358739406707 -0.071926838394844358 -0.031971321022008968 0.01482946784149957 -0.02830617275353689 0.020115118614867325 0.0085061561572264931 -0.06000711918746713 -0.028372753605584708 0.040542728823819173 0.027722122438560089 -0.052589775583890858
leaf_weight=9.9869050262514119 2.4037117473926619 3.4018027884594622 15.921618338754341 3.9645294576112056 15.378231275341021 4.8824292235076454 15.807655680502647 97.091754831635626 1.5178460842762416 38.662292931658158 4.790929210736067 1.773091876264516 119.1007761239016 5.3474550577811888 112.39447374902375 3.5720075789722641 983.47827418275119 6.0630974452942672 2.0814781679509897 3.0527179455384603 7.4568179667839996 3.9810937938746065 7.1361387422221005 14.026046069498987 4.9234226866392472 2.522140646884508 8.2050140709616226 5.5815424900501966 11.541163283960485 1.2517717164591884
leaf_count=52129 1373 16 52838 729 29073 18 253 1158 9623 1537 20101 1856 885 29 1093 16 14997 43 56 55 101 37 252 88 150 109 128 16 77 39
internal_value=-2.11896e-10 0.000617066 -0.0196528 -0.0117048 -0.0188005 0.00663981 0.0175151 0.00425025 7.22638e-05 5.41368e-06 -0.0248319 -0.000706762 0.000173572 0.00407726 0.00707534 -0.000345115 -0.00111456 -0.0135947 -0.0232422 -0.0160197 -0.0315034 -0.0157992 -0.000771017 0.00431439 0.00274595 -0.0116559 -0.00297554 0.0155839 0.00529427 -0.00948192
internal_weight=1517.3 1472.05 45.2513 29.3297 25.3651 121.184 20.6901 100.494 1350.86 1348.46 8.08187 3.29094 1340.38 156.404 117.742 1183.97 1016.82 26.2072 22.6352 20.5537 14.4906 11.4379 990.614 167.152 153.126 22.4839 19.9618 11.7567 130.642 6.17519
internal_count=188875 54106 134769 81931 81202 1445 271 1174 52661 51288 31580 11479 19708 2659 1122 17049 15557 308 292 236 193 138 15249 1492 1404 442 333 205 962 189
is_linear=0
shrinkage=0.05


Tree=81
num_leaves=31
num_cat=0
split_feature=6 6 6 10 6 6 6 6 10 6 6 6 6 6 6 6 6 6 6 10 10 3 3 6 6 3 6 6 3 6
split_gain=6.94347 1.68997 3.39523 1.5526 1.25724 2.2648 1.44286 1.64414 1.19236 1.19102 2.91628 2.12822 2.0413 1.13008 1.03268 1.15697 1.01349 2.78598 3.13294 0.982456 1.2637 0.959648 1.1311 0.953515 0.902718 2.65236 1.79511 1.57062 2.18069 1.57181
threshold=0.70710679888725292 0.29025129973888403 0.229654535651207 0.015881994739174846 32.305309295654304 24.571588516235355 21.154217720031742 14.846392631530763 0.011428944766521456 38.594190597534187 38.06505203247071 33.15819168090821 35.798055648803718 36.183538436889656 16.865219116210941 18.047428131103519 44.293878555297859 39.118282318115241 40.912498474121101 0.012385687325149776 0.014718532562255861 30.500000000000004 15.500000000000002 19.381326675415043 42.76966857910157 15.500000000000002 42.525291442871101 40.993413925170906 8.5000000000000018 38.594190597534187
decision_type=2 2 2 2 2 2 2 2 2 2 2 2 2 2 2 2 2 2 2 2 2 2 2 2 2 2 2 2 2 2
left_child=1 2 8 24 5 6 7 -5 -1 10 11 -6 -13 -14 -9 -16 17 -11 -19 -10 -21 22 -3 -17 26 -26 27 29 -29 -2
right_child=3 21 -4 4 9 -7 -8 14 19 16 -12 12 13 -15 15 23 -18 18 -20 20 -22 -23 -24 -25 25 -27 -28 28 -30 -31
leaf_value=-0.031330617564576772 -0.0001695916624496229 -0.039493244965515303 0.027227165905861564 0.0053376007983270655 0.029971369399297523 -0.020544945263672836 0.019900550432896045 -0.046910067105345316 0.0061281497338316329 -0.057380398106046421 0.050603309390484019 -0.041896292197315069 0.02572166306014145 -0.010987610663714143 0.01465280596833895 -0.046591824829387007 0.01859822255175414 0.01842492514343053 -0.047861798377751508 -0.039951496390362225 -0.0032797041267972173 -0.039975587198405847 0.005448960743701171 -0.002248739479693132 -0.033303970296173012 -0.001541870342367051 0.017837637602671746 0.008326171245340996 -0.024977382743621029 0.0059684625212379338
leaf_weight=9.693435896708257 1148.3800379474906 1.1137217822688388 3.9346035786584244 56.552750738017494 5.6309712883085039 8.4230046864686283 13.117785037029533 1.2744174777180868 6.1908994728782991 1.1480515493458359 5.1950350962579241 1.9536608223570491 3.070917806820944 3.4762436735909432 2.8959189224115107 1.2068373220972715 5.6771737877279511 7.8295478259678912 1.243240393232554 3.0744958475570439 6.0217668504774338 10.850324586797795 3.5657204549206654 2.9310546603519469 6.7793353702872983 43.108575403224677 13.528956755064426 6.9843436833471086 12.895505134016274 113.71226538339397
leaf_count=52129 49107 315 729 470 32 222 76 53 7005 30 18 119 21 70 31 44 40 92 91 13769 8299 51443 1080 36 388 692 132 140 549 1653
internal_value=-6.8344e-10 -0.0192484 -0.0114464 0.000595868 0.00598188 0.00266909 0.00540497 0.00221567 -0.0183513 0.0138097 0.0218435 0.00862551 -0.00718042 0.00735741 -0.0173253 -0.00679308 0.00332854 -0.00605461 0.00549185 -0.00870284 -0.018404 -0.0322039 -0.0103178 -0.0217327 0.000104878 -0.0064277 0.000361202 0.000163009 -0.0134385 0.000387724
internal_weight=1511.46 44.445 28.9152 1467.02 121.627 86.4018 77.9788 64.861 24.9806 35.2248 19.3268 14.1318 8.50082 6.54716 8.30823 7.03381 15.898 10.2208 9.07279 15.2872 9.09626 15.5298 4.67944 4.13789 1345.39 49.8879 1295.5 1281.97 19.8798 1262.09
internal_count=188875 134769 81931 54106 1445 932 710 634 81202 513 260 242 210 91 164 111 253 213 183 29073 22068 52838 1395 80 52661 1080 51581 51449 689 50760
is_linear=0
shrinkage=0.05


Tree=82
num_leaves=31
num_cat=0
split_feature=3 10 10 3 10 10 3 10 12 4 7 10 3 3 3 3 3 3 3 3 3 3 3 3 3 10 4 10 7 4
split_gain=5.70246 2.04505 2.08532 1.63193 1.54488 1.75483 1.52693 0.966994 1.60961 0.950272 1.34907 0.846635 1.56153 1.0838 1.19924 5.29057 2.37167 1.34413 0.853163 0.832152 2.19113 1.47122 2.88552 1.00202 0.953232 0.800728 0.716463 0.967035 2.85246 1.25923
threshold=99.500000000000014 0.0063092110212892303 0.015881994739174846 72.500000000000014 0.0039761590305715808 0.011428944766521456 192.50000000000003 0.0076046728063374766 1.0000000180025095e-35 25.500000000000004 0.53085750341415416 0.015242683235555889 6.5000000000000009 7.5000000000000009 14.500000000000002 15.500000000000002 13.500000000000002 12.500000000000002 3.5000000000000004 21.500000000000004 20.500000000000004 23.500000000000004 24.500000000000004 26.500000000000004 37.500000000000007 0.026716330088675026 9.5000000000000018 0.023384617641568187 0.52635166049003612 73.500000000000014
decision_type=2 2 2 2 2 2 2 2 2 2 2 2 2 2 2 2 2 2 2 2 2 2 2 2 2 2 2 2 2 2
left_child=1 -1 3 7 6 -6 -2 -3 -9 25 -11 12 -10 -14 16 -16 17 -15 -13 20 -17 -21 -23 -24 -25 -7 -4 29 -29 -28
right_child=4 2 26 -5 5 9 -8 8 11 10 -12 18 13 14 15 19 -18 -19 -20 21 -22 22 23 24 -26 -27 27 28 -30 -31
leaf_value=0.044700791648033478 0.039696084268190691 0.034735265593395397 0.026898009888493685 -0.033552605719222951 -0.032203826180819947 -0.038889628718252731 -0.023705268318346875 -0.036001699031682155 0.008486072865602573 -0.015524731080456126 0.016362129199422079 0.0010640783746152366 -0.0098768194664536832 0.0023305039663533314 -0.023876091722398962 -0.00097858858961990982 0.012687852023321462 -0.0083477198019516873 -0.0080873997907330627 0.007132939842287943 -0.017366570253288301 -0.019517104045228047 0.0065138386393768623 -0.0024402959307967317 0.0018985651134997257 0.0050707717618813557 -0.017568052698107888 -0.053448704907365953 0.01205159480505468 0.0080213224769454059
leaf_weight=1.6104417487003946 1.3307535617677779 0.99298685963003563 3.3137401118874541 2.6484333120843067 18.376703574227577 2.6624560042091612 0.75413925268367155 2.1179859022122391 55.022565766426851 6.1254062560747098 5.2078863400020055 42.777415387012297 26.445366648316849 214.63358616131882 23.081449789257022 156.85617151451879 50.321802431251854 33.14429567445768 61.185522332481924 77.667900101267151 22.470516372326529 17.622427362905 60.455965427601768 249.4810211769327 254.93639848824023 1.15215527118562 4.1106743442505822 1.6461093797697675 3.7343158256262541 107.24018096493091
leaf_count=543 527 547 15 14180 100868 13332 4215 11498 543 14677 777 547 546 2720 545 2717 542 539 1097 1086 544 539 1089 5963 6943 301 81 86 24 1244
internal_value=1.70546e-10 0.000483975 0.00040528 -0.000157563 -0.019493 -0.0221456 0.0165126 -6.72087e-05 -0.000118567 -0.0087048 -0.000733444 -3.54243e-05 0.000328697 -5.62194e-05 0.000175848 -0.000769355 0.00290429 0.000874306 -0.0043476 -0.000106394 -0.003117 0.000714885 -0.000151633 0.000485936 -0.000247985 -0.0273165 0.00669256 0.00589537 -0.0132241 0.00692869
internal_weight=1509.13 1473.52 1471.91 1351.86 35.6095 33.5246 2.08489 1349.21 1348.22 15.1479 11.3333 1346.1 1242.14 1187.12 1160.67 862.572 298.1 247.778 103.963 839.49 179.327 660.164 582.496 564.873 504.417 3.81461 120.045 116.731 5.38043 111.351
internal_count=188875 54178 53635 52185 134697 129955 4742 38005 37458 29087 15454 25960 24316 23773 23227 19426 3801 3259 1644 18881 3261 15620 14534 13995 12906 13633 1450 1435 110 1325
is_linear=0
shrinkage=0.05


Tree=83
num_leaves=31
num_cat=0
split_feature=6 6 4 10 5 10 3 10 10 10 10 10 10 10 6 6 10 6 6 3 6 6 10 10 10 6 6 6 6 6
split_gain=6.30836 1.53306 1.37214 1.56948 1.37955 1.29371 1.47719 1.14549 3.72381 1.09849 0.951616 3.35348 1.26713 1.14123 0.896816 1.13203 0.857052 0.949585 0.979391 0.883284 0.842174 2.14042 0.827133 1.37296 0.785997 1.66034 0.982252 3.56099 2.13443 1.28079
threshold=2.2950463294982915 2.5422707796096806 9.5000000000000018 0.024295845068991188 20.500000000000004 0.0039761590305715808 192.50000000000003 0.0053050769492983827 0.0053619688842445621 0.025135437026619915 0.0062696540262550124 0.0063092110212892303 0.009756329935044052 0.010152545757591726 0.73574799299240123 0.74124696850776683 0.011050061322748663 1.5870165824890139 1.0852523446083071 5.5000000000000009 0.91087967157363903 0.92583191394805919 0.022073076106607917 0.021915592253208164 0.015881994739174846 4.6214363574981698 38.06505203247071 39.328422546386726 40.450315475463874 36.183538436889656
decision_type=2 2 2 2 2 2 2 2 2 2 2 2 2 2 2 2 2 2 2 2 2 2 2 2 2 2 2 2 2 2
left_child=5 -2 -3 4 -4 6 -1 14 -9 -5 -10 -12 20 -14 -7 -16 -15 18 -18 -20 -13 -22 23 24 -6 -26 29 -28 -29 -27
right_child=1 2 3 9 22 7 -8 8 10 -11 11 12 13 16 15 -17 17 -19 19 -21 21 -23 -24 -25 25 26 27 28 -30 -31
leaf_value=0.039487842848243158 0.022518197783520266 0.029205010530799505 0.025375382522397485 0.0023445793482131192 0.00011249068382968774 -0.044965135189570134 -0.023173839190202359 0.062466581355890283 -0.041505093309317231 -0.054241291535069361 0.040830375913127229 -0.03661734662797024 0.019033102728137095 -0.039068755412823654 0.041841865130194437 -0.022256680200214218 -0.012002206258208997 -0.039254333352969059 0.020117001070966496 -0.02366392272024373 0.038616757129035166 -0.032817592817560297 -0.019032032163421236 0.03449780518474109 -0.02585031092013762 0.0046945221577901078 0.038278886281745583 -0.04926737130789717 0.0058568207298924438 -0.026580080879957332
leaf_weight=1.3395144254081963 6.9725409051934539 3.1602098587900391 4.5649374492058987 1.2666577013442286 1320.8713859828858 4.8207077917759298 0.73418887051411719 0.56544847621807903 2.8869874058491396 1.2243750197812913 1.6932407544700243 9.724907675321445 1.9808272261816444 2.2462633317973113 0.13569816249946587 0.76945968543259369 21.898205396068086 1.7279857916873869 4.1014032309176391 0.58648067904869083 0.86379936661251067 1.4010383824479502 4.4386001080274573 1.9644689336419094 3.2801358228753079 71.916616115704528 8.4994674013141793 1.0845236538443703 10.254045775858684 2.4398033421020946
leaf_count=527 148 13 33 30 19272 26919 4215 1078 15160 37 1080 49650 5259 10004 109 6597 34027 126 16 389 87 12824 49 4 51 842 55 44 163 67
internal_value=-2.84608e-10 0.000652445 0.000530591 0.000446963 0.00052838 -0.0160995 0.016981 -0.0176168 -0.0146032 -0.0330385 -0.0167194 -0.0143253 -0.0172732 -0.0115358 -0.0377039 0.00427126 -0.0140575 -0.0108082 -0.00760334 0.0114423 -0.0307581 -0.00208966 0.000431027 0.000505199 0.000433845 0.00474314 0.00606886 0.0156849 -0.00298139 0.00332922
internal_weight=1499.41 1441.94 1434.97 1431.81 1429.31 57.4762 2.0737 55.4025 49.6766 2.49103 49.1111 46.2242 44.5309 32.5412 5.72587 0.905158 30.5603 28.3141 26.5861 4.68788 11.9897 2.26484 1424.75 1420.31 1418.35 97.4746 94.1945 19.838 11.3386 74.3564
internal_count=188875 20808 20660 20647 20580 168067 4742 163325 129700 67 128622 113462 112382 49821 33625 6706 44562 34558 34432 405 62561 12911 20547 20498 20494 1222 1171 262 207 909
is_linear=0
shrinkage=0.05


Tree=84
num_leaves=31
num_cat=0
split_feature=6 6 6 7 7 10 7 10 5 10 10 5 5 6 6 3 6 6 10 10 7 7 6 6 6 3 6 3 6 10
split_gain=5.74715 1.88553 3.53148 1.23308 1.82581 0.970647 0.941119 2.54742 1.13158 1.12494 1.25537 2.51445 1.07458 0.904508 1.14888 0.991555 1.24968 1.70118 0.904122 1.12946 0.816751 1.2463 0.821355 1.37362 1.86156 1.60699 1.59913 1.55436 1.22702 3.70419
threshold=0.70710679888725292 0.29025129973888403 0.229654535651207 0.57062244415283214 0.53642636537551891 0.011428944766521456 0.52635166049003612 0.023384617641568187 14.500000000000002 0.022750681266188625 0.022608106024563316 37.500000000000007 40.500000000000007 0.74124696850776683 2.2950463294982915 3.5000000000000004 0.92583191394805919 0.894496649503708 0.012385687325149776 0.014718532562255861 0.45292907953262335 0.47677282989025122 42.76966857910157 42.525291442871101 40.993413925170906 17.500000000000004 41.409038543701179 27.500000000000004 40.033845901489265 0.011428944766521456
decision_type=2 2 2 2 2 2 2 2 2 2 2 2 2 2 2 2 2 2 2 2 2 2 2 2 2 2 2 2 2 2
left_child=1 2 5 4 6 -1 7 8 -2 10 11 -10 -13 -14 15 -15 17 -17 -7 -20 22 -22 23 24 28 26 -26 -27 -16 -30
right_child=3 -3 -4 -5 -6 18 -8 -9 9 -11 -12 12 13 14 20 16 -18 -19 19 -21 21 -23 -24 -25 25 27 -28 -29 29 -31
leaf_value=-0.029629217384122511 0.027082530251452377 -0.031985242128153644 0.028703286729243861 0.024562975923373129 -0.050046213310984244 0.0057352819265736096 0.027728536894828532 -0.050265629746052282 -0.052862951554037391 -0.031093896212423474 0.032244137403327787 0.031877376323986309 0.026583319503019925 0.0035743899807170079 0.00041880371004943649 -0.029965839681291226 -0.039469947516209421 0.028643139606956275 -0.039060561863640542 -0.0035246592849921977 0.026874813882794564 -0.011991774900246333 -0.0055757299158851175 0.015776804317733855 -0.035365804343038008 -0.056996153724106102 0.0038324124298117126 -0.0063638833238665983 -0.040049062932997252 0.010576614197230343
leaf_weight=8.8148440128225101 3.0028479517495716 14.606310463414045 4.0999654422848826 4.3198426361486773 0.78831276543496542 6.1389549835130302 2.1685597233008584 1.4721535643911909 1.2081689197802905 1.8194209309294809 2.1121247848495832 1.7295783665031184 2.3097390445691408 4.5151413045823556 1266.5951701944869 1.3694513897062282 4.2773631140516954 1.5937996683787785 2.8681198849499179 5.8340454000608588 5.6749836769886306 2.2977135549590457 53.369671491207555 13.926135533023624 2.2800229368731406 2.6039267810992888 11.867208637064321 3.1082910601980984 2.8719938402064136 58.49509115726687
leaf_count=52129 13 52838 729 25 23 7005 10 86 57 10 7 6 1373 24 17621 9622 20395 1855 13769 8299 43 51 1139 140 152 218 240 126 115 755
internal_value=9.90433e-11 -0.0179379 -0.00969035 0.000533937 0.000445559 -0.0172389 0.000507453 0.000447599 0.00053387 0.000459959 0.000521283 0.000452414 0.000533863 0.000474002 0.000413488 -0.0145261 -0.0248774 0.000830623 -0.00847381 -0.0180556 0.000547014 0.0155854 0.000451342 0.000691474 0.000524026 -0.0142977 -0.00440267 -0.0344975 0.000756275 0.00760316
internal_weight=1498.14 42.3622 27.7559 1455.78 1451.46 23.656 1450.67 1448.5 1447.03 1444.02 1442.21 1440.09 1438.89 1437.16 1434.85 11.7558 7.24061 2.96325 14.8411 8.70217 1423.09 7.9727 1415.12 1361.75 1347.82 19.8594 14.1472 5.71222 1327.96 61.3671
internal_count=188875 134769 81931 54106 54081 81202 54058 54048 53962 53949 53939 53932 53875 53869 52496 31896 31872 11477 29073 22068 20600 94 20506 19367 19227 736 392 344 18491 870
is_linear=0
shrinkage=0.05


Tree=85
num_leaves=31
num_cat=0
split_feature=6 6 10 3 7 4 10 3 7 8 10 10 6 6 10 10 10 10 10 6 6 6 6 6 6 10 10 6 6 6
split_gain=5.44383 1.34584 1.34559 1.52141 1.26178 2.21573 1.08577 1.08939 1.24524 2.12916 1.08124 3.6704 0.945568 1.10078 0.943509 3.27119 1.1914 1.02627 0.777558 1.47817 1.64808 1.18741 1.16596 3.79709 2.96545 1.45907 3.83286 2.13002 1.32239 6.46094
threshold=2.2950463294982915 2.5422707796096806 0.0039761590305715808 192.50000000000003 0.57062244415283214 48.500000000000007 0.018374931998550895 13.500000000000002 0.45982684195041662 88.500000000000014 0.0053050769492983827 0.0053619688842445621 0.73574799299240123 0.74124696850776683 0.0062696540262550124 0.0063092110212892303 0.009756329935044052 0.010152545757591726 0.009756329935044052 9.1301374435424822 6.504176378250123 9.3855566978454608 20.280011177062992 22.755928993225101 23.925033569335941 0.0096620614640414732 0.0094788861460983771 25.224988937377933 13.73842763900757 14.561655044555666
decision_type=2 2 2 2 2 2 2 2 2 2 2 2 2 2 2 2 2 2 2 2 2 2 2 2 2 2 2 2 2 2
left_child=2 -2 3 -1 5 -3 18 -8 9 -9 12 -12 -4 -14 -13 -16 -17 -18 19 20 -7 -21 28 -24 -25 26 27 -26 -23 -30
right_child=1 4 10 -5 -6 6 7 8 -10 -11 11 14 13 -15 15 16 17 -19 -20 21 -22 22 23 24 25 -27 -28 -29 29 -31
leaf_value=0.03941327913919343 0.021208443575991099 -0.039369968979857221 -0.044568180630531251 -0.023602998986997522 0.02504281968374545 -0.0026390134390051885 -0.012968737625722333 -0.044530314235868146 0.033839614280816874 0.014816863388537419 0.061473181470919458 -0.041069959672590889 0.041810103304343559 -0.021588815176288342 0.039847733709106645 -0.030233641355129653 0.018082123524834504 -0.013583334490066998 -7.6467200813219472e-05 0.03108053238138142 -0.045164915799428253 0.0069990973591114881 0.025015764321846403 -0.054820402276129644 0.026128504135916022 0.021665922119633387 -0.050710999996636086 -0.020389888958270246 -0.069885158695249833 0.00047245177274977127
leaf_weight=1.4695148266964673 6.8785040423754245 2.4946465282700947 4.5271285246762991 0.73073745281908475 4.2118355464190236 10.374145194771698 2.6793563873507109 0.85687973280437102 5.9376615946530356 7.2626823050522944 0.60859947704557171 2.7662957690627072 0.1474197410425403 0.72997687799033883 1.7759923630983383 11.297564531185342 1.9337299659837324 29.922860382672297 1255.0169866568467 3.2996785410214207 1.9718337630984013 50.165754000961897 21.791617936454713 1.6181028233841086 5.5966417305171507 5.348183309659361 2.6918874690309158 3.0198641638271511 2.5062552573072017 46.843460422038333
leaf_count=527 148 62 26919 4215 21 458 25 30 32 118 1078 15160 109 6597 1080 62561 5259 44562 18059 39 343 561 98 86 16 44 77 57 85 449
internal_value=-1.13556e-09 0.000598788 -0.0151677 0.0176489 0.000485194 0.000395381 0.00049242 0.0127866 0.0182309 0.00435762 -0.0168101 -0.0138721 -0.0368034 0.00565975 -0.0160762 -0.0136767 -0.016732 -0.0111694 0.000337557 0.00366402 -0.0123063 0.0051199 0.00428948 0.0113801 -0.00533393 0.00230598 -0.00786646 0.00940007 0.00134987 -0.00441773
internal_weight=1496.48 1440.57 55.9098 2.20025 1433.69 1429.48 1426.98 16.7366 14.0572 8.11956 53.7096 48.305 5.40453 0.877397 47.6964 44.9301 43.1542 31.8566 1410.24 155.227 12.346 142.881 139.582 40.0663 18.2747 16.6566 11.3084 8.61651 99.5155 49.3497
internal_count=188875 20808 168067 4742 20660 20639 20577 205 180 148 163325 129700 33625 6706 128622 113462 112382 49821 20372 2313 801 1512 1473 378 280 194 150 73 1095 534
is_linear=0
shrinkage=0.05


Tree=86
num_leaves=31
num_cat=0
split_feature=6 10 3 10 10 10 6 6 6 6 6 6 6 6 6 6 6 6 6 6 6 3 6 3 6 6 10 6 10 10
split_gain=5.09337 1.60492 1.34788 1.22941 1.89864 1.13154 1.66086 2.29507 1.54138 2.23475 1.99155 2.24265 1.10114 1.9733 0.941882 1.93506 1.09008 1.55623 0.923982 10.2785 6.00179 4.68269 4.15279 8.44638 3.86111 4.71457 4.58547 2.56226 2.63835 7.9912
threshold=0.70710679888725292 0.0039761590305715808 192.50000000000003 0.0053050769492983827 0.0053333712276071319 0.015881994739174846 32.305309295654304 24.571588516235355 38.594190597534187 38.06505203247071 33.15819168090821 35.798055648803718 21.154217720031742 14.846392631530763 0.74124696850776683 1.9933357834815981 0.92583191394805919 0.894496649503708 32.305309295654304 33.566234588623054 32.034280776977546 11.500000000000002 30.485410690307621 12.500000000000002 29.190890312194828 28.94754791259766 0.014185110572725536 34.620792388916023 0.012121656909585001 0.013245614245533945
decision_type=2 2 2 2 2 2 2 2 2 2 2 2 2 2 2 2 2 2 2 2 2 2 2 2 2 2 2 2 2 2
left_child=1 2 -1 -3 -5 14 7 12 9 10 -8 -12 13 -7 -2 16 17 -16 20 -20 22 -22 24 -24 25 -17 -27 28 -21 -30
right_child=5 3 -4 4 -6 6 8 -9 -10 -11 11 -13 -14 -15 15 18 -18 -19 19 27 21 -23 23 -25 -26 26 -28 -29 29 -31
leaf_value=0.039210263046263225 0.026812992449401635 -0.043617587795455187 -0.021826025958441287 0.043090202755109011 -0.017500055555036025 0.0048996084212801104 0.032081328503534616 -0.02184288427213241 0.0023244412563660014 0.048301273400016602 -0.04136143755508951 0.01078703942807909 0.016728837524826658 -0.019556609062526011 -0.029636791538320242 0.00048156218494214205 -0.037495899084194505 0.026429679651189461 -0.035439804799498001 0.046724181120110758 -0.026286273355001329 0.043802244385075538 0.0040924689866501931 -0.05917877976919507 0.013911833186288892 -0.072070925703171071 0.011365623200192894 -0.0014055492384357556 -0.064068973090480791 0.015090538110388503
leaf_weight=1.4282103443365479 2.2858857931714729 4.0016290113671849 0.64342328267775872 0.41127330149720265 34.671274379626993 55.524201341628213 5.2906477702781576 8.513706940240807 15.44482573319692 5.3434671834111205 1.9293632718035949 6.0559802823700011 13.277186781866474 8.6614567455835623 1.3286747190231829 876.08339271072691 4.3546459915323794 1.6418038378578783 20.610453638713807 3.9266397655010215 2.2091583134606472 12.125401226803659 13.009691426064821 7.7378248567692927 53.21779717913887 3.360506377532146 2.2602235499070957 295.41403246945993 2.5664409007877103 29.765281245112419
leaf_count=469 1373 26270 3776 345 103909 470 32 222 253 18 119 91 76 164 9623 12348 20101 1856 403 20 59 79 255 288 531 103 32 5205 93 292
internal_value=-8.57303e-10 -0.017133 0.0193192 -0.0194989 -0.0156152 0.000497098 0.00512571 0.00136859 0.014299 0.0236072 0.0109809 -0.00501367 0.00416556 0.00135001 7.63998e-05 1.03176e-05 -0.02402 0.000203397 0.000161491 -0.00202822 0.000958012 0.0319908 0.000459582 -0.0211408 0.000961007 0.000164448 -0.0418702 0.000148299 0.0125062 0.00707334
internal_weight=1493.09 41.1558 2.07163 39.0842 35.0825 1451.94 120.041 85.9766 34.0643 18.6195 13.276 7.98534 77.4628 64.1857 1331.9 1329.61 7.32512 2.97048 1322.29 352.283 970.004 14.3346 955.669 20.7475 934.922 881.704 5.62073 331.672 36.2584 32.3317
internal_count=188875 134769 4245 130524 104254 54106 1445 932 513 260 242 210 710 634 52661 51288 31580 11479 19708 6013 13695 138 13557 543 13014 12483 135 5610 405 385
is_linear=0
shrinkage=0.05


Tree=87
num_leaves=31
num_cat=0
split_feature=6 10 3 7 7 10 7 6 6 3 6 3 10 3 3 3 6 6 3 10 3 3 6 6 3 6 3 3 6 10
split_gain=4.89623 1.37088 1.46243 1.25193 0.972795 1.77929 1.36821 1.08083 1.72723 1.64454 1.13872 3.8892 4.63305 3.12173 5.62387 3.75656 4.47357 3.39581 4.71387 8.16461 6.01795 3.07211 3.92334 2.62337 1.73447 1.36606 11.4074 3.9068 3.03501 1.64904
threshold=2.2950463294982915 0.0039761590305715808 192.50000000000003 0.52635166049003612 0.48541562259197241 0.022073076106607917 0.45292907953262335 40.993413925170906 41.409038543701179 27.500000000000004 38.594190597534187 30.500000000000004 0.011428944766521456 7.5000000000000009 9.5000000000000018 12.500000000000002 38.870059967041023 40.033845901489265 14.500000000000002 0.012539633549749853 20.500000000000004 3.5000000000000004 39.118282318115241 39.118282318115241 31.500000000000004 37.290193557739265 3.5000000000000004 26.500000000000004 38.06505203247071 0.012270400300621988
decision_type=2 2 2 2 2 2 2 2 2 2 2 2 2 2 2 2 2 2 2 2 2 2 2 2 2 2 2 2 2 2
left_child=1 2 -1 4 6 -6 7 10 9 -9 25 12 -12 21 -15 -16 -17 18 -18 20 -20 22 -14 -23 -13 -2 -27 28 -28 -30
right_child=3 -3 -4 -5 5 -7 -8 8 -10 -11 11 24 13 14 15 16 17 -19 19 -21 -22 23 -24 -25 -26 26 27 -29 29 -31
leaf_value=0.038951987018796146 0.00056790578729998199 -0.016236294567252601 -0.022992316581752936 0.020762467011144176 0.0084968939087750623 -0.055587973258462688 0.020386466917414789 -0.046754825954344749 -0.0029550247790496253 0.0054850703976633899 -0.056229602294593811 0.053736071219239914 -0.057459985617323676 0.033801432587778714 -0.02928994068545587 0.041866938894849645 0.026368845892539523 0.0098310093244246242 0.044402089612400407 -0.07826461766252725 -0.025901755480771577 -0.0037832208925494232 0.013930962395937878 -0.062779570394925974 0.0075198511362482949 0.038426399000238906 -0.058307483446351907 0.022333372520168617 -0.055537378803197347 -0.0090516412381572275
leaf_weight=1.5266841127067885 1177.7313736306824 52.597026051475041 0.70864495514979342 6.6316674074623725 1.7442732207418878 1.1320506734773514 7.6181396483443669 3.477751539554446 81.481986028142273 1.981625923886895 2.2409727003978324 4.6887366520240885 1.3078358442289779 16.469536034914199 7.4107358188339267 6.7682470967993131 4.613107911587579 41.427097172476351 3.4883609274402287 4.3350388222752363 8.4814470299024816 3.4669111995608537 10.618770986329762 3.5171787401195616 3.7380129033699632 8.0664203204214591 7.6177583602257135 2.7754962327890089 1.4429718749597658 11.548596056411041
leaf_count=527 16255 163325 4215 50 35 28 62 241 1734 40 112 25 41 120 177 66 53 415 27 131 179 53 143 194 39 60 242 36 44 206
internal_value=8.87606e-10 -0.0145271 0.0182775 0.000564499 0.000456326 -0.024559 0.000523943 0.000403 -0.00496625 -0.0298794 0.000756986 0.00532888 0.00275461 0.00442338 0.00819899 0.00232388 0.00608311 0.00159877 -0.0144095 -0.026804 -0.00356933 -0.0136225 0.00226296 -0.0376356 0.0362076 0.000289524 -0.00983112 -0.0273704 -0.0347878 -0.0178151
internal_weight=1490.65 54.8324 2.23533 1435.82 1429.19 2.87632 1426.31 1418.7 86.9414 5.45938 1331.75 122.572 114.145 111.904 92.9936 76.524 69.1133 62.3451 20.918 16.3048 11.9698 18.9107 11.9266 6.98409 8.42675 1209.18 31.4512 23.3848 20.6093 12.9916
internal_count=188875 168067 4742 20808 20758 63 20695 20633 2015 281 18618 1775 1711 1599 1168 1048 871 805 390 337 206 431 184 247 64 16843 588 528 492 250
is_linear=0
shrinkage=0.05


Tree=88
num_leaves=31
num_cat=0
split_feature=6 10 3 10 10 4 13 6 6 6 10 6 6 6 6 3 3 6 10 3 6 6 6 6 10 6 6 3 6 6
split_gain=4.69387 1.59388 1.28278 1.1403 1.80957 0.963557 1.21655 0.904212 1.12513 1.14331 0.932794 1.60426 2.52858 1.38787 7.50713 2.20798 2.09536 3.11686 9.20059 2.17954 2.2584 4.9434 1.47234 1.45174 6.35774 2.98899 2.61973 2.40719 2.13068 1.5866
threshold=0.70710679888725292 0.0039761590305715808 192.50000000000003 0.0053050769492983827 0.0053333712276071319 9.5000000000000018 1.0000000180025095e-35 0.74124696850776683 2.2950463294982915 2.5422707796096806 0.009756329935044052 11.973258018493654 12.204383850097658 18.586188316345218 18.047428131103519 47.500000000000007 44.500000000000007 15.463809490203859 0.0096620614640414732 45.500000000000007 13.250360488891603 13.522763252258303 21.154217720031742 21.380851745605472 0.0096620614640414732 22.755928993225101 23.925033569335941 45.500000000000007 20.280011177062992 20.280011177062992
decision_type=2 2 2 2 2 2 2 2 2 2 2 2 2 2 2 2 2 2 2 2 2 2 2 2 2 2 2 2 2 2
left_child=1 2 -1 -3 -5 -2 7 -7 -9 -10 11 -11 -13 14 16 23 17 18 -14 20 -18 -22 -17 24 27 -25 -27 29 -29 -15
right_child=5 3 -4 4 -6 6 -8 8 9 10 -12 12 13 15 -16 22 19 -19 -20 -21 21 -23 -24 25 -26 26 -28 28 -30 -31
leaf_value=0.038244135959119574 0.025116174168155859 -0.042786974683712474 -0.021350307977535652 0.041877238103225162 -0.017126155237675224 0.026605654692481374 -0.043711831764722077 -0.014562784195225853 0.019583443000248647 -0.0047502072962230073 -2.4600204627379069e-05 0.037868452290378551 0.031394165118747444 0.029976296881889908 -0.071385392069425221 0.038630562368302972 -0.063722542249005878 0.036788134011301085 -0.070192021678820632 0.0029207341483276812 0.036425984319654874 -0.056843519114975052 -0.00020506931541760796 0.033478357791913625 -0.069721128771877694 -0.049939126921819711 0.0064553909922463425 -0.055872657437734022 0.008759996789397869 -0.0090009218991934127
leaf_weight=1.487074363512874 2.9568201740330542 3.7936485518366672 0.62602549248913408 0.41948332834363 34.218462804699811 2.2982120663145897 0.56088931916747142 11.465059588230359 6.8264231621396894 37.707891198107973 1271.1096602144826 5.3132854127325109 5.3334167981520322 7.8015088737010974 2.4997826050966969 8.7040113322436792 1.7238316945731629 8.9668058520328469 2.4441749369725585 29.55128377591609 2.3882741443812852 1.4493893247854428 3.2465381119400254 9.3469822350889462 2.2269251672551027 1.3552017328329409 15.400243225973098 1.4635716145858162 2.168420766480267 3.167081693187356
leaf_count=469 17 26270 3776 345 103909 1373 17 31918 148 1191 18320 29 48 50 38 37 18 59 46 309 7 52 39 33 27 81 175 40 17 17
internal_value=-3.35814e-11 -0.0165706 0.0194018 -0.0189903 -0.0152566 0.000475271 0.000407493 0.00045487 0.000394769 0.000524766 0.000419677 0.00410462 0.00703534 0.00520571 -0.000474058 0.0107391 0.0042301 0.0182446 -0.00488987 -0.0027732 -0.0288623 -0.00326825 0.0288791 0.00514698 -0.00608872 0.0123477 -0.000661585 0.0074637 -0.0237243 0.0189103
internal_weight=1488.02 40.5447 2.1131 38.4316 34.6379 1447.48 1444.52 1443.96 1441.66 1430.19 1423.37 152.259 114.551 109.237 54.357 54.8805 51.8572 16.7444 7.77759 35.1128 5.5615 3.83766 11.9505 42.9299 16.8275 26.1024 16.7554 14.6006 3.63199 10.9686
internal_count=188875 134769 4245 130524 104254 54106 54089 54072 52699 20781 20633 2313 1122 1093 577 516 539 153 94 386 77 59 76 440 151 289 256 124 57 67
is_linear=0
shrinkage=0.05


Tree=89
num_leaves=31
num_cat=0
split_feature=6 10 6 6 10 6 3 3 6 6 6 6 6 6 3 6 3 6 6 6 3 6 6 3 10 3 10 6 3 6
split_gain=4.52392 1.6884 1.79632 1.54881 2.98208 2.67961 7.0725 2.04791 2.46243 1.9025 2.84961 2.66381 2.08528 1.77514 2.55137 2.59512 3.50851 1.73288 8.29097 2.43482 1.89463 2.09889 1.62105 2.42936 1.44317 1.40984 1.32174 1.75224 2.63045 2.03836
threshold=2.2950463294982915 0.009756329935044052 11.973258018493654 13.73842763900757 0.009569597430527212 15.160224437713625 49.500000000000007 43.500000000000007 25.224988937377933 18.586188316345218 16.651162147521976 17.719470977783207 18.853606224060062 16.36031532287598 49.500000000000007 15.463809490203859 48.500000000000007 24.571588516235355 22.442245483398441 22.074252128601078 47.500000000000007 20.594759941101078 12.818572998046877 46.500000000000007 0.0039761590305715808 192.50000000000003 0.015881994739174846 8.8021216392517108 41.500000000000007 9.3855566978454608
decision_type=2 2 2 2 2 2 2 2 2 2 2 2 2 2 2 2 2 2 2 2 2 2 2 2 2 2 2 2 2 2
left_child=24 2 -2 4 22 6 -5 -7 9 10 13 -12 -11 14 15 -9 -17 18 19 20 21 -14 23 -4 25 -1 27 -3 29 -29
right_child=1 26 3 5 -6 7 -8 8 -10 12 11 -13 17 -15 -16 16 -18 -19 -20 -21 -22 -23 -24 -25 -26 -27 -28 28 -30 -31
leaf_value=0.039202199862607534 -0.0038487009278554019 0.0040403910770546829 0.0086348029889574632 -0.070255044849734036 0.038855362862973093 0.021962834260272894 0.029509809382458715 0.018390003242365154 -0.029237707172023203 0.03992348103176889 -0.065425767146195205 -0.0017999962804238767 0.0064088668163084757 0.038369665941674555 0.03298874217863771 -0.069683625486462633 0.0054462526401683406 0.031288347182131034 -0.06902785693647201 0.043653464164621313 0.019650299958329721 -0.032125455922006843 0.014567618648448086 -0.055802099539116114 -0.015833306303150409 -0.022144909511609398 0.0050441430259239506 -0.018873779808093655 -0.029781792833401169 -0.00084247183383348166
leaf_weight=1.5562210480638889 37.760066142185678 175.3158926122851 3.1470219958573642 2.8402876120817373 10.247917209751902 18.191008495603455 2.5166861787438393 2.5964046372100729 4.3796564037911585 4.8243706766515961 2.3052184011612544 3.3914359677582979 9.1803591307252734 2.3186649321578434 2.4756030850112438 2.4326120929908939 2.5940665435045958 5.250416623428463 2.627818565350025 3.8236780986189833 10.379286475479601 4.498131623491644 11.906453192699699 1.4182238159701226 51.941038604451023 0.67940608098069777 114.85833124566125 14.934175630187381 7.0807111095054998 972.24311097880127
leaf_count=527 1269 1567 24 116 51 155 15 25 110 15 62 42 94 18 8 59 12 26 78 9 40 28 87 48 163325 4215 1398 194 261 14997
internal_value=-3.43173e-12 0.00053964 0.00552083 0.00864857 0.018973 0.00528382 -0.0261166 0.00764593 0.00323876 0.0061111 -0.00709657 -0.0334721 0.012035 0.00659646 -0.00349852 -0.0177993 -0.0364417 0.00728885 0.00229681 0.0111764 0.00447849 -0.00758834 0.00508726 -0.0178129 -0.0140496 0.0194767 -5.02049e-05 -0.000554378 -0.00136781 -0.00113408
internal_weight=1489.71 1435.54 151.105 113.345 26.7196 86.6257 5.35697 81.2687 63.0777 58.6981 18.114 5.69665 40.5841 12.4174 10.0987 7.62308 5.02668 35.7597 30.5093 27.8815 24.0578 13.6785 16.4717 4.56525 54.1767 2.23563 1284.43 1169.57 994.258 987.177
internal_count=188875 20808 2391 1122 210 912 131 781 626 516 226 104 290 122 104 96 71 275 249 171 162 122 159 72 168067 4742 18417 17019 15452 15191
is_linear=0
shrinkage=0.05


Tree=90
num_leaves=31
num_cat=0
split_feature=3 10 10 10 3 3 10 10 4 10 5 3 5 5 4 7 10 3 3 3 3 3 4 3 10 3 3 7 3 10
split_gain=3.56798 1.96027 1.51746 1.42478 2.40949 1.31781 1.30763 1.06947 0.936753 2.12534 1.06679 1.10776 0.961789 2.53938 0.915308 1.19619 0.835808 1.17635 1.34096 1.06822 1.14526 0.971246 0.719895 0.698658 0.692213 0.683255 0.75593 0.616848 0.576366 0.519076
threshold=99.500000000000014 0.009756329935044052 0.0039761590305715808 0.0063092110212892303 49.500000000000007 192.50000000000003 0.011428944766521456 0.010811126790940763 29.500000000000004 0.023384617641568187 14.500000000000002 38.500000000000007 40.500000000000007 37.500000000000007 25.500000000000004 0.53085750341415416 0.015881994739174846 13.500000000000002 3.5000000000000004 5.5000000000000009 6.5000000000000009 7.5000000000000009 73.500000000000014 35.500000000000007 0.026716330088675026 8.5000000000000018 31.500000000000004 0.55700722336769115 33.500000000000007 0.0075472774915397176
decision_type=2 2 2 2 2 2 2 2 2 2 2 2 2 2 2 2 2 2 2 2 2 2 2 2 2 2 2 2 2 2
left_child=1 3 5 -1 -5 -2 -4 23 -9 10 -10 16 13 -13 24 -16 19 18 -18 -12 -21 -22 -19 28 -8 -23 -27 -17 -3 -6
right_child=2 7 6 4 29 -7 14 8 9 -11 11 12 -14 -15 15 27 17 22 -20 20 21 25 -24 -25 -26 26 -28 -29 -30 -31
leaf_value=0.042021495523835946 0.036481883406587971 -0.0020895566641245858 -0.028762925353125909 0.0070028731043191702 -0.031768741397393441 -0.022251282014088609 -0.03771537032820093 0.017807472345425436 0.026374210501359276 -0.04755217363235005 -0.0049134364270054971 -0.045508107065615172 -0.049042430632251249 0.030413796637515422 -0.014062933079157267 0.021816946452712007 0.0038878353906327198 0.00085552138393461721 -0.029772265234720097 0.0073461735442733106 -0.0094420432051443223 0.0056284016383612552 0.030686798166219914 -0.0017712132829990701 0.0045117474183047233 -0.0004717854224428342 0.0070068769738666136 -0.018681153728326828 -0.012511637360496083 -0.0081934699544591576
leaf_weight=1.6621293763655547 1.6195712829303368 22.694570328108966 15.794459260567239 140.81760420447426 2.3020317551981835 0.68143629084806878 2.4018908238776926 6.6274859254481262 2.9163390401809002 1.3229377125971939 102.94213906863297 0.91408463002881069 1.1169355094534683 1.5979049652814867 5.8217678213404707 4.7115902607620228 94.017166975958389 3.0174758748034947 2.06161455286201 55.29703152111324 25.503161754269968 54.694382100715302 5.517028864938764 145.75571332248364 1.0846609350992364 705.32772566672065 34.486735967213463 0.33545196313207259 32.60268854800961 12.434497462763829
leaf_count=543 527 543 100868 3763 14179 4215 13332 54 14 83 1641 53 58 5 14677 594 1093 37 22 543 546 544 36 3794 301 12489 539 183 1085 12514
internal_value=-2.28463e-09 0.000370768 -0.0161454 0.00562534 0.00497051 0.0176167 -0.0192049 -0.000269313 0.0003459 0.000223586 0.00032516 0.000231051 -0.0241771 -0.00230474 -0.00750034 0.000314068 0.00033508 0.00456082 0.00286633 -0.000121014 0.000447571 -2.60137e-05 0.0213355 -0.00361228 -0.026501 0.000287723 -0.000114177 0.0164811 -0.0083474 -0.013661
internal_weight=1488.08 1455.63 32.4508 157.216 155.554 2.30101 30.1498 1298.41 1097.36 1090.73 1089.41 1086.49 3.62893 2.51199 14.3554 10.8688 1082.86 104.613 96.0788 978.251 875.309 820.012 8.5345 201.053 3.48655 794.509 739.814 5.04704 55.2973 14.7365
internal_count=188875 54178 134697 30999 30456 4742 129955 23179 17757 17703 17620 17606 116 58 29087 15454 17490 1188 1115 16302 14661 14118 73 5422 13633 13572 13028 777 1628 26693
is_linear=0
shrinkage=0.05


Tree=91
num_leaves=31
num_cat=0
split_feature=6 10 6 6 6 6 6 3 3 6 6 10 3 6 3 3 6 6 10 3 3 6 10 10 3 3 6 10 10 6
split_gain=4.15895 1.85246 2.53298 1.90901 1.82746 1.80289 4.64366 6.04042 3.22252 2.38019 4.69667 3.95151 6.16179 4.14212 2.77529 5.58622 2.23987 3.83983 2.6266 1.85172 1.6375 7.70225 6.44886 1.75613 1.62828 2.30662 3.16246 8.66453 7.57609 5.23349
threshold=2.2950463294982915 0.009756329935044052 11.973258018493654 11.973258018493654 12.204383850097658 28.46920204162598 28.222184181213382 12.500000000000002 40.500000000000007 30.485410690307621 31.277459144592289 0.014718532562255861 3.5000000000000004 29.726751327514652 15.500000000000002 16.500000000000004 29.424094200134281 29.726751327514652 0.013923869002610447 11.500000000000002 25.500000000000004 29.726751327514652 0.010929288342595102 0.012270400300621988 6.5000000000000009 21.500000000000004 18.853606224060062 0.010152545757591726 0.011050061322748663 20.829440116882328
decision_type=2 2 2 2 2 2 2 2 2 2 2 2 2 2 2 2 2 2 2 2 2 2 2 2 2 2 2 2 2 2
left_child=-1 2 -2 -3 -4 6 24 -8 9 11 -11 14 13 -13 16 -16 19 18 -18 -7 23 22 -22 -17 -5 -26 28 29 -27 -28
right_child=1 3 4 5 -6 8 7 -9 -10 10 -12 12 -14 -15 15 20 17 -19 -20 -21 21 -23 -24 -25 25 26 27 -29 -30 -31
leaf_value=-0.013598624963283965 -0.0054058414616256177 0.003164943681654632 0.036227006556118692 0.0031199539809497207 0.0078676421871627551 0.0092744877540617207 0.011796596354491986 -0.075224852727547475 -0.053236847441094776 -0.037075202512210373 0.00035868034026286313 -0.047422709422227677 -0.069415112117583333 0.035847676144705562 -0.064212049233965868 0.047351594885247296 -0.063404174922354312 0.023936854859499011 0.0076095427271679608 0.04866304854707975 0.017746858116463444 -0.067460741352394937 -0.06212516718587429 0.0064022403854595514 -0.010086962110897491 0.0010989829879784112 0.0097927680619342723 0.0063432641452679326 -0.029284704968824345 -0.06595522111806619
leaf_weight=53.171962724996774 37.551809352858982 329.96861208938935 5.1158728348091236 90.428454307373613 107.96545240809792 4.8472666129237068 2.9282407333084839 3.9808420487679541 1.7404028447344888 7.556064106989651 404.52702831568604 1.1850098611903357 2.9748372011526953 3.8954600705765188 1.8000555522739876 3.9936590632423741 1.5964005589485162 11.163493715226648 2.2339211588259786 10.059723936952649 27.22048146720045 2.5037797056138507 1.7974702389910806 6.2876466102898121 116.93130323803052 63.580516180591076 3.0483209267258626 135.98743797111092 29.243133030831814 5.9500198092209757
leaf_count=168067 1269 3058 29 941 1093 62 50 98 97 276 6856 56 147 48 22 15 16 65 34 54 293 66 43 53 2071 1081 50 1958 663 244
internal_value=6.88081e-10 0.000515488 0.00574054 -0.000104652 0.00945695 -0.00124548 -0.0035251 -0.0415147 0.000837777 0.00113567 -0.000415808 0.00888468 -0.0225329 0.0118201 0.012584 0.00434906 0.0240632 0.00945002 -0.0289865 0.0372434 0.00873253 0.0027878 0.0108945 0.0250959 -0.00284377 -0.00436851 -0.00152627 0.00308387 -0.00868319 -0.0418815
internal_weight=1481.23 1428.06 150.633 1277.43 113.081 947.461 452.078 6.90908 495.383 493.642 412.083 81.5592 8.05531 5.08047 73.5039 43.6031 29.9008 14.9938 3.83032 14.907 41.803 31.5217 29.018 10.2813 445.169 354.741 237.809 144.986 92.8236 8.99834
internal_count=188875 20808 2391 18417 1122 15359 7156 148 8203 8106 7132 974 251 104 723 492 231 115 50 116 470 402 336 68 7008 6067 3996 2252 1744 294
is_linear=0
shrinkage=0.05


Tree=92
num_leaves=31
num_cat=0
split_feature=6 10 3 7 7 10 7 3 6 6 3 3 6 6 10 6 6 3 6 6 6 6 6 10 10 6 6 6 6 6
split_gain=4.08344 1.21905 1.24603 1.11878 1.48216 2.10493 1.15366 1.06057 1.45024 1.77502 6.80741 1.46193 1.3904 2.15701 3.35138 3.08469 1.72977 3.47381 6.86551 3.1338 2.46726 6.03923 2.28275 1.39214 3.12746 1.66563 2.969 1.41617 1.36144 1.8378
threshold=2.2950463294982915 0.0039761590305715808 192.50000000000003 0.52635166049003612 0.48541562259197241 0.022073076106607917 0.45292907953262335 42.500000000000007 9.1301374435424822 9.3855566978454608 4.5000000000000009 41.500000000000007 11.973258018493654 13.522763252258303 0.0093898782506585139 13.250360488891603 20.280011177062992 48.500000000000007 15.160224437713625 22.755928993225101 18.853606224060062 19.662629127502445 16.130861282348636 0.0094788861460983771 0.0096620614640414732 31.277459144592289 24.167681694030765 25.224988937377933 18.586188316345218 15.906307220458986
decision_type=2 2 2 2 2 2 2 2 2 2 2 2 2 2 2 2 2 2 2 2 2 2 2 2 2 2 2 2 2 2
left_child=1 2 -1 4 6 -6 7 8 -2 10 -10 -11 -9 14 15 -14 17 18 -15 -18 28 -22 -19 27 -25 26 -26 -21 29 -20
right_child=3 -3 -4 -5 5 -7 -8 12 9 11 -12 -13 13 16 -16 -17 19 22 20 23 21 -23 -24 24 25 -27 -28 -29 -30 -31
leaf_value=0.035675304707259672 0.0037317405054179543 -0.015164453636176549 -0.021775968757231423 0.019993847239508651 0.008148540210560053 -0.060035656239354362 0.018905853543292533 -0.0033342850317898119 0.03047061050782017 -0.00053791036971094605 -0.067044639776371137 -0.02331522997866119 -0.056321982846854718 -0.071757056489973089 0.029424067497644753 0.015747252304646141 0.023254840655897124 0.029776974316780613 0.017279110739358835 0.023131801216145127 -0.072470051081397854 0.0051152975073328923 -0.011386738965090223 -0.052731211581899466 0.017668077689899798 0.028100017122711429 -0.057021818705761243 -0.015888904628487074 0.025714571105812434 -0.01271864625989666
leaf_weight=1.5927595206958352 205.07849543073098 50.792333876737757 0.66275876097461139 6.3312612883746615 1.7434619160630966 1.4066061619669197 7.4606828317046157 43.355873869288189 2.3643253054469815 1033.7603458570884 3.1380498707003426 6.0939306975051286 1.5896061463281537 3.0849260188842882 18.633498617913574 2.7287401277571917 22.36987925041467 10.09435928519815 7.3658656584302724 5.5076986721251178 2.9334069136530143 6.5935628768056631 4.2030981108546248 2.8396433105226588 2.2586022855248307 2.7651238292455673 1.3695006370544431 2.7577451821416616 5.2323544109240165 12.11036414351838
leaf_count=527 1787 163325 4215 50 35 28 62 1390 15 15977 91 251 69 129 99 13 98 54 66 28 51 57 36 117 38 19 21 57 15 155
internal_value=-1.74814e-11 -0.0134901 0.0172904 0.000511238 0.000410281 -0.0294277 0.000497399 0.000386526 -0.000102198 -0.00085719 -0.0269011 -0.000693666 0.00423567 0.00710765 0.0204812 -0.0163837 0.00356735 -0.00247353 -0.0104712 0.0112577 -0.00306906 -0.0233886 0.0177226 -0.00450747 -0.0170245 0.00382242 -0.0167542 0.00980291 0.00537062 -0.00108376
internal_weight=1478.22 53.0479 2.25552 1425.17 1418.84 3.15007 1415.69 1408.23 1250.44 1045.36 5.50238 1039.85 157.794 114.438 22.9518 4.31835 91.4861 51.6179 37.3205 39.8682 34.2356 9.52697 14.2975 17.4983 9.23287 6.39323 3.6281 8.26544 24.7086 19.4762
internal_count=188875 168067 4742 20808 20758 63 20695 20633 18121 16334 106 16228 2512 1122 181 82 941 563 473 378 344 108 90 280 195 78 59 85 236 221
is_linear=0
shrinkage=0.05


Tree=93
num_leaves=31
num_cat=0
split_feature=6 10 6 10 3 6 6 6 6 6 3 6 6 6 6 6 3 6 6 6 6 6 6 6 6 6 6 6 6 6
split_gain=3.97572 1.77 2.43801 2.31483 1.99556 1.96364 1.86456 1.79509 5.37379 1.79358 9.21459 2.1163 2.8507 2.33804 4.24232 1.77574 5.41416 3.43966 2.43489 2.36737 3.75275 2.16874 1.65039 3.06992 1.50528 2.8833 2.13573 2.47931 6.01651 1.72994
threshold=0.70710679888725292 0.0099504948593676108 22.755928993225101 0.009756329935044052 45.500000000000007 23.925033569335941 21.380851745605472 6.1512548923492441 8.1066393852233904 18.361026763916019 43.500000000000007 18.047428131103519 16.651162147521976 15.463809490203859 14.014347553253176 11.589940547943117 43.500000000000007 9.3855566978454608 10.470671176910402 12.204383850097658 13.250360488891603 12.818572998046877 0.29025129973888403 0.229654535651207 12.204383850097658 10.794119834899904 21.380851745605472 20.280011177062992 19.381326675415043 18.586188316345218
decision_type=2 2 2 2 2 2 2 2 2 2 2 2 2 2 2 2 2 2 2 2 2 2 2 2 2 2 2 2 2 2
left_child=22 2 4 5 6 -4 7 -2 -9 11 -11 12 13 14 15 16 17 -10 -19 -17 21 -21 23 -1 25 -6 27 28 29 -26
right_child=1 -3 3 -5 24 -7 -8 8 9 10 -12 -13 -14 -15 -16 19 -18 18 -20 20 -22 -23 -24 -25 26 -27 -28 -29 -30 -31
leaf_value=-0.015325273862240144 0.032150995623369247 -0.00024360967433376536 -0.046375539217183306 -0.044364175375523569 -0.0026505112046216351 0.0033615232961584172 0.035240893569298971 -0.059347221313805799 0.031632250311030549 -0.071473951580027756 0.015836654482459914 0.05153590156194246 -0.025213487043299978 0.034680683620429378 -0.054333578247392877 0.041439722881479568 -0.060262017541799343 0.0042189077246114976 -0.054389528114465936 0.0014490782719407075 0.029388799071839108 -0.058741415580857693 -0.029442285640464555 0.027574187354898 0.003945892762550164 -0.05621252927052494 -0.025824799277969102 0.03143561263483606 -0.064293606241634771 0.03377735005012622
leaf_weight=21.882839427848015 7.0997048990247995 1250.0594823514912 1.254753076704225 3.1884013172239056 27.435904118417969 15.747133559547363 7.1010589030920519 1.9423555122630194 8.6573910076258525 2.9948238423094145 11.475556143559514 2.5468687769025555 4.0788493041036409 10.215738645361851 1.5583613148191933 8.1396845122799295 2.0775732432812211 5.9044671545270822 1.458225271606352 3.5942497598007304 6.8168280064128339 1.5086154881864784 13.054132784742249 4.1464590199684599 28.65176796598098 1.7799628497887159 3.7080742605030528 9.1966546010225994 2.0321779437363139 4.944791571237146
leaf_count=81202 669 19668 86 179 31714 194 60 122 54 75 71 13 79 73 99 34 103 53 54 38 67 37 52838 729 334 110 25 28 39 28
internal_value=-1.34354e-10 0.000433488 0.00498271 -0.0110468 0.00699987 -0.00268136 0.0121498 0.00969246 0.00710221 0.0097181 -0.00568537 0.0136895 0.0110004 0.0143957 0.00845424 0.0123406 0.000809096 0.0118044 -0.0125046 0.022212 0.00689064 -0.0230551 -0.0155317 -0.00772408 0.00114499 -0.00766612 0.00649673 0.00967565 0.00335399 0.00918594
internal_weight=1474.25 1435.17 185.11 20.1903 164.92 17.0019 87.1704 80.0693 72.9696 71.0272 14.4704 56.5569 54.01 49.9311 39.7154 38.157 18.0977 16.0201 7.36269 20.0594 11.9197 5.10287 39.0834 26.0293 77.7493 29.2159 48.5335 44.8254 35.6287 33.5966
internal_count=188875 54106 34438 459 33979 280 1701 1641 972 850 146 704 691 612 539 440 264 161 107 176 142 75 134769 81931 32278 31824 454 429 401 362
is_linear=0
shrinkage=0.05


Tree=94
num_leaves=31
num_cat=0
split_feature=6 10 6 6 10 6 3 6 6 6 6 10 6 6 10 6 6 10 6 6 3 6 6 6 6 6 6 3 3 4
split_gain=3.80004 2.33568 3.03676 1.97618 1.61048 1.473 1.43987 4.2096 3.77102 1.76438 1.5956 1.32691 1.30577 1.2587 1.16022 1.06641 2.78444 2.52256 2.14309 1.85246 4.73228 2.60155 2.62598 1.5172 3.79349 1.1628 1.12962 3.86367 1.03914 1.02401
threshold=2.2950463294982915 0.0099504948593676108 22.755928993225101 20.594759941101078 0.009756329935044052 32.034280776977546 44.500000000000007 18.361026763916019 20.022215843200687 9.3855566978454608 4.6214363574981698 0.0039761590305715808 2.5422707796096806 0.25098815560340887 0.0093898782506585139 11.973258018493654 9.3855566978454608 0.0098524559289217013 12.204383850097658 15.463809490203859 43.500000000000007 13.73842763900757 14.014347553253176 10.234188556671144 10.470671176910402 15.906307220458986 17.427235603332523 43.500000000000007 49.500000000000007 9.5000000000000018
decision_type=2 2 2 2 2 2 2 2 2 2 2 2 2 2 2 2 2 2 2 2 2 2 2 2 2 2 2 2 2 2
left_child=11 2 3 6 5 14 7 15 -9 10 -8 13 -3 -1 -4 16 -2 23 -17 20 21 -20 -23 -18 -25 -21 27 -27 -12 -14
right_child=1 12 4 -5 -6 -7 9 8 -10 -11 28 -13 29 -15 -16 18 17 -19 19 25 -22 22 -24 24 -26 26 -28 -29 -30 -31
leaf_value=0.037539180979704878 0.020052981012042777 0.020481565223075083 0.0093810272333314845 0.023656024856930621 -0.040728617206384668 0.021170867900303772 0.015594590516042436 -0.065096106073301171 0.0087820275442007639 0.0045391014520598655 -0.034016363856962682 -0.014864701752695454 0.025736359546250039 -0.020975681571934648 -0.020618614154012362 0.051829548402955755 -0.063942680303911342 0.014093919916891545 -0.060709433458695256 0.04128204528348553 0.029966824794825382 0.037966498185330988 -0.040515287811403282 0.024797025208657866 -0.057892981292049062 -0.045643875814812745 0.026312358051884546 0.029788915670423296 0.0079295481882920606 -0.00048117657495751437
leaf_weight=1.5526815942866954 16.325793135678399 6.5306914537213734 3.8642450771294596 17.415005532457144 2.9871576637960962 3.2763040270656338 2.2474269179292596 2.2558165807276955 3.2421411750838161 66.850145224059816 6.6364616036225907 50.134321900335635 2.7359726107679299 0.64605559507435817 10.060902709141372 4.2708973400294807 1.4980075964704136 4.3409772034501657 2.5187109347898531 6.1306206360459354 4.9123624730855227 1.4700146783143284 0.88530054898001243 2.4758001361042266 1.3435401418246327 2.0608959331875649 5.8645388334989548 2.8256932751683053 1.4200413205253424 1231.7407144209647
leaf_count=103 215 66 38 115 179 34 343 73 23 822 375 163325 13 4639 208 8 37 39 65 24 48 15 63 19 60 54 37 22 83 17730
internal_value=-5.92009e-10 0.000492393 0.00584566 0.00820215 -0.0120011 -0.00504882 0.00611939 0.0117025 -0.0268833 0.00151043 -0.0168023 -0.0131025 -0.000275985 0.0191633 -0.0122229 0.0158291 0.00791187 -0.0125666 0.0220226 0.0155482 -0.00176611 -0.0334055 0.00518411 -0.0331174 -0.010268 0.0251229 0.0131795 -0.00437399 -0.0265638 -0.000402287
internal_weight=1470.52 1418.19 177.179 156.99 20.1886 17.2015 139.575 62.4211 5.49796 77.1541 10.3039 52.3331 1241.01 2.19874 13.9251 56.9232 25.9841 9.65833 30.939 26.6681 9.78639 4.87403 2.35532 5.31735 3.81934 16.8817 10.7511 4.88659 8.0565 1234.48
internal_count=188875 20808 2999 2540 459 280 2425 802 96 1623 801 168067 17809 4742 246 706 370 155 336 328 191 143 78 116 79 137 113 76 458 17743
is_linear=0
shrinkage=0.05


Tree=95
num_leaves=31
num_cat=0
split_feature=6 10 6 6 10 6 10 10 10 6 6 6 6 6 6 6 6 6 6 6 6 6 6 6 10 10 6 6 6 10
split_gain=3.64107 2.68158 2.21831 2.94665 1.71204 1.40069 1.17089 2.9097 2.36908 2.1339 3.56468 6.4003 2.34352 5.05994 3.71241 1.85106 3.77897 1.8454 3.62348 1.56831 1.53733 6.86994 2.43983 3.35647 6.97525 6.8747 5.39801 3.2944 2.81976 2.93709
threshold=2.2950463294982915 0.0099504948593676108 25.224988937377933 31.277459144592289 0.0039761590305715808 0.25098815560340887 0.013423423748463394 0.013245614245533945 0.013539358973503115 5.824183702468873 11.018282413482668 17.427235603332523 29.424094200134281 33.850103378295906 26.817957878112797 40.578989028930671 40.450315475463874 36.820848464965827 36.494224548339851 18.361026763916019 24.167681694030765 23.637259483337406 15.160224437713625 18.853606224060062 0.012270400300621988 0.010811126790940763 23.119680404663089 18.361026763916019 19.061475753784183 0.01197647722437978
decision_type=2 2 2 2 2 2 2 2 2 2 2 2 2 2 2 2 2 2 2 2 2 2 2 2 2 2 2 2 2 2
left_child=4 2 -2 -4 5 -1 7 20 9 -8 -11 -12 14 -14 19 16 17 18 -9 -13 21 22 -3 25 28 27 -26 -24 -25 -30
right_child=1 6 3 -5 -6 -7 8 15 -10 10 11 12 13 -15 -16 -17 -18 -19 -20 -21 -22 -23 23 24 26 -27 -28 -29 29 -31
leaf_value=0.0413184656533458 0.0075453822005367753 0.00078891839281483914 -0.049927134663091212 0.0056501817733451351 -0.014896507487869094 -0.020800470813891591 -0.029395266585140689 -0.020581790978010498 0.00029879379313876663 0.04123035717184366 -0.062005280739262161 0.026872402288193344 -0.046650397861012716 0.012570228442864699 0.046965447838716173 -0.057873599440809755 0.045697439391665332 -0.058651906550439739 0.049779755264982711 -0.025035211774717115 0.0014494029248385517 -0.061549758052157857 -0.063432284906246209 0.035091011926361569 -0.052898390875326988 -0.0069284139422088886 0.025526067967401783 0.0019298446829846439 -0.0047229402880442578 0.020481989910791323
leaf_weight=1.6566325586172745 166.97738974891763 204.11770398056251 3.0262531796470267 5.4172653420828283 49.973767160707212 0.63631752197943559 2.1010783221572629 14.51947325452057 538.86674150214822 8.640287773931048 2.1277786147838915 1.3089426849037398 3.3018282046541598 21.435123898729216 8.330663978122173 1.8759742956608523 1.4897605553269375 1.7934705614097755 1.1150046298280365 3.0625775168155087 295.98072349774884 4.0206444561481467 8.9529487169347686 5.6280885078012934 9.0164593878580472 33.602872910603764 2.1544511141255489 2.3191126948222509 51.420657777089218 13.829147457727229
leaf_count=103 2753 2544 134 112 163325 4639 23 331 7079 39 48 12 72 204 30 71 4 70 5 57 4704 158 298 55 345 609 25 38 850 138
internal_value=6.57353e-12 0.00048228 0.00625035 -0.0174469 -0.0128335 0.0229982 -0.000337431 -0.00179627 0.00127687 0.0115433 0.0138887 0.0070489 0.0124844 0.00316015 0.0290872 -0.01976 -0.0132646 -0.020511 -0.0128729 -0.00738351 -0.00117401 -0.00348885 -0.00260043 -0.00801472 -0.00193376 -0.0188485 -0.0369187 -0.0509232 0.00401705 0.000847562
internal_weight=1468.7 1416.43 175.421 8.44352 52.2667 2.29295 1241.01 651.836 589.175 50.3083 48.2072 39.5669 37.4391 24.737 12.7022 20.7937 18.9177 17.4279 15.6345 4.37152 631.043 335.062 331.041 126.924 82.0488 44.8749 11.1709 11.2721 70.8779 65.2498
internal_count=188875 20808 2999 246 168067 4742 17809 10245 7564 485 462 423 375 276 99 481 410 406 336 69 9764 5060 4902 2358 1413 945 370 336 1043 988
is_linear=0
shrinkage=0.05


Tree=96
num_leaves=31
num_cat=0
split_feature=6 3 10 6 6 6 6 6 10 6 6 6 3 3 3 6 3 6 6 6 6 6 3 6 6 10 6 10 10 6
split_gain=3.55312 1.95455 1.67513 1.64746 2.72205 2.00274 1.91044 2.34708 2.23158 2.86403 2.02176 1.81512 1.66288 1.6396 4.43801 2.76878 1.61137 1.49426 4.5294 1.58867 1.57211 1.54755 1.46496 1.35379 1.33546 6.17744 1.86176 4.56098 4.00798 12.3356
threshold=2.2950463294982915 37.500000000000007 0.0039761590305715808 11.589940547943117 12.204383850097658 3.6468113660812382 13.250360488891603 13.012989997863771 0.0094788861460983771 12.486545562744142 15.160224437713625 12.818572998046877 41.500000000000007 40.500000000000007 38.500000000000007 10.794119834899904 40.500000000000007 32.034280776977546 29.726751327514652 32.305309295654304 45.787614822387702 44.856470108032234 192.50000000000003 11.018282413482668 18.047428131103519 0.0099504948593676108 21.380851745605472 0.0093025267124176043 0.009756329935044052 28.46920204162598
decision_type=2 2 2 2 2 2 2 2 2 2 2 2 2 2 2 2 2 2 2 2 2 2 2 2 2 2 2 2 2 2
left_child=2 -2 22 5 -5 12 7 8 -6 -10 16 -11 -3 14 23 -15 -8 18 24 -19 21 -21 -1 -7 25 -12 -26 -28 -29 -30
right_child=1 3 -4 4 6 13 10 -9 9 11 17 -13 -14 15 -16 -17 -18 19 -20 20 -22 -23 -24 -25 26 -27 27 28 29 -31
leaf_value=0.039078244532158267 -0.00037704425728961154 0.040350861051331795 -0.014763790165174432 0.028592361575811048 0.021976418597543155 -0.016750373717120272 0.038964139549434763 -0.052037354915821434 -0.058692377232559281 0.016084688734240384 0.0044205925885391897 -0.030063428456814006 -0.0088271014644878461 0.001177700939006667 -0.065622096886116643 -0.051106481839926804 0.010711994398781932 0.040598268806289133 -0.043490795463949655 0.007482349512212604 0.031604697315345209 -0.048450723653631768 -0.022380714183563424 0.024626439339450832 0.015042263444041405 -0.060675044839846294 -0.062869438755554313 0.020566332174588229 -0.057327088007931008 0.020408152331262839
leaf_weight=1.9088610649214381 1165.7319806425294 3.7150703573715864 50.04787432267949 12.542136612348257 5.055353624280543 3.2717025994497799 6.8550743209198144 1.8602481358684606 1.8716337403748164 5.1510678615886718 27.027919224667134 2.2601111456751823 2.2255565403611399 49.963373441394651 2.8524192408076487 1.6653623894235341 17.593183912722452 4.6167791886255127 4.0951320971362284 2.5245849527418618 1.771193580701947 1.0715023889206348 0.67541908642488113 2.6935717798769474 43.069585684686899 3.1945961548481128 1.6900678230449546 18.48343423451297 7.5353580229275421 11.815616862149907
leaf_count=527 16671 32 163325 100 55 54 60 51 37 32 301 36 325 1071 140 132 259 26 163 44 13 25 4215 9 375 130 31 206 306 124
internal_value=-9.5956e-10 0.000479395 -0.012632 0.00451523 0.0069868 -0.00219344 0.00520937 -0.0106626 -0.00225191 -0.0163005 0.006967 0.000110317 0.0233098 -0.00503845 -0.0237731 -0.00144783 0.0198535 0.00434841 0.00266745 0.0219974 0.00213421 -0.0160993 0.0212528 0.00278624 0.00471034 -0.00418311 0.00797571 9.41546e-05 0.00445323 -0.0111918
internal_weight=1464.84 1412.2 52.6322 246.472 180.085 66.3871 167.542 16.1984 14.3382 9.28281 151.344 7.41118 5.94063 60.4464 8.81769 51.6287 24.4483 126.896 116.912 9.98406 5.36728 3.59609 2.58428 5.96527 112.817 30.2225 82.5941 39.5245 37.8344 19.351
internal_count=188875 20808 168067 4137 2374 1763 2274 211 160 105 2063 68 357 1406 203 1203 319 1744 1636 108 82 69 4742 63 1473 431 1042 667 636 430
is_linear=0
shrinkage=0.05


Tree=97
num_leaves=31
num_cat=0
split_feature=6 3 10 6 6 6 6 10 6 6 3 10 6 10 3 6 5 10 3 6 6 3 6 6 6 6 10 3 10 3
split_gain=3.43112 1.89848 1.78239 1.59122 3.89988 1.69633 3.86756 5.4178 2.65712 1.74924 1.66432 3.37413 1.4889 3.70475 1.52735 2.39741 1.46812 2.00775 5.14323 2.74905 2.30148 1.83307 1.44553 1.2846 2.89395 2.69587 2.60535 1.81924 2.44207 2.6424
threshold=0.70710679888725292 37.500000000000007 0.0039761590305715808 32.034280776977546 29.726751327514652 22.755928993225101 28.46920204162598 0.0098524559289217013 11.589940547943117 12.204383850097658 44.500000000000007 0.0094788861460983771 20.594759941101078 0.010050504934042694 38.500000000000007 14.561655044555666 40.500000000000007 0.0099504948593676108 38.500000000000007 9.6654934883117694 10.794119834899904 43.500000000000007 22.074252128601078 42.76966857910157 42.525291442871101 40.993413925170906 0.010582306887954475 13.500000000000002 0.012385687325149776 32.500000000000007
decision_type=2 2 2 2 2 2 2 2 2 2 2 2 2 2 2 2 2 2 2 2 2 2 2 2 2 2 2 2 2 2
left_child=2 23 -1 4 5 8 7 -7 16 10 -10 -12 14 -14 15 -11 -3 20 19 -19 21 -18 -15 24 25 -2 -25 -28 29 -29
right_child=1 3 -4 -5 -6 6 -8 -9 9 12 11 -13 13 22 -16 -17 17 18 -20 -21 -22 -23 -24 26 -26 -27 27 28 -30 -31
leaf_value=0.02087219419042198 -1.4506609306924774e-05 0.017076670414110841 -0.01736121018811523 0.022423692936165095 -0.040886368948325369 -0.0047989471785066413 0.012623016788330201 -0.069219907931591829 0.036663009444400083 -0.012989618229699294 -0.050275838989594916 0.032362355791836356 0.027130584079920236 -0.053543235254682311 0.0032555276777095823 0.035070007295953977 0.012369976371135905 -0.045552388707816117 -0.06712184325295549 0.021744242971566477 -0.047760638817590947 -0.0061737987023541404 0.011206655750000164 -0.054453311450630162 0.023319057274867105 -0.01758052092528143 -0.022446456074218721 -0.026239273657541713 0.010514963405781879 0.017858136070398729
leaf_weight=2.4845764942183441 1086.9147524858781 7.9467560531193149 36.430715064643664 10.613661908544598 3.8731226634699842 11.690194618189709 12.922800306929274 3.620850096223875 9.4119245312176627 3.0112779212649903 1.1769430926069608 1.8660568362101912 18.964559226704299 1.3137037958949798 94.605704559180595 8.1719717457890493 21.527030380922952 1.0663696567062269 3.2257071472049574 4.7713114547659643 1.4881901792250563 31.664867047809821 0.90921292031271139 1.8847390571609128 12.046833055559544 21.289981296518818 10.794988531153647 11.49123655259609 22.145563896279782 3.8666795510798684
leaf_count=4245 16231 118 130524 108 163 230 129 169 45 41 46 9 143 37 1169 72 566 144 413 28 131 32136 13 82 141 739 390 347 209 57
internal_value=-1.57754e-09 0.00040491 -0.0144584 0.00431576 0.00343701 0.00432135 -0.00701265 -0.0233433 0.00586299 0.00986249 0.0271304 -0.00412943 0.00796995 0.0197933 0.00543879 0.0221251 -0.00194437 -0.00454281 -0.0250683 0.00458704 -0.000751526 0.00142074 -0.0317995 -0.000446228 -9.22287e-05 -0.000367517 -0.00819245 -0.00531927 6.55424e-05 -0.0147238
internal_weight=1463.19 1424.28 38.9153 253.842 243.229 239.355 28.2338 15.311 211.122 139.431 12.4549 3.043 126.976 21.1875 105.789 11.1832 71.6902 63.7435 9.06339 5.83768 54.6801 53.1919 2.22292 1170.43 1120.25 1108.2 50.1832 48.2985 37.5035 15.3579
internal_count=188875 54106 134769 35910 35802 35639 528 399 35111 1575 100 55 1475 193 1282 113 33536 33418 585 172 32833 32702 50 18196 17111 16970 1085 1003 613 404
is_linear=0
shrinkage=0.05


Tree=98
num_leaves=31
num_cat=0
split_feature=6 10 6 6 10 10 10 10 6 6 10 10 10 6 6 6 6 6 6 6 6 6 6 10 6 10 7 6 6 6
split_gain=3.33074 1.81602 1.74984 2.61616 1.31925 2.92637 1.31279 1.35591 1.08794 3.17451 1.45231 2.63395 1.4523 7.58128 5.38397 3.0668 4.14651 2.95714 6.36567 3.00224 2.34921 3.13303 4.1834 1.62721 2.77014 2.4012 0.983677 0.95665 2.54184 2.09909
threshold=2.2950463294982915 0.010256679728627207 11.589940547943117 12.204383850097658 0.009569597430527212 0.0094788861460983771 0.0039761590305715808 0.003960411762818695 14.014347553253176 15.906307220458986 0.010582306887954475 0.010695492848753931 0.010811126790940763 20.022215843200687 20.594759941101078 21.380851745605472 27.429511070251468 44.856470108032234 29.726751327514652 29.190890312194828 27.111596107482914 22.074252128601078 25.577019691467289 0.010695492848753931 28.46920204162598 0.010471491608768703 0.49752710759639746 22.442245483398441 32.034280776977546 29.726751327514652
decision_type=2 2 2 2 2 2 2 2 2 2 2 2 2 2 2 2 2 2 2 2 2 2 2 2 2 2 2 2 2 2
left_child=6 2 -2 4 5 -4 7 -1 26 10 -10 -12 13 -11 -15 -16 20 18 19 23 21 -17 -23 24 -18 -26 -3 -5 29 -29
right_child=1 8 3 27 -6 -7 -8 -9 9 12 11 -13 -14 14 15 16 17 -19 -20 -21 -22 22 -24 -25 25 -27 -28 28 -30 -31
leaf_value=-0.022799829918891599 -0.00318400423552412 0.0015473762008009842 -0.046566804407245532 0.0074197498192673907 0.036859063397613419 0.032133155046347305 -0.014198592390722024 0.035601211043620372 -0.052617304330740813 -0.062019271406659832 0.026080569379076296 -0.018426043415994631 -0.00013597764859115156 0.037799277031941025 -0.061055495598425172 0.02719626850931485 -0.067163754606498802 0.019175632590334876 -0.071612917115791583 0.019156370243153233 0.039286264255457691 -0.065142515566125089 0.0057329778137055571 0.007882290453492943 0.011865792231148156 -0.050296427739314732 0.020475688555538663 -0.0030833391967535098 0.018586617561938173 -0.039849539954870943
leaf_weight=0.6952491992069546 56.532048750523245 359.3839171183572 1.0387899060733607 122.64146554889885 9.2021725829690677 1.8091505318880081 49.428664436654799 1.8788713825269951 1.7425896486965964 4.9170064392965278 2.9120974088145912 25.473624843463767 719.21006393591233 6.2818423891440025 1.6270528677850951 5.5648785922676343 2.7286677109077662 3.6824479191564015 4.6034602439030996 5.4009432289749375 4.7330438077769932 2.1165947067638626 5.8473171414807439 2.6950960103567914 4.0062222583219409 1.2895116030704228 6.0077260634570839 30.682686932734214 11.256981418933718 3.4820431403350076
leaf_count=4215 1611 3409 46 1422 44 9 163325 527 72 253 36 504 11657 57 46 50 86 54 189 43 44 66 85 41 58 50 46 560 108 162
internal_value=4.38934e-11 0.000463236 0.00444821 0.00684808 0.0284572 -0.00121443 -0.0123046 0.0178617 -0.000345724 -0.00137256 -0.0170289 -0.013128 -0.000742519 -0.00846182 -0.00215356 -0.00852899 -0.00517371 -0.0183391 -0.025581 -0.00902069 0.01246 0.0010168 -0.0182696 -0.0236407 -0.0339283 -0.00885543 0.00191363 0.00513955 -0.00104434 -0.00785719
internal_weight=1458.87 1406.87 236.645 180.113 12.0501 2.84794 52.0028 2.57412 1170.22 804.832 30.1283 28.3857 774.704 55.4941 50.5771 44.2952 42.6682 24.4063 20.7239 16.1204 18.2618 13.5288 7.96391 10.7195 8.0244 5.29573 365.392 168.063 45.4217 34.1647
internal_count=188875 20808 3962 2351 99 55 168067 4742 16846 13391 612 540 12779 1122 869 812 766 521 467 278 245 201 151 235 194 108 3455 2252 830 722
is_linear=0
shrinkage=0.05


Tree=99
num_leaves=31
num_cat=0
split_feature=6 3 10 3 10 6 6 3 3 6 6 6 6 10 6 3 6 6 6 6 10 10 10 10 10 6 6 6 3 3
split_gain=3.23085 1.66571 1.2143 1.28239 1.04598 1.51395 3.67694 2.46233 2.35713 1.61141 1.28651 1.20964 2.4221 4.29814 1.93593 1.49036 4.77704 1.00961 1.15247 1.00428 0.93582 3.33451 0.949256 2.8405 1.11512 1.01148 1.00746 1.32134 1.60273 0.888642
threshold=2.2950463294982915 37.500000000000007 0.0039761590305715808 192.50000000000003 0.022421040572226051 9.1301374435424822 8.8021216392517108 40.500000000000007 42.500000000000007 6.504176378250123 4.1475377082824716 22.442245483398441 28.46920204162598 0.0098524559289217013 22.074252128601078 43.500000000000007 24.571588516235355 24.819429397583011 25.224988937377933 8.1066393852233904 0.0053050769492983827 0.0053619688842445621 0.0062696540262550124 0.0063092110212892303 0.009756329935044052 1.5870165824890139 0.70710679888725292 0.7240414321422578 5.5000000000000009 43.500000000000007
decision_type=2 2 2 2 2 2 2 2 2 2 2 2 2 2 2 2 2 2 2 2 2 2 2 2 2 2 2 2 2 2
left_child=2 -2 3 -1 5 6 7 -3 19 10 -10 14 13 15 -7 -13 -17 -18 -19 -9 -4 -22 -23 -24 -25 26 -26 -28 -29 -14
right_child=1 4 20 -5 -6 11 -8 8 9 -11 -12 12 29 -15 -16 16 17 18 -20 -21 21 22 23 24 25 -27 27 28 -30 -31
leaf_value=0.034356812078226079 -0.00033931532336097902 -0.048664077845541588 -0.033964913283437502 -0.022523844145686443 0.022851330312767378 0.0060095740845439692 -0.062738919704943455 0.0025253152483114042 -0.038640914540288999 -0.043138879980829194 0.0045137229400766298 0.014625041634286261 0.0099545281816211945 -0.062515519638159489 0.037410445784491042 -0.064630052961233531 0.027922586420093612 0.011191492156927834 -0.033293376080469998 0.033225105585110569 0.059117500591796879 -0.039556047969851273 0.038339435288554234 -0.028122087247101982 -0.011122618479125393 -0.039017545890252636 0.043031873974343167 0.013270501749193737 -0.036548057455293791 -0.017028881965041074
leaf_weight=1.8613973473875369 1159.643919353548 1.5051305425004162 4.5005269982248128 0.68549062386045978 6.3141604198171981 162.54942144207598 1.7011670905194467 4.7968971637892555 1.010065795489935 1.9134439953777462 11.333334091425057 5.8867036767769632 25.413416834315289 2.9390591958072028 4.1129165235324754 2.3374629782047105 2.4658788293600082 2.8080442920327187 1.4159992164932189 5.5341465914825676 0.65880421824840496 2.4305628588390382 1.7850095846370084 9.9778514604531647 21.499487974077063 1.5919337615850953 1.1737192964646954 4.2013373189256527 1.3458422338662783 2.5332195321097961
leaf_count=527 16671 105 33625 4215 63 2025 66 63 363 317 236 102 336 183 42 78 11 15 46 22 1078 15160 1080 62561 47733 241 9 24 1814 64
internal_value=5.36446e-11 0.000455237 -0.0121531 0.0170134 0.00417837 0.00359494 -0.00720026 -0.00139731 0.00328485 -0.00967987 -0.00164887 0.00503428 -0.00212631 -0.0160332 0.007003 -0.00352046 -0.0156315 0.00766682 -0.00723943 0.0204515 -0.0139731 -0.011259 -0.0136027 -0.011192 -0.0142994 -0.00891061 -0.00593509 0.0099506 -0.00255249 0.00700483
internal_weight=1457.93 1406.21 51.712 2.54689 246.57 240.256 27.7942 26.093 24.5879 14.2568 12.3434 212.462 45.7998 17.8531 166.662 14.9141 9.02739 6.68992 4.22404 10.331 49.1651 44.6645 44.0057 41.5752 39.7902 29.8123 28.2204 6.7209 5.54718 27.9466
internal_count=188875 20808 168067 4742 4137 4074 1172 1106 1001 916 599 2902 835 435 2067 252 150 72 61 85 163325 129700 128622 113462 112382 49821 49580 1847 1838 400
is_linear=0
shrinkage=0.05


Tree=100
num_leaves=31
num_cat=0
split_feature=6 10 6 6 6 6 6 3 3 6 6 6 6 6 6 6 6 6 6 6 6 6 6 10 4 7 6 6 6 6
split_gain=3.05818 1.62891 1.56725 2.7087 1.24161 2.63115 1.37857 3.07756 2.4549 1.96105 3.9701 1.5779 1.12225 5.65751 0.970042 2.06637 2.37057 1.77172 1.96494 1.93433 1.82508 1.09421 1.24921 0.864045 0.859067 1.06634 0.849411 1.16378 1.06861 1.40985
threshold=0.70710679888725292 0.0099504948593676108 0.29025129973888403 0.229654535651207 25.224988937377933 31.277459144592289 20.280011177062992 44.500000000000007 42.500000000000007 18.361026763916019 20.022215843200687 20.022215843200687 6.1512548923492441 8.1066393852233904 9.3855566978454608 11.973258018493654 12.204383850097658 15.463809490203859 15.906307220458986 14.014347553253176 18.047428131103519 13.73842763900757 12.818572998046877 0.011428944766521456 25.500000000000004 0.53085750341415416 9.3855566978454608 5.824183702468873 5.4190740585327157 4.6214363574981698
decision_type=2 2 2 2 2 2 2 2 2 2 2 2 2 2 2 2 2 2 2 2 2 2 2 2 2 2 2 2 2 2
left_child=2 4 3 23 6 -6 7 9 -8 12 -11 26 -2 -14 -15 -16 -17 19 -19 21 -20 22 -18 -1 -25 -26 27 28 29 -9
right_child=1 -3 -4 -5 5 -7 8 11 -10 10 -12 -13 13 14 15 16 17 18 20 -21 -22 -23 -24 24 25 -27 -28 -29 -30 -31
leaf_value=-0.026588102600400766 0.032540143932576676 -0.00026711814054748039 -0.027760976720216296 0.025582482351503778 -0.047765319669978712 0.006841242970360659 -0.028806721536512727 -0.0010166173254564537 0.018804064950055543 -0.059198717829013495 0.019906020147626019 -0.047386621819101894 -0.058432171942265743 0.030001282589268555 -0.0082969444023308202 0.049318670674735277 0.017420148625945268 0.042059499417254516 -0.0069518331507866645 -0.047034473328170387 0.032979540481234533 0.030714089044031136 -0.020269011428426284 -0.024490164117839681 -0.012174974877416575 0.017286839663520161 0.00069485959097956795 -0.032499591471471204 0.020355032931153774 -0.047802430866326601
leaf_weight=7.4042037861636407 6.6751239270270153 1237.6653434702021 12.388028207940804 4.4553889036615137 2.4552948861382893 5.5334600452333689 2.0817149612048516 7.1765777783930371 29.991326198680326 1.8750518881715823 2.7403508378192782 0.96490203868597646 1.7939360686141288 8.2599955172627215 9.6176857606042159 4.0290697207674411 2.7947677355259675 5.7456447100266841 7.6310501229600032 1.2108413462992746 3.3436009287834167 1.9124721791595218 4.3216281798668206 3.2765364888418835 5.4698725605376222 4.861919954084442 61.352816755264939 3.9221663629432433 2.6308489329385329 1.093223076633876
leaf_count=52129 521 19668 52838 729 134 112 121 31312 237 73 14 23 92 72 155 8 28 24 101 83 12 18 62 13625 14672 776 778 379 29 50
internal_value=-6.39146e-11 0.000379261 -0.0138389 -0.00627397 0.00482141 -0.0133885 0.00574415 0.00353305 0.0149363 0.011742 -0.0170502 -0.00312539 0.0143122 0.0113271 0.0150084 0.0113109 0.0174654 0.0111115 0.0207088 -0.00500819 0.00695205 0.00475579 -0.00514498 -0.013884 -0.00562484 0.00199117 -0.00195799 -0.0122883 -0.00289627 -0.011691
internal_weight=1454.67 1416.82 37.8559 25.4679 179.154 7.98875 171.165 139.092 32.073 61.9512 4.6154 77.1405 57.3358 50.6607 48.8668 40.6068 30.9891 26.96 16.7203 10.2397 10.9747 9.02887 7.1164 21.0125 13.6083 10.3318 76.1756 14.8228 10.9006 8.2698
internal_count=188875 54106 134769 81931 34438 246 34192 33834 358 1263 87 32571 1176 655 563 491 336 328 137 191 113 108 90 81202 29073 15448 32548 31770 31391 31362
is_linear=0
shrinkage=0.05


Tree=101
num_leaves=31
num_cat=0
split_feature=6 10 3 6 6 6 6 6 6 10 3 6 7 4 3 10 10 10 10 10 6 6 6 6 6 3 3 6 10 6
split_gain=2.91535 1.48114 1.15034 1.8398 3.77126 1.40538 2.5998 2.09459 1.66302 1.03186 1.17342 0.995036 0.954578 2.56578 1.15966 0.911894 3.01973 0.928 2.68459 1.05807 0.960192 0.890344 1.02065 0.877339 1.3175 1.54135 0.845942 3.68357 3.45571 1.6181
threshold=2.2950463294982915 0.0099504948593676108 44.500000000000007 24.167681694030765 31.277459144592289 18.586188316345218 16.130861282348636 17.719470977783207 25.224988937377933 0.0039761590305715808 192.50000000000003 2.5422707796096806 0.57062244415283214 48.500000000000007 13.500000000000002 0.0053050769492983827 0.0053619688842445621 0.0062696540262550124 0.0063092110212892303 0.009756329935044052 1.5870165824890139 0.73574799299240123 0.74124696850776683 0.70710679888725292 0.7240414321422578 5.5000000000000009 48.500000000000007 13.522763252258303 0.0093898782506585139 10.470671176910402
decision_type=2 2 2 2 2 2 2 2 2 2 2 2 2 2 2 2 2 2 2 2 2 2 2 2 2 2 2 2 2 2
left_child=9 2 3 -2 -5 6 26 -8 -7 10 -1 -3 13 14 -13 21 -17 -18 -19 -20 23 -11 -23 -21 -25 -26 27 29 -29 -4
right_child=1 11 5 4 -6 8 7 -9 -10 15 -12 12 -14 -15 -16 16 17 18 19 20 -22 22 -24 24 25 -27 -28 28 -30 -31
leaf_value=0.032318809632872002 0.011506413366072743 0.018024020946295939 -0.010192265894172938 -0.056737486208268906 0.014687875033294974 0.012065170075983518 -0.061997086241312394 -0.0036692048755225873 -0.022725391893413934 -0.042390892073354017 -0.022219243057069186 -0.0024398293093947508 0.022152634866347522 -0.00025453733256886876 -0.063952555846988571 0.055792302134734323 -0.039016134475216582 0.037373078279082782 -0.02742459878716251 -0.010431402250426531 -0.038091851874894507 0.04124163263574819 -0.020476905228923915 0.042502503290509225 0.012582256329160036 -0.036497753729453603 0.0081313353163947333 -0.070958284869336696 0.0016801075352935791 0.01271301858358136
leaf_weight=1.8199334609271312 71.293975178370601 6.460067427600733 12.723903579200853 2.144086360698565 3.7430143039673567 33.085980033851229 2.2480902643874279 3.1817957949824631 2.8957354584708801 3.4903101961954226 0.67009931927896094 1.2732945266179734 3.7190990881063035 1216.5247284183133 1.2974522645818067 0.68101196521092688 2.3247701735908768 1.7978044606570609 9.6072108477910643 21.135813054992475 1.5367565466294753 0.14276111863728136 0.66995413474251109 1.1582668892806385 4.1433932267245837 1.3292506849393246 19.142320770457445 2.6512097587838062 2.8867589054862037 16.671295422129333
leaf_count=527 994 66 406 125 75 214 73 39 81 26919 4215 19 21 17660 43 1078 15160 1080 62561 47733 241 109 6597 9 24 1814 655 66 65 206
internal_value=-2.96046e-10 0.000428924 0.00475122 0.00924932 -0.0157864 0.00105728 -0.00364774 -0.0337045 0.0087265 -0.0116829 0.0154808 -0.000181568 -0.000292397 -0.00037897 -0.042701 -0.0133786 -0.0106984 -0.0129938 -0.0106079 -0.0137056 -0.00845126 -0.0334553 0.00713507 -0.00554365 0.00936124 -0.0031358 -7.24753e-05 -0.0046691 -0.0386287 0.00278918
internal_weight=1452.45 1401.94 172.668 77.1811 5.8871 95.4871 59.5054 5.42989 35.9817 50.5073 2.49003 1229.27 1222.81 1219.1 2.57075 48.0173 43.7143 43.0333 40.7085 38.9107 29.3035 4.30303 0.812715 27.7667 6.63091 5.47264 54.0755 34.9332 5.53797 29.3952
internal_count=188875 20808 2999 1194 200 1805 1510 112 295 168067 4742 17809 17743 17722 62 163325 129700 128622 113462 112382 49821 33625 6706 49580 1847 1838 1398 743 131 612
is_linear=0
shrinkage=0.05


Tree=102
num_leaves=31
num_cat=0
split_feature=6 3 6 6 10 5 3 6 6 3 3 6 10 6 3 3 6 6 6 10 6 10 3 6 6 6 10 6 6 6
split_gain=2.72949 1.77582 1.38514 2.38102 0.893188 1.35403 0.81649 0.792433 2.76177 1.08755 2.61385 2.25136 1.9842 1.61335 0.873882 2.51593 0.843837 2.21886 1.78413 1.76557 0.867519 0.84727 1.73968 0.806315 2.84712 1.2433 3.48656 0.78635 3.33732 2.8812
threshold=0.70710679888725292 37.500000000000007 0.29025129973888403 0.229654535651207 0.022421040572226051 37.500000000000007 41.500000000000007 11.589940547943117 12.204383850097658 40.500000000000007 38.500000000000007 10.794119834899904 0.0096620614640414732 9.6654934883117694 44.500000000000007 45.500000000000007 13.250360488891603 13.012989997863771 13.522763252258303 0.0094788861460983771 12.818572998046877 0.0096620614640414732 38.500000000000007 32.034280776977546 29.726751327514652 32.305309295654304 0.010050504934042694 42.76966857910157 42.525291442871101 40.993413925170906
decision_type=2 2 2 2 2 2 2 2 2 2 2 2 2 2 2 2 2 2 2 2 2 2 2 2 2 2 2 2 2 2
left_child=2 27 3 -1 5 -3 -6 9 14 10 13 12 -11 -7 -9 -16 17 19 -18 -10 21 -21 -23 24 -20 -25 -27 28 29 -2
right_child=1 4 -4 -5 6 7 -8 8 16 11 -12 -13 -14 -15 15 -17 18 -19 23 20 -22 22 -24 25 -26 26 -28 -29 -30 -31
leaf_value=-0.013336206326817968 -0.00011316547799471863 -0.039485843957842909 -0.026604725550490163 0.023775763126135177 0.037972624997568274 -0.038898862385274506 0.0034044608664383323 0.034878629590668515 0.021713130234964222 -0.0044802338182778579 -0.054202360326053661 -0.045645494019254697 0.014680135952074444 0.014490422895620029 0.031863391073251118 -0.042549909645028146 0.024439519855293072 -0.049109522589293519 0.0036612899218295644 0.017261324374013617 -0.033238463413265203 0.018094175694301193 -0.037208195074281504 0.030082344489700225 -0.037608029094755621 -0.052238876040002151 0.021019848839984333 -0.0066204039739207509 0.025816639976489687 -0.018306127792432549
leaf_weight=20.597821219862457 1081.7312314866285 0.81477275129873206 11.916007388677825 4.4436994962743475 2.7091655177064231 0.85235148119681881 3.5717249877197901 9.0533476802520436 5.236623851116744 30.621466780419723 2.0981095078022918 1.4054109727585444 22.711404084129754 5.0201403546961956 1.7984206257387989 0.91372186504304398 10.033794827759264 1.6177837634459145 127.27579228416289 2.5673610400408489 2.2935339598916471 1.7009768921416255 2.2776323207654059 5.8095668163150531 3.3233200181275597 1.3306075525470076 4.3610011050477624 48.6980264429003 11.19934703898616 21.209506222046912
leaf_count=81202 16231 50 52838 729 7 143 61 45 55 32136 368 132 613 28 9 46 57 51 1733 14 36 13 42 26 163 43 39 1085 141 739
internal_value=9.47398e-11 0.000355377 -0.0132314 -0.00609046 0.00417497 0.00364167 0.0214824 0.00394838 0.0056302 -0.000880975 -0.0170273 0.00173344 0.00379908 0.00220881 0.0280746 0.00208464 0.00389978 -0.00683596 0.00504467 0.00095775 -0.0122951 -0.00152472 -0.0146794 0.00351397 0.00233332 0.0156615 -0.00135407 -0.000466708 -0.00019204 -0.000479281
internal_weight=1449.19 1412.24 36.9575 25.0415 249.398 243.117 6.28089 242.302 179.593 62.7089 7.9706 54.7383 53.3329 5.87249 11.7655 2.71214 167.828 15.6939 152.134 14.0761 8.8395 6.54597 3.97861 142.1 130.599 11.5012 5.69161 1162.84 1114.14 1102.94
internal_count=188875 54106 134769 81931 35910 35842 68 35792 2372 33420 539 32881 32749 171 100 55 2272 211 2061 160 105 69 55 2004 1896 108 82 18196 17111 16970
is_linear=0
shrinkage=0.05


Tree=103
num_leaves=31
num_cat=0
split_feature=6 3 6 6 6 6 6 3 6 6 3 3 10 7 4 10 6 6 10 6 6 6 6 5 3 10 6 3 10 10
split_gain=2.6072 1.88297 0.904637 0.833275 1.23514 2.02237 1.18444 1.19651 1.20561 1.52412 0.801615 1.0542 0.778013 0.819632 1.308 0.765932 0.952968 2.52287 0.931062 2.09615 1.93498 1.15854 2.73419 1.82575 0.848965 0.875884 2.81696 0.750388 0.72665 1.11897
threshold=2.2950463294982915 37.500000000000007 1.5870165824890139 0.70710679888725292 0.29025129973888403 0.229654535651207 0.74124696850776683 5.5000000000000009 0.92583191394805919 0.894496649503708 30.500000000000004 15.500000000000002 0.011428944766521456 0.46904338896274572 87.500000000000014 0.022421040572226051 11.589940547943117 12.204383850097658 0.0099504948593676108 11.018282413482668 10.794119834899904 9.9389123916625994 9.6654934883117694 40.500000000000007 43.500000000000007 0.0094788861460983771 6.1512548923492441 41.500000000000007 0.012385687325149776 0.014718532562255861
decision_type=2 2 2 2 2 2 2 2 2 2 2 2 2 2 2 2 2 2 2 2 2 2 2 2 2 2 2 2 2 2
left_child=2 -2 3 4 5 12 -5 -8 9 -9 11 -6 13 14 -1 16 18 -18 20 21 24 22 23 -20 -3 -26 -27 -17 -14 -30
right_child=1 15 -4 6 10 -7 7 8 -10 -11 -12 -13 28 -15 -16 27 17 -19 19 -21 -22 -23 -24 -25 25 26 -28 -29 29 -31
leaf_value=0.03008577044900404 -0.0004397223897673829 0.011043374476398554 -0.039926890251472287 0.028814336209680526 -0.034610397109708556 0.021205307822226318 0.012258148737787473 -0.028416421539755651 -0.041207928416494705 0.029105391596587704 -0.034952431983350518 0.0090572718076330511 0.0076770129028206104 -0.039487880121943965 -0.021804469272011281 0.036415780304428651 0.027283155565365591 0.0040259757893445032 0.0019727809211404755 0.0180388482653999 -0.043400722929296157 -0.057986855381267514 0.029851429795958957 -0.056247335075910211 0.0019713655187096014 0.0141051329346544 -0.054703381647457111 0.0032154646794641723 -0.036883179325575756 -4.3194855445303359e-05
leaf_weight=0.83949495262095331 1155.1918864308245 19.922757421372808 1.6916523068775848 2.1852325619256581 1.1001138450374108 4.4936369964998439 4.0802911444334296 1.1528302746428383 2.294970934628509 1.4864538293040821 7.3089105388062308 3.2071440917861764 5.6986717008239776 3.5298089850002725 2.6520440307831512 2.6689267689362159 11.595148237887768 167.6289948697522 2.1927190536953272 2.8042191637505312 1.3033070261008095 1.3900362256972583 1.7038725772872565 2.2389645876246491 21.3992762941125 2.4160974838305256 1.8823400657129239 3.5751216589269461 2.3771612688888126 5.2956755307750427
leaf_count=6623 16671 217 1987 1373 315 729 24 9625 18434 1855 51443 1080 7005 27506 18000 6 100 2272 52 29 131 46 14 167 874 35 137 57 13769 8299
internal_value=-5.58787e-11 0.000402505 -0.0111733 -0.00935478 -0.0129343 -0.00618366 0.00241561 -0.006222 -0.0209943 0.00307574 -0.0257604 -0.0065157 -0.012928 -0.0253275 -0.00540756 0.0043963 0.00388733 0.00567367 -0.00170593 -0.0145754 0.00137219 -0.0274187 -0.0133375 -0.0323812 0.00355479 -0.0024471 -0.0206644 0.0204745 -0.00510779 -0.0143935
internal_weight=1447.31 1397.91 49.3941 47.7024 36.5027 24.8865 11.1998 9.01455 4.93426 2.63928 11.6162 4.30726 20.3929 7.02135 3.49154 242.722 236.478 179.224 57.2536 10.3298 46.9238 7.52559 6.13556 4.43168 45.6205 25.6977 4.29844 6.24405 13.3715 7.67284
internal_count=188875 20808 168067 166080 134769 81931 31311 29938 29914 11480 52838 1395 81202 52129 24623 4137 4074 2372 1702 308 1394 279 233 219 1263 1046 172 63 29073 22068
is_linear=0
shrinkage=0.05


Tree=104
num_leaves=31
num_cat=0
split_feature=6 10 6 6 6 3 3 6 3 6 6 10 6 10 6 6 10 3 10 6 10 3 10 6 10 6 6 6 6 6
split_gain=2.47232 1.4301 1.45158 1.58989 2.16617 1.44555 2.74188 1.29399 1.98268 5.39962 1.83323 3.13375 2.74213 0.887461 1.33924 2.01666 2.802 5.00767 1.84321 1.66484 1.95014 4.62791 1.8082 1.80684 1.41702 5.17184 8.04335 4.27248 5.78494 5.53855
threshold=2.2950463294982915 0.009756329935044052 20.280011177062992 22.755928993225101 23.925033569335941 43.500000000000007 45.500000000000007 13.522763252258303 48.500000000000007 15.160224437713625 11.973258018493654 0.0093898782506585139 13.250360488891603 0.015881994739174846 8.8021216392517108 9.3855566978454608 0.010362972505390646 29.500000000000004 0.015418956056237222 8.1066393852233904 0.011050061322748663 12.500000000000002 0.012385687325149776 7.7992205619812021 0.015242683235555889 37.735746383666999 36.820848464965827 21.154217720031742 30.110941886901859 32.034280776977546
decision_type=2 2 2 2 2 2 2 2 2 2 2 2 2 2 2 2 2 2 2 2 2 2 2 2 2 2 2 2 2 2
left_child=-1 2 7 -4 -5 -6 -7 10 9 -9 -2 12 -12 14 19 16 -16 18 -18 23 -21 -22 -23 -3 -17 26 27 -26 -29 -30
right_child=1 13 3 4 5 6 -8 8 -10 -11 11 -13 -14 -15 15 24 17 -19 -20 20 21 22 -24 -25 25 -27 -28 28 29 -31
leaf_value=-0.010970145001597337 -0.00013387428954239749 0.0028170816303164513 0.022061059933479343 -0.04502652626463742 0.027580520696603845 -0.045028348658129512 0.010870959054694714 -0.067509743858253091 0.011260559777175405 -0.0035152935579673469 -0.054898029089053474 0.02754129591311813 0.012095944004023673 0.0040472483197706499 -0.06427953549161794 -0.00040292313545835749 -0.044475704102177646 0.024526205463180153 0.012050717260938613 0.03165679811567975 0.032860793411168869 -0.0050365979090800242 -0.056050644361450019 -0.021170384744320644 0.0039784144701741344 -0.03769691439376243 0.051537664991789613 -0.05224276545108042 0.028435703875174818 -0.023977001455927367
leaf_weight=48.598185576838659 34.625253812824667 144.10334159393824 21.365353551693261 1.2238152578938741 4.7720275293104342 1.9564829305745641 7.5662394766695797 2.7062088738748562 14.164334292523561 31.055098101831391 1.5443981736898447 17.372000827454031 3.1320003941655159 113.49198173486366 1.8358088887180191 869.30892741862044 5.9682547476550081 5.6536897937767208 1.3575727660208938 9.6650792483123968 5.7349827457219344 5.2310106139630079 1.7830283963703548 7.3038925122673382 37.52248394027265 10.935081105599236 5.3885542815551153 9.0373509238997958 6.8852104621473726 13.048228747211395
leaf_count=168067 1269 1280 98 86 44 77 73 129 90 344 69 99 13 1398 46 13782 117 27 13 66 23 53 51 94 356 402 39 278 99 293
internal_value=7.54127e-10 0.000389551 0.00513642 0.0135273 0.00115401 0.00779308 -0.00380152 0.00207755 -0.00392697 -0.0104394 0.00713528 0.0180614 -0.0158026 -0.000149574 -0.000570286 -0.00129726 -0.019007 -0.00846366 -0.0338114 0.00345803 0.0158693 0.00246878 -0.0233807 0.00152861 -0.00100204 -0.00721093 -0.00211963 -0.00716714 -0.0212538 -0.00537957
internal_weight=1444.34 1395.74 141.483 36.8839 15.5186 14.2947 9.52272 104.599 47.9256 33.7613 56.6737 22.0484 4.6764 1254.25 1140.76 966.941 14.8153 12.9795 7.32583 173.821 22.4141 12.749 7.01404 151.407 952.126 82.8169 71.8818 66.4933 28.9708 19.9334
internal_count=188875 20808 2391 378 280 194 150 2013 563 473 1450 181 82 18417 17019 15452 203 157 130 1567 193 127 104 1374 15249 1467 1065 1026 670 392
is_linear=0
shrinkage=0.05


Tree=105
num_leaves=31
num_cat=0
split_feature=6 3 10 3 10 10 6 6 10 10 10 10 10 3 6 6 6 6 3 3 6 6 6 6 6 6 6 6 6 7
split_gain=2.4369 1.81172 0.841942 1.0335 0.847909 2.78962 0.885222 0.994744 0.875299 2.48631 0.91661 1.04252 0.763909 2.27299 2.7895 2.59836 6.64396 1.58428 1.5756 1.52299 1.48442 4.24469 2.99098 2.60114 1.60212 4.19328 1.42103 2.5872 1.81739 1.41231
threshold=2.2950463294982915 37.500000000000007 0.0039761590305715808 192.50000000000003 0.0053050769492983827 0.0053619688842445621 0.73574799299240123 0.74124696850776683 0.0062696540262550124 0.0063092110212892303 0.009756329935044052 0.010152545757591726 0.013423423748463394 13.500000000000002 5.824183702468873 11.018282413482668 16.865219116210941 42.76966857910157 15.500000000000002 6.5000000000000009 29.424094200134281 33.850103378295906 26.817957878112797 17.719470977783207 23.637259483337406 22.755928993225101 42.525291442871101 39.577598571777351 40.790140151977546 0.45523397624492651
decision_type=2 2 2 2 2 2 2 2 2 2 2 2 2 2 2 2 2 2 2 2 2 2 2 2 2 2 2 2 2 2
left_child=2 12 3 -1 6 -6 -4 -8 -7 -10 -11 -12 18 17 -15 -16 -17 29 -2 -19 22 -22 23 -18 25 -25 27 -23 -29 -14
right_child=1 -3 4 -5 5 8 7 -9 9 10 11 -13 13 14 15 16 20 19 -20 -21 21 26 -24 24 -26 -27 -28 28 -30 -31
leaf_value=0.030028557530940549 -0.015200625189499654 0.0043207403325158161 -0.041836001658538874 -0.021554051411465741 0.053551871209477714 -0.038041204630198354 0.040833283902860708 -0.020150488865697553 0.036843182641318389 -0.026131306097408925 0.021734872411919102 -0.010695427562087002 0.00042699722893196576 -0.027895743904150335 0.03265501215498802 -0.06250888509221314 0.035764097495466454 -0.0040580378165083388 -0.0012094368262655641 -0.043521153236452975 -0.046663283110921494 0.01504271191721783 0.043165533332520718 -0.050112508131890048 -0.05432855908580192 0.040852568901856512 0.034818793347370029 -0.056984365437770093 0.00036234604230598802 -0.02886097905242864
leaf_weight=1.7606729202525451 19.886066440070863 240.91747398032749 3.202317007322562 0.63793120036098105 0.70184872926074504 2.1648622464290375 0.15181787486653764 0.65239661196210363 1.731352064607562 8.9750138381987181 1.7923148858608353 26.725918584801548 496.09036321079475 3.588717868551611 11.967715979990315 2.2259863588114959 2.0432021762244386 6.796305869240312 560.68248685905564 3.0381346852518618 2.5493297092616585 15.763662038254557 7.9504945231601596 1.272006054321537 1.2451315068174151 1.8640973363071678 4.3285546684637657 1.4165140250697721 3.196590369567275 3.1505639068782321
leaf_count=527 481 4137 26919 4215 1078 15160 109 6597 1080 62561 5259 44562 6364 54 60 57 13 180 8801 210 76 118 35 49 26 8 37 29 34 39
internal_value=-4.80208e-10 0.000387939 -0.0109021 0.0140043 -0.0124678 -0.00986594 -0.0323722 0.00761323 -0.0121793 -0.0098417 -0.0128986 -0.00798997 -0.000439674 0.000862444 0.0100322 0.0129185 0.00692469 -0.00022529 -0.00171399 -0.019141 0.0120166 0.00480977 0.0244792 -0.00134523 -0.0220814 0.000761541 0.0117299 0.00542589 -0.0242616 0.000184845
internal_weight=1438.47 1389.97 48.4964 2.3986 46.0978 42.0913 4.00653 0.804214 41.3895 39.2246 37.4932 28.5182 1149.06 568.487 59.412 55.8233 43.8556 509.075 580.569 9.83444 41.6296 27.2547 14.3749 6.42444 4.38123 3.1361 24.7053 20.3768 4.6131 499.241
internal_count=188875 20808 168067 4742 163325 129700 33625 6706 128622 113462 112382 49821 16671 7389 596 542 482 6793 9282 390 425 294 131 96 83 57 218 181 63 6403
is_linear=0
shrinkage=0.05


Tree=106
num_leaves=31
num_cat=0
split_feature=6 6 6 3 5 5 3 6 6 6 3 6 6 6 6 6 3 3 6 6 6 6 3 3 3 3 6 6 6 6
split_gain=2.29893 1.22601 2.1149 1.14433 0.730857 1.00942 0.92144 2.34581 2.43531 0.966173 1.05338 0.919887 9.19781 1.73041 3.72526 1.30729 2.35107 3.13832 1.61886 1.15412 2.47204 1.02626 1.41064 3.57806 1.01682 1.56084 1.87844 2.4711 1.42593 2.44249
threshold=0.70710679888725292 0.29025129973888403 0.229654535651207 37.500000000000007 6.5000000000000009 14.500000000000002 49.500000000000007 14.561655044555666 0.92583191394805919 0.894496649503708 162.50000000000003 15.906307220458986 16.36031532287598 17.427235603332523 16.651162147521976 11.589940547943117 46.500000000000007 47.500000000000007 13.73842763900757 22.755928993225101 23.637259483337406 10.470671176910402 47.500000000000007 38.500000000000007 48.500000000000007 43.500000000000007 10.234188556671144 5.4190740585327157 10.234188556671144 5.0148561000823983
decision_type=2 2 2 2 2 2 2 2 2 2 2 2 2 2 2 2 2 2 2 2 2 2 2 2 2 2 2 2 2 2
left_child=1 2 -1 -2 -5 -6 11 8 9 10 -8 15 -13 14 -14 21 -17 -18 -19 -15 -21 24 23 -23 25 -7 27 -27 29 -26
right_child=3 -3 -4 4 5 6 7 -9 -10 -11 -12 12 13 19 -16 16 17 18 -20 20 -22 22 -24 -25 28 26 -28 -29 -30 -31
leaf_value=-0.012683999839271244 -0.00034136535484669038 -0.025330515416657418 0.0222055854398681 -0.031009892952760649 0.026248891830416787 0.0086707719427694761 -0.030402886222980083 0.015270141460285653 -0.041414557454393021 0.031290440168888344 0.025963178815013727 -0.073979354754002163 0.011630187121702905 0.0092822307253672756 -0.056919105996970393 0.016424237742272484 -0.05705771090152903 0.021232323591466998 -0.016956177099845031 -0.048230236855317951 0.0016229807297531117 0.010445653109860467 0.014043099876823421 -0.061189788755650482 0.030689260914947482 -0.050067847183134423 -0.052781148632630275 0.0043528633320365929 0.050317849919402115 -0.029360833011517207
leaf_weight=19.948088102430123 1149.7399553235336 11.251228281118527 4.5194574136185102 0.54486294422531401 3.8407426540070437 25.435212202013645 1.3340966330906652 5.4153695506975046 5.563634878524681 1.3987796974906812 0.38035529004628177 2.9845566411677273 3.8122166504617772 61.417269029421732 2.5940022023714846 50.680043800413841 1.6082324400194909 5.253035204485057 4.0326283123795292 1.648437054012901 39.917749768123031 2.9637944847345343 2.3747854148241458 2.5214545644412283 2.7373293629643731 1.4514745420456137 1.3063417407684035 13.208115178524166 1.6960616018623111 2.1089152882050257
leaf_count=81202 18196 52838 729 33 24 1057 8365 32 18688 1788 1962 68 44 580 116 535 65 63 44 139 656 15 38 160 167 728 39 387 4 113
internal_value=1.29881e-09 -0.0123499 -0.0056206 0.000324149 0.00339565 0.00359573 0.00313318 -0.00887426 -0.023964 0.00970867 -0.0129399 0.00390494 0.000658616 0.00334674 -0.0200643 0.00698107 0.0119446 -0.00852433 0.0046115 0.004982 -0.00144072 0.00139047 -0.0142979 -0.0268413 0.00420207 0.00109875 -0.0107642 -0.00388861 0.0210911 0.00400523
internal_weight=1433.69 35.7188 24.4675 1397.97 248.229 247.685 243.844 14.0922 8.67687 3.11323 1.71445 229.752 112.374 109.39 6.40622 117.377 61.5739 10.8939 9.28566 102.983 41.5662 55.8035 7.86003 5.48525 47.9434 41.4011 15.9659 14.6596 6.54231 4.84624
internal_count=188875 134769 81931 54106 35910 35877 35853 30835 30803 12115 10327 5018 1603 1535 160 3415 707 172 107 1375 795 2708 213 175 2495 2211 1154 1115 284 280
is_linear=0
shrinkage=0.05


Tree=107
num_leaves=31
num_cat=0
split_feature=6 10 6 6 6 3 6 6 3 6 6 6 6 3 3 6 3 6 6 6 3 10 10 6 6 6 6 6 6 10
split_gain=2.17669 2.04271 1.60134 1.67371 1.43219 1.19313 1.27572 3.57103 2.67528 2.4051 1.60889 1.07231 1.50257 2.18256 1.48894 1.44431 1.07753 3.50269 1.62462 1.0627 1.93305 1.75131 1.11835 1.02331 7.3907 0.999413 1.62885 1.45173 2.50931 0.991763
threshold=0.70710679888725292 0.009756329935044052 9.1301374435424822 6.504176378250123 0.7240414321422578 43.500000000000007 22.442245483398441 24.571588516235355 45.500000000000007 22.074252128601078 25.224988937377933 13.73842763900757 11.589940547943117 45.500000000000007 47.500000000000007 20.280011177062992 44.500000000000007 20.594759941101078 20.022215843200687 0.29025129973888403 99.500000000000014 0.0039761590305715808 0.011428944766521456 21.380851745605472 17.719470977783207 19.662629127502445 18.853606224060062 17.719470977783207 15.463809490203859 0.0093898782506585139
decision_type=2 2 2 2 2 2 2 2 2 2 2 2 2 2 2 2 2 2 2 2 2 2 2 2 2 2 2 2 2 2
left_child=19 2 3 -2 -3 23 9 -8 -9 11 -10 12 13 -7 16 -16 18 25 -13 20 -1 -22 -23 24 -4 26 27 28 -18 -14
right_child=1 4 5 -5 -6 6 7 8 10 -11 -12 14 29 -15 15 -17 17 -19 -20 -21 21 22 -24 -25 -26 -27 -28 -29 -30 -31
leaf_value=0.03276354108144152 -0.0013306029771169966 0.040643195248435501 0.022954622793925218 -0.043026750436074068 -0.00040314773761336993 -0.046472819772184606 -0.058473257739649814 -0.039313239544363707 0.034832137467785816 0.04311102375653203 -0.010534230958399747 -0.013386647040862157 0.0018356854545634373 0.0061692500647835356 0.0011595690661981373 0.027792930570556058 0.0078871279105726302 -0.068699013468338732 0.025462930631852201 -0.024373182265582251 0.028048060701756812 -0.028994070510019284 -0.0052187294355240379 0.029718713601070364 -0.06468414800982035 0.010572753617703511 -0.052281506406194916 0.01221536168173505 -0.057239216504882832 0.024969335327276982
leaf_weight=1.938176172508977 14.184662572764866 1.1288347535300989 13.166617047019828 1.9159082450205449 1251.3257217205464 1.274984792806207 1.905552944052032 1.6005443721078316 4.4125826172530651 3.4742459114640942 2.4704214604571462 4.4607377607462713 6.4188973619602647 13.65533225693798 15.929258299365758 6.5459077786654225 2.7798081628425333 1.5458196345716704 4.4066831953823566 10.957854912076071 1.7502925322769467 7.518110883522243 13.147672501365376 9.4961083747912181 1.9106273469515134 5.672210542485117 1.2371794153004874 5.3695213152095675 1.7264697899809105 17.375446766149253
leaf_count=114 31746 9 121 343 20496 78 78 69 10 9 57 76 118 229 146 18 64 21 15 52838 142 52603 29072 89 35 45 24 34 69 107
internal_value=1.85435e-09 0.000314279 0.00595548 -0.00851824 -0.000333757 0.00784505 0.00536524 -0.0105504 0.00524464 0.00725923 0.0192786 0.0053837 0.0115074 -0.000961221 0.000476868 0.00977005 -0.00727661 -0.0139547 0.00654366 -0.0120856 -0.00581371 -0.010406 -0.0148071 0.0175514 0.00851625 -0.0053338 -0.0136553 -0.00445422 -0.0229282 0.0190544
internal_weight=1430.7 1395.39 142.936 16.1006 1252.45 126.835 102.262 10.3891 8.48355 91.8725 6.883 88.3983 38.7247 14.9303 49.6736 22.4752 27.1984 18.331 8.86742 35.3121 24.3543 22.4161 20.6658 24.5734 15.0772 16.7852 11.113 9.8758 4.50628 23.7943
internal_count=188875 54106 33601 32089 20505 1512 1267 214 136 1053 67 1044 532 307 512 164 348 257 91 134769 81931 81817 81675 245 156 236 191 167 133 225
is_linear=0
shrinkage=0.05


Tree=108
num_leaves=31
num_cat=0
split_feature=3 3 7 10 10 10 5 10 5 5 4 7 3 3 10 3 10 10 10 10 4 7 7 7 7 4 7 5 7 3
split_gain=1.95155 3.30482 1.02284 0.958468 0.94361 0.939407 0.976854 0.921394 1.34749 0.889001 1.32481 0.869808 1.3053 0.784296 0.746613 0.986964 0.792399 2.73586 0.874822 2.34746 0.792263 0.876996 1.29202 0.734297 1.03332 0.848842 0.908003 0.719745 0.714381 0.647505
threshold=49.500000000000007 42.500000000000007 0.57062244415283214 0.023177937604486946 0.009569597430527212 0.014965224079787733 7.5000000000000009 0.012385687325149776 21.500000000000004 21.500000000000004 48.500000000000007 0.45292907953262335 13.500000000000002 13.500000000000002 0.0039761590305715808 192.50000000000003 0.0053050769492983827 0.0053619688842445621 0.0062696540262550124 0.0063092110212892303 27.500000000000004 0.46904338896274572 0.46858306229114538 0.53171458840370189 0.535648673772812 26.500000000000004 0.55700722336769115 9.5000000000000018 0.53085750341415416 16.500000000000004
decision_type=2 2 2 2 2 2 2 2 2 2 2 2 2 2 2 2 2 2 2 2 2 2 2 2 2 2 2 2 2 2
left_child=1 2 9 5 -3 6 -2 8 -8 -1 13 29 -13 -11 15 -10 -16 -18 -19 -20 23 22 -22 28 -25 26 -26 -5 -21 -12
right_child=3 4 -4 27 -6 -7 7 -9 14 10 11 12 -14 -15 16 -17 17 18 19 20 21 -23 -24 24 25 -27 -28 -29 -30 -31
leaf_value=0.026091103594321277 0.022032702828676681 0.0045281167672156265 0.02333556805545188 -0.010672405799020811 0.013347575575220667 -0.032957241273025031 0.03980226685001273 -0.036513874203014655 0.029668235778009196 -0.00092629912972286602 0.00051689993626841287 -0.012491411087722016 0.025250385541527448 -0.052275577379641093 -0.031215651299138863 -0.021208797931598491 0.052836869385957233 -0.037591539532637573 0.035330294434890011 -0.015349381950432298 -0.013962235637181462 -0.038354061309571294 0.04463059717646177 -0.037359855577188003 0.042288538179315882 -0.021725389376900009 -0.016890529618858476 0.025826096019274103 0.034520527118376935 -0.0017718682845142321
leaf_weight=2.1273281372850752 1.4687821946426982 82.935227306315937 3.5038115833885959 1.562416901222605 48.44642151176231 3.9560739446842481 0.44015577618665602 2.3217680399411611 1.6647385527758154 1.2529481383971863 612.14318459735659 2.5973648939980176 6.3868908161821309 0.97167109395377327 3.7866858160941765 0.62122820598233364 0.74628232762552471 2.0735900740855895 1.8119636233859662 0.34667213436115196 16.387743784662234 3.2000140290983827 0.033969812104259201 0.9089574666522825 1.0401347336774049 0.51112096561701026 0.30938342613262637 2.2763745356896825 1.520215803222527 622.31099279084083
leaf_count=27 295 2679 21 306 1157 6887 474 14293 527 19 8715 24 55 37 33625 4215 1078 15175 1081 929 52462 27299 204 267 1332 283 857 386 43 14123
internal_value=-2.38288e-11 0.000343787 -0.000450668 -0.00991263 0.00785651 -0.0120717 -0.00919604 -0.0109495 -0.00831593 -0.000536093 -0.000602459 -0.000519034 0.0141809 -0.0326107 -0.0100116 0.0135953 -0.0120178 -0.00854128 -0.011926 -0.0085713 -0.0131195 -0.0173464 -0.0112862 0.00467289 -0.0106085 0.0109516 0.0273069 0.0118354 0.0231361 -0.00063741
internal_weight=1429.66 1382.68 1251.29 46.9883 131.382 43.1495 39.1934 37.7246 35.4029 1247.79 1245.66 1243.44 8.98426 2.22462 34.9627 2.28597 32.6767 28.89 28.1438 26.0702 24.2582 19.6217 16.4217 4.63648 2.7696 1.86064 1.34952 3.83879 1.86689 1234.45
internal_count=188875 26857 23021 162018 3836 161326 154439 154144 139851 23000 22973 22917 79 56 139377 4742 134635 101010 99932 84757 83676 79965 52666 3711 2739 2472 2189 692 972 22838
is_linear=0
shrinkage=0.05


Tree=109
num_leaves=31
num_cat=0
split_feature=6 10 6 6 6 6 6 6 6 6 6 10 10 3 6 10 10 10 10 10 6 10 10 6 6 6 6 3 6 6
split_gain=1.96848 2.21476 1.32191 1.34073 1.88965 0.971371 1.04215 1.62909 0.95692 0.901763 1.33868 2.01132 5.3602 2.08389 1.84889 1.37178 1.23023 1.191 3.42228 2.79773 2.52816 1.83409 2.40154 1.47967 3.12926 1.72787 1.45833 1.12526 1.26141 3.65449
threshold=2.2950463294982915 0.009756329935044052 20.280011177062992 22.755928993225101 23.925033569335941 18.047428131103519 9.1301374435424822 6.504176378250123 1.5870165824890139 9.1301374435424822 8.1066393852233904 0.011173533275723459 0.011696306522935631 32.500000000000007 8.8021216392517108 0.0099504948593676108 0.021915592253208164 0.011428944766521456 0.011050061322748663 0.011696306522935631 7.5765991210937509 0.01197647722437978 0.01183473411947489 5.824183702468873 6.1512548923492441 5.0148561000823983 5.824183702468873 41.500000000000007 13.73842763900757 14.014347553253176
decision_type=2 2 2 2 2 2 2 2 2 2 2 2 2 2 2 2 2 2 2 2 2 2 2 2 2 2 2 2 2 2
left_child=8 2 5 -4 -5 6 7 -2 -1 10 17 13 -13 -12 15 -15 27 18 20 26 23 22 -21 25 -25 -3 -19 -11 -29 -30
right_child=1 9 3 4 -6 -7 -8 -9 -10 16 11 12 -14 14 -16 -17 -18 19 -20 21 -22 -23 -24 24 -26 -27 -28 28 29 -31
leaf_value=-0.0080683042537859039 0.0016991778406677269 0.0021117728569870894 0.02238368748987694 -0.041844823220262346 0.0088520035271583541 -0.0070664099792391594 0.0077807909246363303 -0.041422715002957272 -0.039585712202564433 -0.00093502920611364642 0.050337066522591317 -0.062719868183464353 0.010114426961321947 0.037509130081479707 -0.015571252591630533 -0.0034276290197669257 0.019483628659459792 0.0027123324275494273 -0.05708490905395644 -0.06196926372960742 -0.052779034466478969 0.0016517945104480578 -0.0019916238978029918 0.039555880401910104 -0.0097420889425655684 -0.051273268814509478 0.038600938204045948 -0.050234466364327518 0.041034317140149802 -0.032246086505540228
leaf_weight=45.008445259361906 9.5194952276360691 4.7969610998698142 20.838076465763152 1.0975620010867704 14.048881369642912 17.557413839735091 72.886201413508388 1.8172804183632241 1.6511925969498396 1018.6802844793638 4.2981085982173672 1.9056061040610099 18.344272342706972 4.9639298520050925 3.6674350162938936 2.8781308478210121 6.3274381579831234 4.7415600059393892 2.2978119777690145 1.6580204511119507 1.1569301723502565 137.85520570485824 4.6731029016809771 5.2779806554317457 5.9643868175335228 1.1673799317795781 6.670327014871873 1.4146474162116636 1.7393233962357042 3.5219495071141864
leaf_count=166080 536 147 98 86 194 176 958 343 1987 16136 15 33 168 20 42 39 49 42 105 38 40 1054 42 16 88 39 32 73 6 193
internal_value=-4.01299e-10 0.000344353 0.00633583 0.0144454 0.00281428 0.00335603 0.00558615 -0.00801059 -0.00999083 -0.000323721 0.00263617 0.0112754 0.000631392 0.0240619 0.0110101 0.0237964 -0.00093482 0.000815196 -0.0101793 0.00233081 -0.00166519 0.000367431 -0.0240092 0.00448168 0.0147425 -0.014199 0.0251094 -0.00107968 -0.0201549 -0.0053358
internal_weight=1428.43 1381.77 137.765 35.9845 15.1464 101.78 84.223 11.3368 46.6596 1244 212.317 36.0575 20.2499 15.8076 11.5095 7.84206 1031.68 176.26 20.6615 155.598 18.3636 144.186 6.33112 17.2067 11.2424 5.96434 11.4119 1025.36 6.67592 5.26127
internal_count=188875 20808 2391 378 280 2013 1837 879 168067 18417 1960 317 201 116 101 59 16457 1643 435 1208 330 1134 80 290 104 186 74 16408 272 199
is_linear=0
shrinkage=0.05


Tree=110
num_leaves=31
num_cat=0
split_feature=5 6 3 5 6 6 5 10 3 10 10 6 6 10 10 10 10 10 3 6 6 6 6 6 6 6 6 6 6 6
split_gain=1.90322 1.56626 1.73383 1.35904 1.05174 1.71477 0.94874 0.77121 0.937589 0.696647 2.89242 0.909091 0.957075 0.727859 2.34453 0.682639 0.974196 0.673287 1.2723 3.59552 2.73962 2.70756 3.02919 4.03298 5.69593 3.396 4.3026 2.36905 3.33065 2.24857
threshold=6.5000000000000009 2.2950463294982915 40.500000000000007 22.500000000000004 25.224988937377933 31.277459144592289 7.5000000000000009 0.0039761590305715808 192.50000000000003 0.0053050769492983827 0.0053619688842445621 0.73574799299240123 0.74124696850776683 0.0062696540262550124 0.0063092110212892303 0.009756329935044052 0.010152545757591726 0.013072453904896976 13.500000000000002 9.9389123916625994 7.7992205619812021 12.486545562744142 26.817957878112797 30.110941886901859 32.034280776977546 17.719470977783207 15.160224437713625 37.290193557739265 39.328422546386726 5.824183702468873
decision_type=2 2 2 2 2 2 2 2 2 2 2 2 2 2 2 2 2 2 2 2 2 2 2 2 2 2 2 2 2 2
left_child=-1 6 3 -3 -4 -6 -2 8 -8 11 -11 -9 -13 -12 -15 -16 -17 -5 -19 20 29 -21 25 -24 -25 26 -23 -26 -29 -20
right_child=1 2 4 17 5 -7 7 9 -10 10 13 12 -14 14 15 16 -18 18 19 21 -22 22 23 24 27 -27 -28 28 -30 -31
leaf_value=-0.042537837808519545 0.016275926032490232 0.03422651178386503 0.0058813115194327375 -0.0015908627371332977 -0.040523786703645467 0.0045769007253261169 0.029232469309959954 -0.041315525487854492 -0.020693769697233105 0.052206243471865615 -0.036966293385126033 0.040750311197661038 -0.019442963353509889 0.034486900770647734 -0.025300873933193409 0.020393883494335456 -0.011701549306693107 -0.00029482392645112376 -0.024146724707042724 0.030274097574113864 -0.053186214129001624 -0.029464602593685135 0.034819943365085676 -0.060065551683698454 0.018794650338035179 -0.037900963816542628 0.033866794915625324 -0.031538396750255222 0.0072997807484396554 0.016048139493031358
leaf_weight=1.6246889231006196 2.6137859597802153 1.844575373455881 166.67526766041556 584.00119649253611 2.2981101498007765 5.3597479397431016 1.6424687370963504 2.9082432838968084 0.60125857240564062 0.8293269089936065 1.9866890876292007 0.15688313827558875 0.61616980847065861 1.7922313886665495 8.3951269369099446 1.7187660461604561 22.29587181883835 505.91351023947209 5.9889526548795384 12.146485634628332 2.8781747531975261 3.7882748079719004 12.513467423617838 2.2562811779789618 25.572537588421255 6.7129082160172393 5.1500380127690732 6.208776033883626 22.605668137315661 5.9728967887349427
leaf_count=3294 546 4 2880 9295 136 113 527 26919 4215 1078 15160 109 6597 1080 62561 5259 40765 6790 87 76 64 83 99 94 293 220 49 118 308 56
internal_value=-4.45305e-10 7.838e-05 0.000382872 -0.00029361 0.00502818 -0.012075 -0.00894153 -0.0108119 0.0135985 -0.0124514 -0.00982339 -0.0311347 0.00886619 -0.0126105 -0.0101858 -0.0136145 -0.00868098 -0.000375011 0.000775208 0.0055772 -0.0166113 0.00910833 0.00575941 0.0102532 0.0043161 -0.0135203 0.00676146 0.00802327 -0.00184599 -0.00438659
internal_weight=1425.07 1423.44 1377.89 1203.55 174.333 7.65786 45.5568 42.943 2.24373 40.6993 37.018 3.6813 0.773053 36.1887 34.202 32.4098 24.0146 1201.71 617.708 111.794 14.84 96.9544 84.808 69.1567 56.6433 15.6512 8.93831 54.387 28.8144 11.9618
internal_count=188875 185581 20765 17636 3129 249 164816 164270 4742 159528 125903 33625 6706 124825 109665 108585 46024 17632 8337 1547 207 1340 1264 912 813 352 132 719 426 143
is_linear=0
shrinkage=0.05


Tree=111
num_leaves=31
num_cat=0
split_feature=6 6 10 10 10 6 10 10 6 10 6 6 10 10 10 4 5 7 7 7 7 10 10 6 6 10 6 6 6 6
split_gain=1.8975 1.10219 2.6438 1.40864 1.00828 1.24583 0.91564 1.57726 1.19479 0.863991 0.829282 1.96808 0.804504 0.879691 0.925367 0.751067 0.724178 0.813794 0.902743 0.813389 0.900774 0.660309 0.890748 0.636906 1.4125 1.08483 0.988711 1.81702 4.9718 0.775359
threshold=0.70710679888725292 0.41625617444515234 0.0063092110212892303 0.011050061322748663 0.0099504948593676108 32.305309295654304 0.0053050769492983827 0.0039761590305715808 0.27433454990386968 0.013245614245533945 32.034280776977546 25.224988937377933 0.011428944766521456 0.012385687325149776 0.014718532562255861 9.5000000000000018 21.500000000000004 0.53085750341415416 0.53171458840370189 0.535648673772812 0.53642636537551891 0.014965224079787733 0.024474314413964752 11.589940547943117 10.794119834899904 0.0096620614640414732 9.3855566978454608 8.1066393852233904 6.1512548923492441 12.818572998046877
decision_type=2 2 2 2 2 2 2 2 2 2 2 2 2 2 2 2 2 2 2 2 2 2 2 2 2 2 2 2 2 2
left_child=1 2 6 -3 5 10 7 -1 -8 -5 11 23 -4 16 -15 -6 -14 -18 -19 -20 -21 -16 -23 24 25 -2 27 28 -27 -25
right_child=4 3 12 9 15 -7 8 -9 -10 -11 -12 -13 13 14 21 -17 17 18 19 20 -22 22 -24 29 -26 26 -28 -29 -30 -31
leaf_value=0.024199567776773016 -0.0043651226446795128 -0.041579773196497603 -0.027126662308652089 0.0115714646505629 0.023018673586796438 -0.038548332182433975 -0.017096774187122955 -0.032431035370509016 0.043738118252996262 -0.029616661812985806 0.026148989523275767 -0.028849967244766468 0.038745985928386441 -0.037265660632622162 0.018180788944845268 -0.00028491976933466364 -0.027833801175923635 0.031803073329085885 -0.033129941084563373 0.039464861272439672 -0.011259453533871285 -0.033651772713327574 0.0077670910317234861 0.017219363300877002 -0.039692998550921732 0.025025293829585939 -0.0050000017950957883 0.032495807167576822 -0.058164908213241051 0.004940068945688829
leaf_weight=1.7689121142611868 30.478356622283172 4.7526999034271267 7.1451103827821525 2.9761439314315798 2.4675823495490468 0.72713472647592325 0.43801997801165304 1.2127533603852496 3.0968673486895568 0.87711070538352931 3.2366306148469439 3.5507659905124447 0.47161160009636649 2.3383117690445943 1.5228861514533489 1208.6863939880859 0.99817544978395556 1.4898142136044041 0.77748269479707266 0.44932222006173095 1.4209799137079242 1.5692781549496433 2.0201683515042532 14.070449457038192 1.1604769751284028 4.4432553438200575 6.7128331053536376 7.5289479846687755 1.6826075688586568 101.54849705655215
leaf_count=482 32136 47544 51428 1026 17 30 1261 2865 722 294 21 195 474 13804 817 19651 3776 43 267 52 2420 6965 529 157 131 384 63 54 65 1202
internal_value=1.02931e-09 -0.0112808 -0.00580829 -0.0258985 0.000295385 0.00383008 0.0199358 -0.00119433 0.0340921 -0.00197475 0.00422551 0.00366151 -0.0146607 -0.00639511 -0.0167489 -0.000218491 0.00781496 -0.000877246 0.00977777 -0.00793619 0.0104304 -0.00280331 -0.0137278 0.00451719 -8.27519e-05 0.00156944 0.0102387 0.0175601 -0.00278065 0.00656926
internal_weight=1421.62 35.3256 26.7197 8.60595 1386.29 175.14 6.51655 2.98167 3.53489 3.85325 174.413 171.176 20.2031 13.058 7.45064 1211.15 5.60739 5.13577 4.1376 2.64778 1.8703 5.11233 3.58945 167.625 52.0065 50.846 20.3676 13.6548 6.12586 115.619
internal_count=188875 134769 85905 48864 54106 34438 5330 3347 1983 1320 34408 34387 80575 29147 22115 19668 7032 6558 2782 2739 2472 8311 7494 34192 32833 32702 566 503 449 1359
is_linear=0
shrinkage=0.05


Tree=112
num_leaves=31
num_cat=0
split_feature=6 6 10 3 10 3 10 10 5 10 6 10 7 6 7 6 6 7 7 4 4 10 10 3 10 3 10 10 10 3
split_gain=1.80765 1.47729 2.37567 1.39724 1.78455 1.16197 1.13191 1.32042 1.1299 1.03543 0.974025 0.921253 0.827498 0.809779 0.764404 0.744281 1.69613 0.738432 0.90024 0.795617 0.695971 0.624398 0.875286 0.597448 0.681064 0.915907 0.582688 0.579769 0.574671 3.06861
threshold=0.70710679888725292 0.41625617444515234 0.0063092110212892303 128.50000000000003 0.0039761590305715808 30.500000000000004 0.011428944766521456 0.012385687325149776 21.500000000000004 0.0099504948593676108 32.305309295654304 0.014718532562255861 0.53085750341415416 0.27433454990386968 0.53171458840370189 32.034280776977546 25.224988937377933 0.535648673772812 0.55700722336769115 26.500000000000004 9.5000000000000018 0.014965224079787733 0.024474314413964752 15.500000000000002 0.013072453904896976 29.500000000000004 0.003960411762818695 0.011696306522935631 0.013423423748463394 13.500000000000002
decision_type=2 2 2 2 2 2 2 2 2 2 2 2 2 2 2 2 2 2 2 2 2 2 2 2 2 2 2 2 2 2
left_child=1 2 3 13 26 23 -4 8 -8 10 15 -9 -10 -1 -14 16 -2 -16 19 27 -11 -13 -23 -3 25 -25 -5 -19 -22 -30
right_child=9 5 6 4 -6 -7 7 11 12 20 -12 21 14 -15 17 -17 -18 18 -20 -21 28 22 -24 24 -26 -27 -28 -29 29 -31
leaf_value=-0.012630793046369274 0.004472075393045504 -0.028340607751550357 -0.027711106627074978 -0.013298153725685956 -0.035240807135836695 -0.042038843840195406 0.042055028279549947 -0.037678004353695178 -0.028012333980300563 0.022254434874173324 -0.034612975978017907 0.017405390451946827 0.030358946287123458 0.04454836663110201 -0.031294763224544241 0.02505882569122915 -0.02691820356312365 0.050596740366898554 -0.023496311360048025 -0.014648428143951368 -0.0013312035904353417 -0.033561478207578918 0.0076725807991755157 -0.03225693147641593 0.02833456983456974 0.015480589307534357 0.033795086559503466 -0.0088136358508716772 -0.00046545197530881469 0.010945178592524064
leaf_weight=0.28437687274709178 166.91726617618224 0.83240866177948047 7.1757899226377075 0.29192441643681388 1.3909954913506224 4.7841166737280219 1.1921739968511245 2.3145937326353305 0.9876267029776481 2.4326557645981657 0.63968101283535261 1.5142678101001363 1.460627761804062 3.1039585781109054 0.72209793906586162 3.2134794238954774 3.4310077980626366 0.87821404138230696 0.47864108217618184 0.33861971125588741 632.68497924181429 1.5464445103480104 2.0022539927740581 0.9736251939903019 0.96561658823338792 1.1760527490696404 1.4542032451063278 0.19186858011744334 510.93674585678673 65.590268993619247
leaf_count=184 34192 286 51428 430 3942 47553 474 13804 3776 17 30 817 43 722 267 21 195 212 937 203 11951 6965 529 890 50 85 52 1120 6898 802
internal_value=-5.85993e-10 -0.010898 -0.0047483 0.01968 -0.0044719 -0.0276794 -0.012962 -0.00383212 0.012069 0.000291224 0.00388407 -0.0171354 -0.000774736 0.0379647 0.0100561 0.00422343 0.00368643 -0.00657086 0.010451 0.0269515 -0.000228106 -0.00307862 -0.0137242 -0.00529805 0.00624946 -0.00951733 0.0239464 0.0408326 -0.000291687 0.000849416
internal_weight=1421.91 36.0605 27.3287 6.52546 3.13712 8.73182 20.8032 13.6274 6.24987 1385.85 174.201 7.37756 5.0577 3.38834 4.07007 173.562 170.348 2.60944 1.88734 1.4087 1211.64 5.06297 3.5487 3.9477 3.11529 2.14968 1.74613 1.07008 1209.21 576.527
internal_count=188875 134769 85905 5330 4424 48864 80575 29147 7032 54106 34438 22115 6558 906 2782 34408 34387 2739 2472 1535 19668 8311 7494 1311 1025 975 482 1332 19651 7700
is_linear=0
shrinkage=0.05


Tree=113
num_leaves=31
num_cat=0
split_feature=5 6 5 10 6 3 6 6 3 6 3 3 6 6 6 6 6 6 6 3 6 6 6 6 6 6 6 10 6 3
split_gain=1.77602 1.29094 1.07576 0.936291 1.32218 1.0601 0.947382 3.80324 2.60347 2.35483 1.48373 4.00355 3.61028 2.36499 2.2687 2.82831 1.56958 1.51237 1.40193 1.35898 1.3567 1.25657 2.49895 2.18968 1.5287 1.22519 0.779633 2.26964 1.20164 2.72745
threshold=6.5000000000000009 2.2950463294982915 20.500000000000004 0.009756329935044052 10.234188556671144 43.500000000000007 22.442245483398441 24.571588516235355 45.500000000000007 22.074252128601078 47.500000000000007 46.500000000000007 13.522763252258303 17.719470977783207 19.662629127502445 20.594759941101078 11.973258018493654 20.280011177062992 11.589940547943117 44.500000000000007 16.130861282348636 15.160224437713625 16.651162147521976 16.36031532287598 18.586188316345218 25.224988937377933 9.1301374435424822 0.022073076106607917 7.5765991210937509 11.500000000000002
decision_type=2 2 2 2 2 2 2 2 2 2 2 2 2 2 2 2 2 2 2 2 2 2 2 2 2 2 2 2 2 2
left_child=-1 -2 -3 4 -4 -6 9 -8 -9 10 11 12 16 -13 21 -16 18 20 -7 -18 -12 -14 23 -23 -24 -10 27 28 -5 -30
right_child=1 2 3 26 5 6 7 8 25 -11 17 13 14 -15 15 -17 19 -19 -20 -21 -22 22 24 -25 -26 -27 -28 -29 29 -31
leaf_value=-0.041709027012473067 -0.0079922890452446323 0.021470032860059704 -0.0064480596456211684 0.00091311778720591999 0.01601373032456558 -0.041136878564772238 -0.058772919765426805 -0.037954471897951716 0.034417147642384426 0.041583829424651081 0.012943416565986061 -0.065267112320058565 -0.055576672264119026 -0.0043404901288662439 0.02330758870542032 -0.025978055505921673 0.042820707093333493 0.032498135701860255 0.013819179040912019 0.011298399565487418 -0.011301211038523967 -0.014854460307011054 -0.063271425777936638 0.038714321185965149 -0.011086848037393311 -0.0070537648076022573 -0.00074249365924366584 -0.037471190341662082 -0.0094210246707511908 0.01574819884217591
leaf_weight=1.5476987424335664 46.916409643647057 5.0069011377781854 23.571984651083767 146.78364126479573 21.918581601901678 0.97604697244242111 1.9397921353811387 1.5068379612639526 4.2711859308183193 3.3454456804320207 18.79890348951449 2.6195402953235307 1.4594350096303994 3.1183296563103795 7.8541276976466161 3.3849758934229612 6.3491873545572153 6.0396701972931615 1.9772161897271872 8.2778133088722807 7.262506923871114 3.6309973751776834 1.8393243708560474 2.3087485358119011 3.8570693656802177 2.2465828941203654 1021.6977573202385 2.475349106360226 13.62881010584533 41.819740154620376
leaf_count=3294 164816 40 1035 1318 231 70 78 69 10 9 223 112 65 35 48 20 19 18 17 58 74 49 48 7 39 57 16457 39 119 401
internal_value=-5.39129e-10 7.49436e-05 0.000356845 0.000263737 0.00414439 0.00635277 0.00393135 -0.00997842 0.00702223 0.00569808 0.00369647 -0.00191481 0.00375048 -0.0377141 -0.00862157 0.00755408 0.0204182 0.0118324 -0.0101551 0.026846 0.00601924 -0.0220551 -0.0137853 0.0085457 -0.0348692 0.0210859 -0.000177702 0.00263108 0.0033039 0.0095045
internal_weight=1418.43 1416.88 1369.97 1364.96 138.554 114.982 93.0637 9.9644 8.02461 83.0993 79.7539 47.6528 41.9149 5.73787 24.3347 11.2391 17.5803 32.1011 2.95326 14.627 26.0614 13.0956 11.6361 5.93975 5.69639 6.51777 1226.41 204.708 202.232 55.4486
internal_count=188875 185581 20765 20725 2391 1356 1125 214 136 911 902 587 440 147 276 68 164 315 87 77 297 208 143 56 87 67 18334 1877 1838 520
is_linear=0
shrinkage=0.05


Tree=114
num_leaves=31
num_cat=0
split_feature=3 10 3 10 6 10 6 6 6 10 6 6 10 6 3 6 6 6 10 10 6 3 3 3 6 6 6 6 10 10
split_gain=1.62781 2.79272 1.69578 1.43317 2.07137 1.05378 1.86232 0.920232 1.56331 1.29807 3.61558 1.0137 1.09588 3.17742 2.31461 1.15887 0.930306 3.28584 2.37123 2.15573 1.03649 0.884524 1.14202 0.779112 4.4694 2.50259 3.10959 0.757702 1.17741 3.00593
threshold=128.50000000000003 0.0053619688842445621 99.500000000000014 0.0063092110212892303 0.56629496812820446 0.009756329935044052 10.234188556671144 20.280011177062992 13.73842763900757 0.0091326101683080214 15.160224437713625 22.442245483398441 0.0096620614640414732 24.571588516235355 45.500000000000007 25.224988937377933 13.250360488891603 12.818572998046877 0.009569597430527212 0.0094788861460983771 11.973258018493654 162.50000000000003 163.50000000000003 45.500000000000007 19.381326675415043 17.719470977783207 15.906307220458986 9.1301374435424822 0.014718532562255861 0.015242683235555889
decision_type=2 2 2 2 2 2 2 2 2 2 2 2 2 2 2 2 2 2 2 2 2 2 2 2 2 2 2 2 2 2
left_child=1 -1 3 -3 -5 6 -6 8 16 -10 -11 -9 13 -13 -15 -16 17 18 -8 -19 -20 -2 -23 -12 25 26 -25 28 -7 -30
right_child=21 2 -4 4 5 27 7 11 9 10 23 12 -14 14 15 -17 -18 19 20 -21 -22 22 -24 24 -26 -27 -28 -29 29 -31
leaf_value=0.050336174332534747 -0.037745328814878687 0.036455037034350879 -0.037460854373456351 -0.039528605137460038 -0.0073854587360185041 0.0045889903551031555 -0.00040967095984817658 0.021897413237168543 0.019266862772119864 -0.058860870346241247 0.0056305726656227413 -0.05385031667356293 0.017236840024659885 -0.035188017471686484 0.034660215185758028 -0.0061086237891735812 0.024486222776441507 0.00051219028841214349 0.0064825622285133271 -0.061671441639816749 0.044309602038192175 0.040987489045332559 -0.01057577595670868 0.0036051542923740982 -0.063724869417420324 0.020748380513793085 -0.05945476065317265 -0.00080300540421776297 -0.034715674330555134 0.00043325495567438766
leaf_weight=1.7756079060873151 2.1247642636717528 1.7224785848302406 1.9934153484409751 2.2827690728699954 26.545652883482035 163.13706832605385 11.329700822578166 17.640785119496286 5.1066577909514299 1.9412696625222441 19.154490852502931 1.6692780822049824 8.1971623038407415 1.4040044997818766 4.1886109225451946 2.2284769881516695 9.4414645098149759 2.9951074398122719 3.0168354329653067 1.5805204994976518 5.6937593277543783 0.15329353490779141 22.884579039715391 5.7309505581943103 2.0675503499805918 7.8616263759322464 1.887973519740626 1021.9731896468729 5.8796793561123186 52.303614457676304
leaf_count=1078 18274 543 14644 3013 26615 5582 250 82 34 116 182 78 82 69 10 57 67 31 56 25 15 533 100168 41 38 55 68 16457 118 494
internal_value=1.1532e-09 0.000232279 0.000132061 0.000213041 0.000141711 0.000235706 0.0043373 0.00712848 0.00399857 -0.00225787 -0.00551654 0.013722 0.00483281 -0.0065028 0.00856183 0.0215876 0.0118708 0.00626516 0.0150942 -0.0281759 0.0332253 -0.0123563 -0.00854183 -0.0012087 -0.00857514 0.00221029 -0.0171063 -0.000228216 0.00241761 -0.00364526
internal_weight=1415.91 1390.75 1388.97 1386.98 1385.26 1382.98 139.682 113.136 77.8079 43.7505 38.6439 35.3283 17.6875 9.49037 7.82109 6.41709 34.0574 24.6159 20.0403 4.57563 8.71059 25.1626 23.0379 36.7026 17.5481 15.4806 7.61892 1243.29 221.32 58.1833
internal_count=188875 69900 68822 54178 53635 50622 27971 1356 978 534 500 378 296 214 136 67 444 377 321 56 71 118975 100701 384 202 164 109 22651 6194 612
is_linear=0
shrinkage=0.05


Tree=115
num_leaves=31
num_cat=0
split_feature=3 10 3 10 6 3 6 6 6 6 6 10 6 3 10 6 3 3 6 3 3 6 6 3 10 10 10 5 10 10
split_gain=1.63149 2.57368 1.64708 1.67923 1.73286 1.90713 1.47271 1.29765 1.41424 0.916034 1.72944 1.70337 1.37158 2.34141 1.2947 0.832961 2.83046 1.7793 1.3223 1.69051 3.21067 1.88501 1.12315 0.919487 0.831855 1.48842 1.20443 1.02374 0.901337 0.858398
threshold=128.50000000000003 0.0053619688842445621 99.500000000000014 0.009756329935044052 10.234188556671144 98.500000000000014 4.1475377082824716 4.6214363574981698 5.4190740585327157 20.280011177062992 13.522763252258303 0.0094788861460983771 14.561655044555666 48.500000000000007 0.0091326101683080214 16.36031532287598 43.500000000000007 45.500000000000007 18.047428131103519 47.500000000000007 45.500000000000007 19.662629127502445 17.427235603332523 46.500000000000007 0.0039761590305715808 0.011428944766521456 0.012385687325149776 21.500000000000004 0.003960411762818695 0.014718532562255861
decision_type=2 2 2 2 2 2 2 2 2 2 2 2 2 2 2 2 2 2 2 2 2 2 2 2 2 2 2 2 2 2
left_child=1 -1 3 4 5 6 -3 -8 -9 10 11 -6 13 -12 -14 16 -16 -18 22 20 21 -20 -17 -19 28 -26 27 -27 -2 -28
right_child=24 2 -4 -5 9 -7 7 8 -10 -11 12 -13 14 -15 15 18 17 23 19 -21 -22 -23 -24 -25 25 26 29 -29 -30 -31
leaf_value=0.046828805487300673 -0.02044425864716546 -0.030251036748981327 -0.037159080614166042 -0.00037558058999419904 0.0016590931367631489 0.035143555215386202 0.028342623445511528 -0.046284391822967279 -0.0026175972635399478 0.014772251186651229 -0.058020618372216441 0.024825995263377216 0.023703450370673493 0.0069113780998139394 0.023218847996380135 -0.0020057145861096934 -0.061627904358187262 0.010768819761712135 -0.022889149016727551 0.01654998291114845 -0.059927742251008942 0.018206799495825231 0.032916782010352252 -0.023010575226293888 -0.028985708017939094 0.040069980794162581 -0.037021136114590028 -0.00082588433276678292 0.028946926196030051 -0.002917255614870802
leaf_weight=1.9571281354092196 0.58716049895338351 5.3375727100337889 1.9545815094597845 1244.5586963677579 15.241275978129126 1.6976182020116528 1.9683653749234533 1.070890176124524 19.237181746808346 35.178414163878188 1.6891751785369695 15.904820415657012 4.8113658698275676 2.4837966626510024 3.2222637897357336 3.7391834864320135 1.6673946215669255 2.4513994981534779 4.1275995769538003 5.367269705515354 2.0318837556987992 5.1223994889296591 4.5698419837281108 4.4372007227502763 9.8003524340201711 1.1872970205167801 2.1651140541616769 4.9651321361488936 1.5447986433100596 4.8845757223407418
leaf_count=1078 4215 28403 14644 23179 259 543 19 54 624 378 91 156 24 23 27 68 44 19 54 32 55 30 32 64 85154 474 13770 6531 527 8304
internal_value=-5.73739e-11 0.00023257 0.000133192 0.00021254 0.00535684 -0.00533147 -0.00896098 -0.00277927 -0.00698433 0.00817538 0.00500536 0.0138936 -0.00121729 -0.0255075 0.00176453 -0.00166079 -0.0120748 -0.0264056 0.00352964 -0.00465817 -0.0152738 -0.000575326 0.0186739 -0.0111484 -0.012377 -0.0151935 -0.00363499 0.0115651 0.0131597 -0.0166892
internal_weight=1414.96 1389.83 1387.87 1385.92 141.357 29.3116 27.614 22.2764 20.3081 112.045 76.8669 31.1461 45.7208 4.17297 41.5478 36.7364 11.7783 8.55599 24.9582 16.6492 11.2819 9.25 8.30903 6.8886 25.1344 23.0025 13.2021 6.15243 2.13196 7.04969
internal_count=188875 69900 68822 54178 30999 29643 29100 697 678 1356 978 415 563 114 449 425 154 127 271 171 139 84 100 83 118975 114233 29079 7005 4742 22074
is_linear=0
shrinkage=0.05


Tree=116
num_leaves=31
num_cat=0
split_feature=10 6 5 6 7 6 6 5 5 5 3 10 4 3 6 4 3 3 3 6 6 6 6 6 6 10 6 6 6 6
split_gain=1.81264 3.14863 1.48605 1.13101 1.31468 1.30763 3.15155 1.12888 1.43979 1.95153 1.29012 1.37231 1.12804 1.08714 3.25175 0.953171 0.917551 0.940075 1.19339 0.907841 0.855049 1.10364 2.81513 1.55416 1.9638 1.26424 2.90045 1.5473 1.17534 3.14133
threshold=0.009756329935044052 9.1301374435424822 6.5000000000000009 6.504176378250123 0.46904338896274572 0.41625617444515234 0.73574799299240123 21.500000000000004 37.500000000000007 39.500000000000007 42.500000000000007 0.011696306522935631 6.5000000000000009 49.500000000000007 14.561655044555666 27.500000000000004 98.500000000000014 128.50000000000003 191.50000000000003 4.6214363574981698 20.280011177062992 13.73842763900757 15.160224437713625 13.250360488891603 12.818572998046877 0.0093898782506585139 10.794119834899904 11.973258018493654 9.3855566978454608 9.9389123916625994
decision_type=2 2 2 2 2 2 2 2 2 2 2 2 2 2 2 2 2 2 2 2 2 2 2 2 2 2 2 2 2 2
left_child=1 3 -2 4 5 16 -7 19 12 -10 -11 15 -9 20 -15 -12 -1 -18 -19 -4 21 23 -23 24 25 26 -3 28 -27 -30
right_child=2 13 7 -5 -6 6 -8 8 9 10 11 -13 -14 14 -16 -17 17 18 -20 -21 -22 22 -24 -25 -26 27 -28 -29 29 -31
leaf_value=-0.022651595600707342 -0.039620843287293692 0.0095736525859798048 0.019023686893305428 -0.03994982574139222 -0.036510401482686958 -0.041231580549786165 0.0031362590923060571 0.012670823781348171 0.041647439019560556 -0.00054910842183267055 0.0098429179499750965 -0.044138887329930897 -0.044522625218257089 -0.055281874717422512 0.011049235799327619 -0.028944902532505885 0.034415333069837233 -0.029711136254313021 0.01628883821942546 -0.026763383457872537 0.016501822185945203 -0.050947068173165889 0.0040164635561857811 0.029851589235661724 -0.021955183876759803 0.032544835053008835 -0.050621178945426809 0.03370431821039245 -0.054762588739573528 0.010580245133900639
leaf_weight=0.73758810205982595 1.4382767011848034 9.3665509326383489 9.8442328655109996 1.7247839085612202 2.1344315908863782 4.6069064386501877 13.555798266699638 0.67779314286599435 1.7286736813821324 1238.153098592009 3.9296663967979839 2.4942182537906774 2.1797569446098342 1.6353588541969646 5.3847887776792049 1.3455411168342823 3.5118153832227108 1.0884935689773554 3.3497245136186393 0.33007200667634684 34.208713740110397 1.4930437612638332 34.556522286962718 8.8460657531395537 4.1497684698551884 2.1372001933632445 1.4818488719902223 8.4573449096642417 1.2904546530917276 8.3719931484665704
leaf_count=878 3294 111 8229 343 19548 47485 30609 150 1098 22975 1047 13150 8634 62 32 9655 906 2865 16491 6 370 116 384 62 51 15 96 39 34 140
internal_value=-8.89805e-11 0.00513822 -0.000622748 -0.0089597 -0.00584475 -0.0021836 -0.00968187 -0.000546888 -0.000687729 -0.00059295 -0.00068491 -0.0197961 -0.0311887 0.00874911 -0.00936897 -0.00308662 0.0128738 0.0183325 0.00161826 0.0152761 0.0099329 0.00696045 0.000426407 0.0121737 0.00703699 0.0114682 -0.00222717 0.0185624 0.0059241 -0.00246409
internal_weight=1414.21 152.089 1262.12 30.7095 28.9848 26.8503 18.1627 1260.68 1250.51 1247.65 1245.92 7.76943 2.85755 121.38 7.02015 5.27521 8.68762 7.95003 4.43822 10.1743 114.36 80.1508 36.0496 44.1012 35.2552 31.1054 10.8484 20.257 11.7996 9.66245
internal_count=188875 120637 68238 119125 118782 99234 78094 64944 56709 47925 46827 23852 8784 1512 94 10702 21140 20262 19356 8235 1418 1048 500 548 486 435 207 228 189 174
is_linear=0
shrinkage=0.05


Tree=117
num_leaves=31
num_cat=0
split_feature=10 6 8 10 10 7 6 7 6 6 7 10 7 10 6 6 3 10 10 3 3 6 10 10 6 3 6 10 3 10
split_gain=1.86808 2.99483 1.30644 1.14035 1.88342 1.56492 1.00507 1.24444 1.23506 2.94473 0.926866 0.885673 1.65122 0.848604 0.773635 1.39448 5.31844 4.58932 3.02216 2.82978 2.23796 2.11462 2.65944 1.9269 1.2022 3.94209 1.15388 2.11206 1.0534 2.4344
threshold=0.009756329935044052 9.1301374435424822 165.50000000000003 0.021915592253208164 0.019843111746013168 0.55700722336769115 6.504176378250123 0.46904338896274572 0.41625617444515234 0.73574799299240123 0.63366886973381054 0.0068260179832577714 0.46858306229114538 0.018374931998550895 9.1301374435424822 10.794119834899904 14.500000000000002 0.010582306887954475 0.015651676803827289 21.500000000000004 17.500000000000004 10.234188556671144 0.010362972505390646 0.014965224079787733 9.6654934883117694 20.500000000000004 9.9389123916625994 0.013539358973503115 3.5000000000000004 0.015242683235555889
decision_type=2 2 2 2 2 2 2 2 2 2 2 2 2 2 2 2 2 2 2 2 2 2 2 2 2 2 2 2 2 2
left_child=1 6 3 4 5 13 7 8 11 -10 -5 -1 -13 14 -2 16 18 21 23 20 -19 -18 -23 26 -22 -26 -16 -28 -17 -30
right_child=2 -3 -4 10 -6 -7 -8 -9 9 -11 -12 12 -14 -15 15 28 17 19 -20 -21 24 22 -24 -25 25 -27 27 -29 29 -31
leaf_value=0.019976049967093425 0.0020230116412364016 0.0087596972635170713 -0.03791776610067682 0.01491618552112748 -0.043134609702116376 -0.03843571267454976 -0.038427075275239003 -0.035941514327212237 -0.040678930002444616 0.0027663552322557804 -0.028564013055194872 -0.032131393426080151 0.044082888804375941 0.018134258681761457 -0.013062978042780905 0.0040200676845642096 0.0084418717284689537 -0.055312681899525817 -0.025308433220972999 -0.066643876665207616 0.022471880728440571 -0.06267117312838294 0.0059946697324606522 0.032639147066994778 -0.057006827930983675 0.030870773627316585 0.033861748434721693 -0.010176543869350085 -0.00072972746425573152 -0.012732176851381278
leaf_weight=6.954654030741958 220.62574365848559 120.61130929570209 1.3449835203791725 15.802492147322482 1.6141379869313812 1.7339520961832011 1.625433775509008 2.0540843879625745 4.4062538919351963 13.598680246863294 0.40942660484142912 1.6026861435257158 0.028340679156826698 5.0400477173006939 5.789059196438763 101.05431038898678 10.483548869669905 1.7759113281135777 5.0642622001469126 6.1865937085822225 2.2890336198543082 1.8594139386550512 2.4708332158625126 7.9858325570821753 1.7012329529970884 1.5412353128194809 4.7516879532486183 4.4903641846030951 813.56107674924715 43.571820376942924
leaf_count=9919 37389 1512 3294 810 235 9835 343 19548 47485 30609 145 11077 144 176 60 1426 112 61 47 138 23 44 11 43 35 11 11 43 13311 978
internal_value=7.23944e-11 0.00523891 -0.000630428 -0.000560577 -0.000736907 -0.000647146 -0.00862116 -0.00569063 -0.00213582 -0.00944678 0.0122224 0.012582 -0.0145554 -0.000563392 -0.000654292 -0.00123791 -0.00880919 -0.0237332 0.00653401 -0.0437501 -0.0186786 -0.00388608 -0.0297165 0.0143021 -0.000249261 -0.0178054 0.00313166 0.0135607 -0.00078362 -0.00135399
internal_weight=1412.03 150.881 1261.15 1259.8 1243.59 1241.98 30.2701 28.6447 26.5906 18.0049 16.2119 8.58568 1.63103 1240.24 1235.2 1014.58 56.389 28.3078 28.0812 13.494 7.30741 14.8138 4.33025 23.0169 5.5315 3.24247 15.0311 9.24205 958.187 857.133
internal_count=188875 120637 68238 64944 63989 63754 119125 118782 99234 78094 955 21140 11221 53919 53743 16354 639 435 204 268 130 167 55 157 69 46 114 54 15715 14289
is_linear=0
shrinkage=0.05


Tree=118
num_leaves=31
num_cat=0
split_feature=3 10 3 10 6 10 6 6 6 6 6 3 3 6 6 10 6 6 6 3 10 10 10 10 8 10 8 10 3 10
split_gain=1.37829 2.23097 1.52712 1.98105 1.43622 1.5162 1.63734 1.37153 1.26098 1.18411 0.917642 1.21618 1.71678 1.00329 0.829889 2.35021 0.811675 1.24307 1.21531 2.03715 1.106 0.788773 1.1546 1.00642 1.01906 0.842347 0.792562 0.990082 0.780926 0.733793
threshold=128.50000000000003 0.0053619688842445621 99.500000000000014 0.009756329935044052 11.973258018493654 0.0063092110212892303 4.1475377082824716 4.6214363574981698 12.486545562744142 5.4190740585327157 10.470671176910402 44.500000000000007 48.500000000000007 10.234188556671144 9.6654934883117694 0.0093898782506585139 13.250360488891603 13.522763252258303 14.561655044555666 48.500000000000007 0.009569597430527212 0.0039761590305715808 0.011428944766521456 0.012385687325149776 107.50000000000001 0.003960411762818695 163.00000000000003 0.026716330088675026 43.500000000000007 0.028383218683302406
decision_type=2 2 2 2 2 2 2 2 2 2 2 2 2 2 2 2 2 2 2 2 2 2 2 2 2 2 2 2 2 2
left_child=1 -1 3 4 5 -3 -7 -8 -6 -9 13 -12 -13 14 -11 -16 20 -18 19 -19 -10 25 -23 24 -24 -2 27 -25 -15 -5
right_child=21 2 -4 29 8 6 7 9 16 10 11 12 -14 28 15 -17 17 18 -20 -21 -22 22 23 26 -26 -27 -28 -29 -30 -31
leaf_value=0.044501023257840486 -0.01963193473425873 0.034739304805246674 -0.036375911474783612 -0.00050012695052172908 0.029015806163584484 -0.028602167142774294 0.030531012148116439 -0.041467924929139172 -0.022060853324756203 0.0043670877255374959 -0.051633579365069363 0.01037985502317536 -0.044555541817307642 0.039363298755232513 -0.0556339330939285 0.007528062955787479 0.027905792336267856 -0.051661906945864811 0.0081461279758384079 0.010673279340467821 0.015166256182637818 -0.027104892930411458 -0.0021891786530972073 -0.040419812494604704 0.03869956376551395 0.028758247165279263 0.0020667313649061362 0.011519344494760112 0.002189846913249846 0.023980164462412374
leaf_weight=1.8373791461453937 0.55553105145191062 1.6282992271881074 1.8605254321400924 1240.5046985478584 6.4446343779563895 4.9808327126766008 2.295701416413066 0.91517314978409814 4.2561216983012846 14.304385023118821 0.84182177670299907 4.6803699668962508 0.90507557392993465 2.0501248799264422 1.4167326581664372 3.2607799983816221 6.7609695699065915 1.3512127699359546 75.302830822503893 2.3484291983768344 2.3400599155575037 9.1347314854210726 5.0058003382655425 2.8526450624340218 1.1318098682622801 1.493711494074887 3.2067356663865212 0.71543795217439754 2.8660432621836662 2.0690104269888243
leaf_count=1078 4215 543 14644 23163 57 28403 19 54 65 544 41 101 39 7 41 39 38 91 827 23 21 85154 6531 18081 474 527 3790 203 46 16
internal_value=9.24288e-10 0.000210242 0.000119313 0.000194738 0.00583456 -0.00210447 -0.00450171 -0.000197751 0.00904904 -0.00333279 -0.00089488 -0.016294 -0.00393599 0.00373474 -0.00177868 -0.018032 0.00735994 0.00867208 0.00669783 -0.0182417 -0.0085962 -0.0116128 -0.014432 -0.00416289 0.00971647 0.0135039 -0.0163693 -0.0297636 0.021725 -0.000440114
internal_weight=1409.32 1385.22 1383.38 1381.52 138.95 40.1453 38.517 33.5362 98.8043 31.2405 30.3253 6.42727 5.58545 23.8981 18.9819 4.67751 92.3596 85.7634 79.0025 3.69964 6.59618 24.0964 22.0472 12.9124 6.13761 2.04924 6.77482 3.56808 4.91617 1242.57
internal_count=188875 69900 68822 54178 30999 29877 29334 931 1122 912 858 181 140 677 624 80 1065 979 941 114 86 118975 114233 29079 7005 4742 22074 18284 53 23179
is_linear=0
shrinkage=0.05


Tree=119
num_leaves=31
num_cat=0
split_feature=3 10 3 10 3 6 6 10 6 6 6 6 3 10 10 7 10 8 10 6 6 10 8 4 6 6 6 3 6 6
split_gain=1.2612 2.08091 1.43582 1.69576 0.946259 3.38909 2.71776 2.84892 1.11667 1.39329 1.99954 1.06095 1.14571 0.756565 1.04751 0.995147 1.01636 0.838346 0.813141 0.72473 0.920368 0.689686 0.68319 0.648342 0.631989 1.24216 1.03315 1.43729 2.55504 2.33132
threshold=128.50000000000003 0.0053619688842445621 99.500000000000014 0.009756329935044052 49.500000000000007 16.36031532287598 14.561655044555666 0.0063092110212892303 4.1475377082824716 4.6214363574981698 9.1301374435424822 6.1512548923492441 44.500000000000007 0.0039761590305715808 0.011428944766521456 0.55700722336769115 0.012385687325149776 163.00000000000003 0.003960411762818695 0.73574799299240123 0.74124696850776683 0.026716330088675026 165.50000000000003 9.5000000000000018 13.73842763900757 11.973258018493654 20.280011177062992 45.500000000000007 21.380851745605472 24.571588516235355
decision_type=2 2 2 2 2 2 2 2 2 2 2 2 2 2 2 2 2 2 2 2 2 2 2 2 2 2 2 2 2 2
left_child=1 -1 3 4 8 6 7 -6 -3 -10 11 12 -11 18 19 16 -16 -18 -2 -15 -21 -17 -19 -5 25 -12 -26 -28 -29 -30
right_child=13 2 -4 23 5 -7 -8 -9 9 10 24 -13 -14 14 15 21 17 22 -20 20 -22 -23 -24 -25 26 -27 27 28 29 -31
leaf_value=0.043327789581592557 -0.01928868899820619 -0.031202278303346199 -0.035766078386270418 0.021487683266945081 0.03407377951705523 -0.059624736198229326 0.032086219154897962 -0.026963681244653814 0.040618523183877757 0.019553120195777526 0.0041030583289608496 -0.042141348239752519 -0.020304904421568595 -0.030410725605872119 0.016477593361323185 -0.039447906265818858 -0.033434783661559157 0.016441238463171064 0.02848515895530089 0.041025466464228749 -0.018594844282478498 0.006392638570572793 -0.022619770850949947 -0.00046252829919781781 -0.00087368576468707529 0.021167601193826224 0.0011136461782008807 0.040437752764964391 -0.028999388163249346 0.018756332342816904
leaf_weight=1.7912394914401364 0.54362780364499763 0.94065929943826532 1.7829084512268298 2.3735739949624977 1.6111877444309337 1.5103454096242774 4.3055216129869214 6.7212847512646476 2.1022220868617287 2.1723099481314412 21.629033528559376 1.8666462986802796 3.2168301159472321 8.1207871237638756 5.5943710684423404 1.7324152745768508 1.6018969864362587 2.3449227896271627 1.4740075806366804 0.15792932266776993 0.57376520633988548 0.82037433928780945 0.70228000576753391 1238.7741249312912 36.138197580141423 21.248231712263077 18.356473347754218 7.762062273919585 2.9000795508036372 6.4351784577593207
leaf_count=1078 4215 1893 14644 15 543 19 13 26661 11 13 357 333 95 78448 6068 9701 9336 465 527 109 6597 263 3246 23164 500 191 240 25 42 63
internal_value=1.22212e-09 0.00019964 0.000112442 0.000184658 0.00540298 -0.00651331 0.0037405 -0.0127749 0.0067953 0.0073316 0.00643044 -0.0174905 -0.00369279 -0.0112066 -0.0140019 -0.00420375 0.00339352 -0.0124806 0.0134867 -0.0263009 0.0105334 -0.0270635 0.00407429 -0.000403286 0.00808504 0.0128492 0.00509401 0.011034 0.0210349 0.00255018
internal_weight=1407.3 1383.64 1381.85 1380.06 138.916 14.1483 12.638 8.33247 124.768 123.827 121.725 7.25579 5.38914 23.6664 21.6487 12.7963 10.2435 4.6491 2.01764 8.85248 0.731695 2.55279 3.0472 1241.15 114.469 42.8773 71.592 35.4538 17.0973 9.33526
internal_count=188875 69900 68822 54178 30999 27236 27217 27204 3763 1870 1859 441 108 118975 114233 29079 19115 13047 4742 85154 6706 9964 3711 23179 1418 548 870 370 130 105
is_linear=0
shrinkage=0.05


Tree=120
num_leaves=31
num_cat=0
split_feature=10 7 5 5 5 5 3 4 10 7 7 4 10 8 5 10 10 10 10 3 10 10 10 4 4 4 7 7 7 7
split_gain=1.3522 1.74055 1.17862 0.994445 1.34562 1.53982 1.23993 0.99122 0.963143 0.770692 0.769877 0.878402 0.736641 0.6644 1.42842 0.918399 0.643376 1.46372 1.80622 1.02947 0.781362 0.766101 0.899686 0.81085 0.687762 0.628306 0.899523 0.56624 0.623848 0.635503
threshold=0.009756329935044052 0.46904338896274572 6.5000000000000009 21.500000000000004 37.500000000000007 39.500000000000007 42.500000000000007 6.5000000000000009 0.011696306522935631 0.535648673772812 0.57062244415283214 48.500000000000007 0.024929978884756569 115.50000000000001 14.500000000000002 0.014718532562255861 0.0053050769492983827 0.0053619688842445621 0.0062696540262550124 191.50000000000003 0.003960411762818695 0.0063092110212892303 0.0075472774915397176 87.500000000000014 86.500000000000014 27.500000000000004 0.55700722336769115 0.5560242533683778 0.53642636537551891 0.535648673772812
decision_type=2 2 2 2 2 2 2 2 2 2 2 2 2 2 2 2 2 2 2 2 2 2 2 2 2 2 2 2 2 2
left_child=1 16 -2 9 7 -6 10 -5 25 13 11 12 -7 -4 15 -15 19 -18 -19 -1 -21 -20 23 24 -23 26 27 28 29 -8
right_child=2 -3 3 4 5 6 8 -9 -10 -11 -12 -13 -14 14 -16 -17 17 18 21 20 -22 22 -24 -25 -26 -27 -28 -29 -30 -31
leaf_value=-0.026004334801826758 -0.036541460227213961 -0.03436785560479956 0.037943743330814739 0.011601838356380944 0.038272085179840071 -0.047370256540058268 -0.0012934482026020176 -0.0434406741821406 -0.041601678584681813 -0.022747865645715848 0.020817383399164537 -0.00046628111707149511 0.0022065234359235392 -0.020577092687353613 -0.033017962782790469 0.023639129132246896 0.042049231841877671 -0.03524792255585199 0.032653052824424857 -0.018946862338909146 0.028097208139367332 -0.01389684118282688 0.005903224341288882 -0.031006200094723137 0.042944681376807049 -0.027163792875137163 -0.029491337436022731 0.045601855119294002 -0.022516259976170197 0.040215568940413289
leaf_weight=3.0846540974616792 1.26893770069364 1.8461396491411495 2.1552093128357193 0.63525159971322898 1.5542105907388748 0.83101930911652644 2.3350916086492375 2.0455987991845168 2.1701323226006934 0.43212858062179371 3.2376271691173306 1228.0829383171349 1.1248274929821489 0.61528154170991811 0.7758233274125822 5.9152414650397986 1.7572258611162386 1.7413664659698032 1.6539853405229212 0.5317007397425183 1.4550832547938626 0.37199851222794678 134.76759962406322 2.0726919999506199 0.040680734984562483 1.2239870450302976 0.51293934303976119 0.15768309251870949 0.6622497196367475 0.46260710502974678
leaf_count=33625 3294 19548 1063 150 1098 38 463 8634 13150 211 20 22903 14 3672 2744 545 1078 15075 974 4215 527 3782 23103 18378 332 9655 169 17 379 19
internal_value=1.94174e-10 0.0044818 -0.000535888 -0.000470414 -0.000601546 -0.000511694 -0.000591054 -0.0307893 -0.0195952 0.0145718 -0.000459321 -0.000532189 -0.0277577 0.0182878 0.00861972 0.0172939 0.00519631 0.00584212 0.00509609 -0.0109132 0.013379 0.00585017 0.00529334 -0.0199827 0.0181395 -0.00553302 0.00492188 0.0151313 0.00382923 0.0143523
internal_weight=1405.52 149.323 1256.2 1254.93 1245.04 1242.36 1240.8 2.68085 7.52469 9.89368 1233.28 1230.04 1.95585 9.46156 7.30635 6.53052 147.477 142.406 140.648 5.07144 1.98678 138.907 137.253 2.48537 0.412679 5.35456 4.13057 3.61763 3.45995 2.7977
internal_count=188875 120637 68238 64944 56709 47925 46827 8784 23852 8235 22975 22955 52 8024 6961 4217 101089 62722 61644 38367 4742 46569 45595 22492 4114 10702 1047 878 861 482
is_linear=0
shrinkage=0.05


Tree=121
num_leaves=31
num_cat=0
split_feature=3 10 3 10 10 6 6 6 10 6 10 10 5 6 6 6 6 5 5 10 3 3 7 7 7 7 4 10 10 3
split_gain=1.11582 1.87022 1.24723 1.42726 0.960345 2.25638 0.757071 1.36716 0.725643 0.775013 0.765963 1.10103 0.940854 0.725386 0.892021 0.685468 1.12039 0.649248 0.980381 0.611955 0.609984 1.50063 0.594999 0.762722 0.880023 0.91463 0.784687 0.586672 0.925837 0.80599
threshold=128.50000000000003 0.0053619688842445621 99.500000000000014 0.009756329935044052 0.0063092110212892303 4.1475377082824716 4.6214363574981698 9.1301374435424822 0.0039761590305715808 0.25098815560340887 0.011428944766521456 0.012385687325149776 21.500000000000004 0.73574799299240123 0.74124696850776683 6.504176378250123 5.4190740585327157 39.500000000000007 38.500000000000007 0.024474314413964752 71.500000000000014 72.500000000000014 0.53085750341415416 0.53171458840370189 0.535648673772812 0.55700722336769115 26.500000000000004 0.028383218683302406 0.025135437026619915 28.500000000000004
decision_type=2 2 2 2 2 2 2 2 2 2 2 2 2 2 2 2 2 2 2 2 2 2 2 2 2 2 2 2 2 2
left_child=1 -1 3 4 -3 20 -7 15 9 -2 13 12 -12 17 -15 16 -8 18 -10 -13 -6 -22 -14 -24 -25 26 -26 28 -5 -30
right_child=8 2 -4 27 5 6 7 -9 10 -11 11 19 22 14 -16 -17 -18 -19 -20 -21 21 -23 23 24 25 -27 -28 -29 29 -31
leaf_value=0.04156163531557467 0.028385300081916906 0.035356397933988919 -0.034306458279206871 -0.00036159341802484001 -0.040481546710254696 0.028705896482523252 -0.038977957760998577 0.0063770075291913171 -0.020681607383909881 -0.01868736170751311 0.037416779853425404 -0.026364368620365494 -0.025922607074688405 0.04117515853996296 -0.017944732070665312 -0.036093927771282369 0.0048817449017033417 -0.033442670076335432 0.039607446941243178 0.0046079288620999841 0.033407911828848738 -0.027304924968491857 0.028501819278541063 -0.034403993324623641 0.04028176491502522 -0.023680468922727599 -0.014583111399777729 0.021666956324727534 -0.049043752410969449 0.0066274685971036088
leaf_weight=1.725621426163342 1.4273850841564151 1.5729425624340354 1.628465296482317 1235.9323489538092 2.339999339732457 2.5130492837924967 0.84547950632258828 120.84731562932575 0.64456643666017044 0.52700764824021451 1.1195760624268585 4.6505404191593698 0.86430644950996605 0.16251393700076722 0.54412125090675545 1.4913409387008867 6.1309741713630501 6.7711064778595755 0.16615085085868653 1.853807315281301 0.67923099226027295 1.6127806593849525 1.3551002939457246 0.79659226100739067 1.129549722672891 0.48729514538172214 0.33887048141332332 2.0132502829655996 0.79412963520735391 0.68937521873158403
leaf_count=1078 103 543 14644 23116 13677 19 54 1512 5772 4639 474 21545 3749 109 6597 343 125 72131 545 529 547 14179 43 267 1332 937 203 16 29 18
internal_value=-1.52026e-10 0.00018503 0.000103179 0.000168716 0.0049725 0.00436761 0.00565259 0.00498774 -0.0107254 0.0136631 -0.0135278 -0.0050377 0.00949503 -0.0244984 0.0118115 -0.0134185 -0.00465388 -0.0288646 0.0067244 -0.0180992 -0.0267135 -0.00463005 -0.00200541 0.0071175 -0.008201 0.0105008 0.0268419 -0.00036985 -0.000423171 -0.0309219
internal_weight=1403.65 1380.82 1379.09 1377.46 138.033 136.46 131.828 129.315 22.8385 1.95439 20.8841 12.5956 6.09129 8.28846 0.706635 8.46779 6.97645 7.58182 0.810717 6.50435 4.63201 2.29201 4.97171 4.10741 2.75231 1.95572 1.46842 1239.43 1237.42 1.4835
internal_count=188875 69900 68822 54178 30999 30456 2053 2034 118975 4742 114233 29079 7005 85154 6706 522 179 78448 6317 22074 28403 14726 6531 2782 2739 2472 1535 23179 23163 47
is_linear=0
shrinkage=0.05


Tree=122
num_leaves=31
num_cat=0
split_feature=3 10 3 10 6 10 6 10 6 5 5 10 5 7 10 5 6 6 4 7 6 6 6 6 6 3 6 6 3 6
split_gain=1.15236 1.81291 1.13666 1.51519 1.34323 0.978641 1.05581 0.81451 0.799473 0.60564 0.983056 0.621911 1.31374 0.601472 1.87822 0.924849 0.58636 0.870199 0.782656 1.73435 0.544355 1.04752 0.987364 1.26425 3.20714 1.76309 1.76406 1.66216 1.5124 1.01931
threshold=128.50000000000003 0.0053619688842445621 99.500000000000014 0.0063092110212892303 0.56629496812820446 0.0099504948593676108 32.305309295654304 0.0039761590305715808 0.25098815560340887 39.500000000000007 20.500000000000004 0.012270400300621988 38.500000000000007 0.52635166049003612 0.023384617641568187 20.500000000000004 0.73574799299240123 0.74124696850776683 87.500000000000014 0.46904338896274572 11.973258018493654 12.486545562744142 13.250360488891603 16.651162147521976 17.427235603332523 46.500000000000007 32.034280776977546 24.167681694030765 45.500000000000007 31.277459144592289
decision_type=2 2 2 2 2 2 2 2 2 2 2 2 2 2 2 2 2 2 2 2 2 2 2 2 2 2 2 2 2 2
left_child=1 -1 3 -3 -5 6 20 8 -2 10 -9 12 -12 14 15 -7 18 -18 19 -11 -6 -22 -23 -24 -25 26 27 -26 29 -29
right_child=7 2 -4 4 5 13 -8 9 -10 16 11 -13 -14 -15 -16 -17 17 -19 -20 -21 21 22 23 24 25 -27 -28 28 -30 -31
leaf_value=0.040892822064670507 0.029741274580732193 0.038399206725688972 -0.033301576449600738 -0.034568037511474345 -7.1871625991785945e-05 0.021838325023823171 -0.036035183637275252 -0.016022465764765105 -0.018466146557865271 0.03718643300436069 -0.028542291907046019 0.0294077672807182 0.037843933246353129 0.015090432398657675 -0.04566754356232483 -0.00041274595552840706 0.040790613203892073 -0.017680123224824203 -0.040744910852342678 -0.019870709084520641 0.023946480605411814 -0.012386179478087279 0.013777198330779856 -0.053160317983027831 0.00017470775804177426 0.016120671809216641 0.031481816452431477 -0.05728790935153466 0.0031478330823240214 -0.0033991743471813644
leaf_weight=1.7299015161806881 1.4111291217705026 1.5867630560678652 1.5414065917166215 1.7890455052474852 53.108465035193149 3.6884422281145808 0.66269449051469465 4.5592699185872334 0.51765815435010143 0.61946751663799915 1.1556359942915149 1.895665512050982 0.16053539516724713 5.2894455778878173 1.2884426211530797 1194.5301248598571 0.16991445791791271 0.53225759431552433 3.4308696295884085 8.0960326247904941 6.6937270015478125 6.9323055907152584 33.545144155476009 1.5458698722504767 35.838103510977817 19.723100654780865 2.7463215198367825 2.4177968848962332 2.6849552122876048 1.3594100717455146
leaf_count=1078 103 543 14644 3013 27444 32 30 10876 4639 6623 8592 1239 545 54 86 21450 109 6600 39953 39696 71 105 429 76 446 158 16 146 25 54
internal_value=-1.57793e-09 0.000187189 0.000106412 0.000168018 9.59639e-05 0.000166306 0.00373835 -0.0109675 0.0149156 -0.0139666 -0.00245416 0.0160375 -0.00760201 -0.000332278 -0.000412801 -0.000326098 -0.0202496 0.0121204 -0.0229005 -0.0124052 0.00411063 0.00605145 0.00471806 0.00601646 0.00194441 0.00404789 -0.00147333 -0.00429057 -0.0257591 -0.0426648
internal_weight=1401.25 1378.7 1376.97 1375.43 1373.84 1372.05 167.258 22.5484 1.92879 20.6196 7.77111 3.21184 1.31617 1204.8 1199.51 1198.22 12.8485 0.702172 12.1464 8.7155 166.595 113.487 106.793 99.8607 66.3156 64.7697 45.0466 42.3003 6.46216 3.77721
internal_count=188875 69900 68822 54178 53635 50622 29000 118975 4742 114233 21252 10376 9137 21622 21568 21482 92981 6709 86272 46319 28970 1526 1455 1350 921 845 687 671 225 200
is_linear=0
shrinkage=0.05


Tree=123
num_leaves=31
num_cat=0
split_feature=3 6 6 6 10 6 6 6 6 6 3 6 6 6 6 6 6 3 6 6 6 6 6 6 6 6 6 6 6 3
split_gain=1.29593 1.81031 1.12542 1.28252 0.868741 0.726769 0.84513 1.36355 1.71504 5.00781 1.13566 1.22196 2.14999 1.73565 2.28238 1.72204 1.72374 1.11221 2.68968 1.99368 2.01297 1.74087 2.05109 1.22896 2.19827 1.06076 3.15585 1.03028 1.42007 1.77345
threshold=192.50000000000003 0.29025129973888403 0.70710679888725292 0.74124696850776683 0.009756329935044052 32.305309295654304 20.280011177062992 18.853606224060062 18.586188316345218 18.047428131103519 44.500000000000007 11.973258018493654 12.818572998046877 10.470671176910402 5.824183702468873 15.463809490203859 13.522763252258303 45.500000000000007 21.380851745605472 21.380851745605472 24.571588516235355 22.755928993225101 31.277459144592289 24.167681694030765 23.925033569335941 17.719470977783207 16.130861282348636 13.250360488891603 13.73842763900757 48.500000000000007
decision_type=2 2 2 2 2 2 2 2 2 2 2 2 2 2 2 2 2 2 2 2 2 2 2 2 2 2 2 2 2 2
left_child=1 -1 -3 -4 5 6 7 8 9 10 11 13 -13 14 -5 16 -14 18 -8 -19 -21 -20 23 24 -23 26 27 -12 -29 -30
right_child=-2 2 3 4 -6 -7 17 -9 -10 -11 25 12 15 -15 -16 -17 -18 19 21 20 -22 22 -24 -25 -26 -27 -28 28 29 -31
leaf_value=0.030008874244419354 -0.012893979664973576 -0.016420072773814288 0.033652054873797625 -0.044207473287647708 -0.00029892874824898806 -0.031102633739625629 -0.031298093752872819 -0.01399480688442091 0.031508374288191254 -0.063050220611026803 -0.0037103281186012492 0.04444063087639246 0.0077776615662311756 -0.047893711335924738 0.016993614244418902 0.019216438167406747 -0.05040736873302 0.036842998922166352 0.029364959692757944 -0.026892636362066843 0.018108733589376588 -0.04268245781654037 0.024188280227663086 -0.049561162436494874 0.02241574732349003 0.027319819267748676 -0.05373231686030544 0.026687967933963715 -0.023483624666284397 0.01335739557555176
leaf_weight=4.0675914653857026 18.220024421543712 9.2706446525553456 1.858068849898699 0.86895468212242111 1229.6903819099934 0.48292311560362478 3.6824599113315371 10.994358974043278 4.3209247402846804 1.8475060462951649 34.900363874725372 5.1505836956203011 2.4680705657228823 0.72555988305248398 7.5630772832955699 8.4057907055539527 1.2175155358854679 7.7023140238598016 6.4632113482803089 2.7850950583815557 6.2684508264064789 1.0810833823634314 3.0209053554572165 1.4220733204856513 2.4500362258404493 2.4480117913335553 1.7266920912079502 7.050909003242853 4.215423399320569 7.7430136539041996
leaf_count=1223 84797 49188 1335 256 20444 18 23 120 18 38 30447 15 26 41 133 59 59 28 22 43 59 74 41 64 6 11 73 48 119 47
internal_value=-9.38537e-10 0.000179205 6.94422e-05 0.000193051 0.00012299 0.00388465 0.00423367 0.00188454 0.00394208 0.00221738 0.00436553 0.0127567 0.0202432 -0.00194412 0.00666833 0.0073285 -0.0180993 0.010837 0.00200485 0.0197372 0.00296724 0.0119765 -0.00381906 -0.0220943 -0.00253593 0.000400354 -0.00124557 0.00138349 0.0104536 -0.00043934
internal_weight=1400.11 1381.89 1377.82 1368.55 1366.7 137.005 136.522 101.647 90.6524 86.3315 84.484 26.3996 17.242 9.15759 8.43203 12.0914 3.68559 34.8756 18.1198 16.7559 9.05355 14.4373 7.9741 4.95319 3.53112 58.0844 55.6364 53.9097 19.0093 11.9584
internal_count=188875 104078 102855 53667 52332 31888 31870 31510 31390 31372 31334 589 159 430 389 144 85 360 230 130 102 207 185 144 80 30745 30734 30661 214 166
is_linear=0
shrinkage=0.05


Tree=124
num_leaves=31
num_cat=0
split_feature=10 7 6 6 6 6 6 10 6 6 6 6 6 6 3 3 10 6 6 6 6 6 6 6 6 6 3 3 6 6
split_gain=1.67274 1.50727 1.29856 2.16285 1.40968 1.09392 1.08327 0.874883 0.76516 1.87773 1.61944 1.58114 1.07313 3.43687 1.15371 1.05408 2.44693 1.02042 1.86253 1.82717 1.25902 1.24983 0.790337 1.26589 1.04349 0.968086 1.77492 1.09743 1.42885 0.674029
threshold=0.009756329935044052 0.46904338896274572 0.29025129973888403 0.73574799299240123 0.41625617444515234 0.37898556888103491 0.56629496812820446 0.0082305916585028189 20.280011177062992 22.755928993225101 18.853606224060062 23.925033569335941 18.586188316345218 18.047428131103519 44.500000000000007 48.500000000000007 0.0094788861460983771 11.973258018493654 12.818572998046877 10.470671176910402 5.824183702468873 16.36031532287598 0.92583191394805919 4.1475377082824716 4.6214363574981698 9.9389123916625994 46.500000000000007 47.500000000000007 5.824183702468873 9.3855566978454608
decision_type=2 2 2 2 2 2 2 2 2 2 2 2 2 2 2 2 2 2 2 2 2 2 2 2 2 2 2 2 2 2
left_child=1 2 7 4 5 -4 -2 -1 10 -10 12 -11 13 14 17 16 -12 19 -19 20 -5 -20 -16 -24 -25 26 -26 -28 -29 -22
right_child=6 -3 3 8 -6 -7 -8 -9 9 11 15 -13 -14 -15 22 -17 -18 18 21 -21 29 -23 23 24 25 -27 27 28 -30 -31
leaf_value=0.03223826750313686 -0.01324612803683798 -0.032589145588982071 -0.02355383459184417 -0.032967282163869273 -0.038466182710392427 0.028872597193063166 -0.00042235685765315626 -0.01632221547446076 0.022521925949266219 -0.041341363897286806 -0.059910814960782023 0.0049109200204134817 0.027921375389311956 -0.054603075458017541 0.025743740118832344 0.010638617379549414 -0.0037505430581215647 0.044469356660093717 -0.0044244812425033864 -0.046890890598809243 0.02691889890958464 0.026553847050294052 -0.033570890650899465 0.028849059819681389 -0.047989139384123677 0.0039858948203142005 0.016524880332735432 0.0077374451710205648 -0.039167830293106894 -0.0017085471154646367
leaf_weight=5.553079614739544 15.692464995859153 1.6378797704346642 0.80400701218422832 0.5779665013487828 3.6918603574704321 1.30200471943499 1236.70056441423 0.45825983129179793 18.773702865466475 1.0936127494787786 1.924517844337968 14.743942441884426 4.2478072242811313 1.4027803596109141 2.3210505991592063 2.6635349988937369 6.2013295316137373 5.0185718545690206 7.0114556474145484 0.70137809426523823 4.4348588500070036 4.7183313882123912 1.5871651571233076 2.4478222532197824 1.690165274470927 40.054254710543319 3.804238906617682 2.8188353617952089 2.1247569334009313 3.1254983560647815
leaf_count=12110 45575 19548 2351 256 47485 1451 22663 5228 98 86 47 194 18 38 11149 12 61 15 114 41 95 30 19015 18 146 622 80 50 241 38
internal_value=6.7707e-10 0.00502832 0.00567223 0.00457903 -0.0230226 0.00771844 -0.000593479 0.0267364 0.00594014 0.0122463 0.00363218 -0.00054851 0.0059045 0.00447302 0.00612067 -0.0138467 -0.0221589 0.0147243 0.021638 0.00075728 0.00954557 0.00914368 0.00206049 0.000606905 0.00223495 0.000409514 -0.0124629 -0.00138005 -0.0156205 0.0162671
internal_weight=1399.33 146.935 145.297 139.285 5.79787 2.10601 1252.39 6.01134 133.488 34.6113 98.8763 15.8376 88.0869 83.8391 82.4363 10.7894 8.12585 25.5881 16.7484 8.8397 8.13832 11.7298 56.8483 54.5272 52.9401 50.4923 10.438 8.74783 4.94359 7.56036
internal_count=188875 120637 101089 83751 51287 3802 68238 17338 32464 378 32086 280 31966 31948 31910 120 108 589 159 430 389 144 31321 20172 1157 1139 517 371 291 133
is_linear=0
shrinkage=0.05


Tree=125
num_leaves=31
num_cat=0
split_feature=3 3 6 6 3 3 8 5 5 6 6 3 6 3 3 3 3 6 6 6 6 3 3 3 3 3 3 6 3 6
split_gain=1.15415 2.13125 1.1779 2.06327 1.52356 2.34773 0.828064 0.750765 0.762021 0.749503 1.58369 1.48558 1.44292 1.75555 3.2867 2.82347 1.28052 1.24467 1.83935 1.05009 1.22011 1.24461 4.13885 1.15402 2.3086 2.32551 2.37709 1.5933 0.955761 4.23691
threshold=192.50000000000003 42.500000000000007 0.29025129973888403 4.1475377082824716 126.50000000000001 128.50000000000003 137.50000000000003 39.500000000000007 20.500000000000004 40.993413925170906 41.409038543701179 27.500000000000004 40.450315475463874 8.5000000000000018 9.5000000000000018 2.5000000000000004 5.5000000000000009 42.13920974731446 44.856470108032234 40.790140151977546 40.578989028930671 19.500000000000004 18.500000000000004 14.500000000000002 20.500000000000004 22.500000000000004 26.500000000000004 40.912498474121101 24.500000000000004 44.293878555297859
decision_type=2 2 2 2 2 2 2 2 2 2 2 2 2 2 2 2 2 2 2 2 2 2 2 2 2 2 2 2 2 2
left_child=1 9 -3 4 6 -6 -4 8 -2 12 11 -11 -1 15 -15 -14 17 -12 -19 20 -16 22 -22 -21 27 -26 -27 -25 -18 -30
right_child=7 2 3 -5 5 -7 -8 -9 -10 10 16 -13 13 14 19 -17 28 18 -20 23 21 -23 -24 24 25 26 -28 -29 29 -31
leaf_value=-0.00051643427215696046 -0.012359090774480753 0.027883912097237604 -0.03481539169134356 0.0066645564754123409 0.042454835126469956 -0.020261060747655952 0.0043220131353742808 -0.020171537741295154 0.016209796704854045 -0.044454275007380598 0.0098264281637581771 0.0077129323281075468 0.0091483705673484784 0.049847595983897014 0.0073956598727744488 -0.052067523564129539 0.0032697825890670449 -0.050634964245718395 0.0025396046635173175 0.030184292503763806 -0.048475103940637809 -0.050231898290443916 0.046689206326940402 -0.054119836818251998 0.046389873395537379 -0.048348698561341753 0.018711398807490866 0.0030137015400910272 -0.035838964164720537 0.0073650962428556434
leaf_weight=1112.0518665309082 4.3500211862028664 4.8565148682100689 5.7442092027285963 131.87968349741277 1.6568941860805351 2.4801009874836382 1.4347678767808245 10.607128772906435 3.1405792198256686 3.5161758277099571 1.9635319458320726 1.5811604615300892 4.7355593154206863 4.3828164655715218 7.2081413203850406 1.8921733966562895 46.605931710917503 3.412175364792347 2.4307769243605435 6.0191066400148001 1.2440775930881505 1.37676869565621 1.3276132084429264 1.3072858126834019 3.0493522770702839 1.0828965269029143 2.6773409261368215 2.3807503934949636 8.0970770458225179 14.385398623300715
leaf_count=20410 10867 1223 43290 2149 1060 33307 28 63559 10371 241 50 41 44 22 86 132 904 140 55 50 44 54 5 31 17 30 48 29 311 277
internal_value=1.61094e-09 0.000168724 0.00581605 0.00487943 -0.0147769 0.00823195 -0.0274214 -0.0122076 0.000117371 -0.000513692 -0.00510271 -0.0296613 -0.000182568 0.0091863 0.0139963 -0.0128632 -0.00311484 -0.0210727 -0.031375 0.00677789 -0.00483626 -0.0241483 -3.00925e-05 0.0144512 0.00358947 0.0199693 -0.00670075 -0.0244626 -0.000814027 -0.00905845
internal_weight=1398.88 1380.78 148.052 143.196 11.316 4.137 7.17898 18.0977 7.4906 1232.73 81.9922 5.09734 1150.74 38.6839 32.0561 6.62773 76.8949 7.80648 5.84295 27.6733 11.1566 3.94846 2.57169 16.5167 10.4976 6.80959 3.76024 3.68804 69.0884 22.4825
internal_count=188875 104078 81057 79834 77685 34367 43318 84797 21238 23021 2019 282 21002 592 416 176 1737 245 195 394 189 103 49 205 155 95 78 60 1492 588
is_linear=0
shrinkage=0.05


Tree=126
num_leaves=31
num_cat=0
split_feature=10 7 6 6 6 8 6 3 8 8 8 6 6 6 3 6 6 6 3 6 6 3 6 6 6 3 6 6 3 6
split_gain=1.10155 1.38052 0.954111 1.71843 1.10881 0.94225 0.921088 2.37882 0.92064 0.990734 0.912151 0.95835 0.869273 3.28521 1.28248 1.2811 1.11733 2.42024 0.88155 0.867073 2.57537 1.03208 1.96005 1.56306 1.64702 1.00122 3.51524 2.07561 2.6716 1.04092
threshold=0.009756329935044052 0.46904338896274572 20.280011177062992 22.442245483398441 18.853606224060062 165.50000000000003 24.571588516235355 43.500000000000007 107.50000000000001 90.500000000000014 88.500000000000014 0.56629496812820446 18.586188316345218 18.047428131103519 44.500000000000007 5.824183702468873 0.41625617444515234 0.73574799299240123 98.500000000000014 17.719470977783207 16.130861282348636 48.500000000000007 15.463809490203859 15.463809490203859 14.846392631530763 46.500000000000007 9.9389123916625994 9.6654934883117694 47.500000000000007 5.4190740585327157
decision_type=2 2 2 2 2 2 2 2 2 2 2 2 2 2 2 2 2 2 2 2 2 2 2 2 2 2 2 2 2 2
left_child=1 2 4 -4 12 8 7 -5 9 10 11 -2 13 14 15 -1 18 -18 -16 20 21 22 25 24 -23 26 -19 29 -29 -27
right_child=5 -3 3 6 -6 -7 -8 -9 -10 -11 -12 -13 -14 -15 16 -17 17 19 -20 -21 -22 23 -24 -25 -26 27 -28 28 -30 -31
leaf_value=-0.031405810954856374 -0.017260660225477856 -0.032174621625847472 0.023319970539951454 0.0052845257641467754 -0.012350965912289735 -0.033736492201004629 0.00995791627169537 -0.051711634417761401 0.014291573688301116 -0.027962197376959982 0.028198638734788589 -0.00042477788525002594 0.02363291742564097 -0.054432328579608252 -0.020607946136628672 0.015958155938536566 -0.037485679589655728 -0.045955821280907944 0.021439178682732516 0.025305576899929755 -0.049738546135595536 0.0071652763154006829 -0.049906883446912222 0.034373395515466865 -0.043867808821359995 -0.028384662013580971 0.016211322069952096 -0.062732919647014662 -0.0048691215230652141 0.018364107787989272
leaf_weight=0.6015830823416789 7.5121946898470915 1.597067867741315 15.989359468221663 5.8118521892465678 10.524429672863333 1.1267649881756359 11.201452028006313 1.5728962610010055 9.5378579715743381 2.2878351825675045 1.7673171569967951 1228.5267484459746 4.3774303114041677 1.4410989107564081 0.6381099275968144 24.880251699287328 3.3987224679112833 1.6771085518976274 8.0369076555207339 2.4488840419799081 1.5394880166277278 16.499615924531106 1.1620626273579535 4.1039486769586793 0.74121404625475307 0.52338354499261086 14.741382394451646 2.1379887293005577 6.0002938325560535 5.6439262334897649
leaf_count=520 24319 19548 82 46 120 3294 172 78 8235 7686 2196 22508 18 38 862 333 47237 405 20262 11 73 29964 36 13 13 290 178 95 94 149
internal_value=9.03475e-10 0.00407478 0.00468876 0.0118239 0.00238293 -0.00048272 0.00124832 -0.0115747 -0.000425785 -0.000550403 -0.000477207 -0.000540971 0.00403084 0.00290511 0.00433618 0.0136963 0.000748229 -0.00174284 0.016536 0.000987621 -0.000533928 0.00178004 -0.00388958 0.0100447 0.00268663 -0.000630799 0.00758733 -0.00994221 -0.0252718 0.01099
internal_weight=1398.05 147.29 145.693 34.5756 111.118 1250.76 18.5862 7.38475 1249.63 1240.09 1237.81 1236.04 100.593 96.216 94.7749 25.4818 69.293 60.618 8.67502 57.2193 54.7704 53.2309 31.8861 21.3448 17.2408 30.7241 16.4185 14.3056 8.13828 6.16731
internal_count=188875 120637 101089 378 100711 68238 296 124 64944 56709 49023 46827 100591 100573 100535 853 99682 78558 21124 31321 31310 31237 1247 29990 29977 1211 583 628 189 439
is_linear=0
shrinkage=0.05


Tree=127
num_leaves=31
num_cat=0
split_feature=10 6 7 6 6 6 6 5 5 5 5 4 6 10 7 4 7 11 7 6 6 6 10 10 10 6 10 10 10 6
split_gain=1.58874 1.60857 0.926741 1.1557 2.08088 1.08658 0.901195 0.866138 0.818355 1.09986 1.3526 0.800273 0.766255 0.735293 1.48829 0.711598 0.691838 2.11877 1.4019 0.834356 1.52044 1.59628 3.14517 5.10761 2.27019 2.59259 2.17331 3.64836 1.77881 1.28728
threshold=0.009756329935044052 11.973258018493654 0.46904338896274572 0.41625617444515234 0.73574799299240123 10.470671176910402 12.486545562744142 6.5000000000000009 21.500000000000004 37.500000000000007 39.500000000000007 6.5000000000000009 0.56629496812820446 0.0068260179832577714 0.46858306229114538 9.5000000000000018 0.46288169920444494 1.0000000180025095e-35 0.45292907953262335 40.993413925170906 40.450315475463874 40.578989028930671 0.013793759513646366 0.016159754246473316 0.012121656909585001 40.912498474121101 0.013245614245533945 0.011696306522935631 0.014578848611563446 41.409038543701179
decision_type=2 2 2 2 2 2 2 2 2 2 2 2 2 2 2 2 2 2 2 2 2 2 2 2 2 2 2 2 2 2
left_child=1 2 3 13 -5 -6 -3 -2 -9 11 -11 -10 -12 -1 -15 -14 18 -18 19 20 -17 26 24 -24 25 -23 27 -22 -28 -21
right_child=7 6 -4 4 5 -7 -8 8 9 10 12 -13 15 14 -16 16 17 -19 -20 29 21 22 23 -25 -26 -27 28 -29 -30 -31
leaf_value=0.020802803530204275 -0.032805704016121089 0.026189351636801118 -0.03170375763246313 -0.037188550198299551 0.0035198482409297921 -0.0179480782850907 0.0072536065236917446 0.013351771542567455 0.0098439038303309596 0.03616677530745295 -0.015746716155334739 -0.040839366891397971 0.023085207832234642 -0.030294564567910593 0.042524685842150994 -0.00059240828857096562 -0.00065276658077846432 -0.056245908501436605 0.026657004783737 -0.027818742002574521 0.029471056939441284 -0.052876058625105728 -0.062309986663272088 0.024091731585820758 0.020035422424787327 0.011739577175974934 0.043715224771534188 -0.05430605487920253 -0.0030304897245731306 -0.003659746384392057
leaf_weight=7.3315721087683396 1.081517158083442 5.9938535448163739 1.5452106120246742 3.329557576284059 30.421338807856955 6.2559991471352978 89.540708232641919 9.5398071474392037 0.62094456811610155 1.5019699095391832 7.3336677630350087 1.8251173168200685 2.1817197708514859 1.4127708645992241 0.0283364291590259 1095.4014278081086 7.1473064607234829 1.2645551541354505 3.7382206106558433 5.0040231430903068 1.8958925199694925 1.7113495511002899 3.2076697067823252 2.1721619581803679 15.341364357620476 2.9719949513673782 7.7783395145088416 1.3994277222082017 2.4881452266126871 75.089434126857668
leaf_count=9919 3294 57 19548 47485 31161 181 1065 8235 150 1098 24319 8634 18 11077 144 19720 121 23 25 281 16 71 171 16 143 47 37 39 51 1729
internal_value=1.37033e-10 0.00491989 -0.002287 -0.000736988 -0.00440518 -0.00052108 0.00870063 -0.000577242 -0.000523139 -0.00064055 -0.000561549 -0.0288502 -0.000635375 0.0147304 -0.012029 -0.000532457 -0.000593235 -0.0140982 -0.000488494 -0.000593913 -0.000243433 0.00933613 0.00170097 -0.0291163 0.0109714 -0.017021 0.0225396 -0.0104668 0.0331227 -0.00549357
internal_weight=1396.56 145.859 50.3248 48.7796 40.0069 36.6773 95.5346 1250.7 1249.61 1240.07 1237.63 2.44606 1236.13 8.77268 1.44111 1228.79 1226.61 8.41186 1218.2 1214.46 1134.37 38.9663 25.4045 5.37983 20.0247 4.68334 13.5618 3.29532 10.2665 80.0935
internal_count=188875 120637 119515 99967 78827 31342 1122 68238 64944 56709 47925 8784 46827 21140 11221 22508 22490 144 22346 22321 20311 591 448 187 261 118 143 55 88 2010
is_linear=0
shrinkage=0.05


Tree=128
num_leaves=31
num_cat=0
split_feature=10 7 5 10 10 7 4 7 6 6 6 6 3 6 6 6 6 6 6 6 3 6 3 6 3 3 3 6 3 6
split_gain=1.32407 1.28216 0.803001 0.831016 2.67389 1.07039 0.964172 0.844007 0.781051 1.00751 1.20738 1.5172 1.67204 1.02301 0.701087 0.92769 2.0694 0.859741 1.1935 0.824171 2.51842 3.08418 2.2474 3.74594 0.79106 0.775725 0.867126 0.699427 3.33558 1.83501
threshold=0.009756329935044052 0.46904338896274572 6.5000000000000009 0.021915592253208164 0.019843111746013168 0.55700722336769115 59.500000000000007 0.63366886973381054 32.305309295654304 20.280011177062992 22.755928993225101 32.034280776977546 45.500000000000007 19.381326675415043 11.973258018493654 0.41625617444515234 0.73574799299240123 0.92583191394805919 4.1475377082824716 13.522763252258303 46.500000000000007 13.250360488891603 48.500000000000007 15.160224437713625 98.500000000000014 99.500000000000014 127.50000000000001 18.047428131103519 47.500000000000007 17.427235603332523
decision_type=2 2 2 2 2 2 2 2 2 2 2 2 2 2 2 2 2 2 2 2 2 2 2 2 2 2 2 2 2 2
left_child=1 8 -2 4 5 -4 -6 -5 9 13 -11 12 -12 14 15 24 -17 -18 -19 20 -16 -22 23 -21 -1 -26 -27 29 -29 -25
right_child=2 -3 3 7 6 -7 -8 -9 -10 10 11 -13 -14 -15 19 16 17 18 -20 22 21 -23 -24 27 25 26 -28 28 -30 -31
leaf_value=-0.020759431386130761 -0.031885598373492814 -0.03120679943022301 -0.00044566108353958668 0.013430010936763867 0.0047360125633027321 -0.033873767432613763 -0.062246732185794046 -0.028026010195920444 -0.03125613634505018 0.021159904130929996 -0.021306381167782704 0.028989011216987666 0.012957754230201103 -0.014120631581660218 0.025524082591267871 -0.036645679743883094 0.024693658061220418 -0.034308884812687859 0.00071799095652339776 -0.058463465091191075 -0.055191007022556943 0.018089019516537432 0.020123500964364983 -0.0042853551490833865 0.039801117006792078 -0.024741087228832934 0.014962091281704554 -0.031546558594559751 0.03416257402869196 0.031355597635617481
leaf_weight=0.6473059587779052 1.0384876604020963 1.4926906637356285 1228.6449795357121 15.006540174163089 0.52183737884479331 1.3996541825172233 1.3796893699636701 0.4037508782057565 0.48654869804158707 18.369181018322706 6.7954633129993436 3.0492525324225417 5.6494305556407198 7.1183013515546909 14.881748252548279 3.1937466868739639 2.3322953485330791 1.6258822319623494 32.456640356045682 1.9428278377599806 1.5779082018416364 2.4481804659590125 12.130409030243753 10.396213907522908 1.9681770284951179 0.79975368413397507 5.366645265351508 4.8316636695526531 1.9409685167483983 4.3788476800546041
leaf_count=878 3294 19548 53919 810 124 9835 111 145 18 98 176 16 70 78 99 47485 11211 19200 931 129 69 13 84 158 25 846 19391 74 10 30
internal_value=2.94613e-09 0.00449065 -0.000527922 -0.000476294 -0.000624691 -0.000511184 -0.0485677 0.0107022 0.0050718 0.00540949 0.0128302 0.00227065 -0.00594511 0.00303084 0.00434157 -5.66015e-05 -0.00338514 0.000433439 -0.00188326 0.00817537 0.0163485 -0.0158977 0.00350904 -0.00554197 0.0137673 0.0184866 0.00707893 0.00161091 -0.0107425 0.00759554
internal_weight=1394.28 145.88 1248.39 1247.36 1231.95 1230.04 1.90153 15.4103 144.387 143.901 33.8633 15.4941 12.4449 110.038 102.919 48.3904 39.6086 36.4148 34.0825 54.5288 18.9078 4.02609 35.6209 23.4905 8.78188 8.13458 6.1664 21.5477 6.77263 14.7751
internal_count=188875 120637 68238 64944 63989 63754 235 955 101089 101071 360 262 246 100711 100633 99967 78827 31342 20131 666 181 82 485 401 21140 20262 20237 272 84 188
is_linear=0
shrinkage=0.05


Tree=129
num_leaves=31
num_cat=0
split_feature=10 6 6 6 6 7 6 6 3 6 6 3 3 3 5 6 6 6 6 10 3 6 3 6 6 3 3 10 6 3
split_gain=1.90189 1.65838 0.984434 1.02581 1.04239 0.857168 0.871594 1.91815 0.853044 0.824393 1.08995 0.747609 0.741296 0.82235 0.739125 0.644658 1.76578 1.64812 2.53762 2.32528 4.3562 1.57947 3.2556 3.02804 2.03318 2.00869 1.8853 1.54307 2.31127 2.72653
threshold=0.009756329935044052 11.973258018493654 12.486545562744142 13.250360488891603 13.522763252258303 0.46904338896274572 0.41625617444515234 0.73574799299240123 44.500000000000007 0.92583191394805919 4.1475377082824716 98.500000000000014 99.500000000000014 127.50000000000001 6.5000000000000009 40.993413925170906 40.450315475463874 40.578989028930671 40.790140151977546 0.012739370577037336 19.500000000000004 42.525291442871101 12.500000000000002 42.76966857910157 43.633155822753913 14.500000000000002 31.500000000000004 0.012385687325149776 44.293878555297859 27.500000000000004
decision_type=2 2 2 2 2 2 2 2 2 2 2 2 2 2 2 2 2 2 2 2 2 2 2 2 2 2 2 2 2 2
left_child=1 5 -3 8 -5 6 11 -8 -4 -9 -11 -1 -13 -14 -2 16 -16 -18 19 20 -19 -17 24 25 -23 -24 -27 28 -25 -30
right_child=14 2 3 4 -6 -7 7 9 -10 10 -12 12 13 -15 15 21 17 18 -20 -21 -22 22 23 27 -26 26 -28 -29 29 -31
leaf_value=-0.020558648037352543 -0.031014576598921442 0.028033996663105073 0.011409909788415254 0.027521655109854978 0.0074794663384955039 -0.030767351853723476 -0.036195111998585133 0.023629437702065118 -0.021984966481119243 -0.033633519458147992 0.0001872481666057191 0.038485255959212337 -0.024470661450265961 0.014222056885083975 -0.00063656070043021534 -0.016550321575396845 0.023965948978654464 0.047469139921503173 0.010517198493707313 -0.056190229827971352 -0.046915132278513627 -0.056252881954774007 0.057179920507173902 -0.035421864145322772 -0.0085500501599117037 -0.0070423107674866346 0.045192471156509206 0.0078485785851793131 -0.041993616673257281 0.0090891282511963226
leaf_weight=0.63869614861505297 0.99816418967566178 5.7137622265145174 2.2560950173065057 6.356001889333128 74.569418011276866 1.4469525953263644 3.0714801034373513 2.3648322212702615 4.1563510799314827 1.5688675025639884 32.639132820702798 1.9508172092610019 0.79023247369877925 5.3891987216238704 1129.027572280278 20.371152501087636 12.946639039088039 1.6302661523222952 20.145477139623836 2.1342251361347735 1.2902799909934399 2.6957223718054575 2.910288689658044 5.6769349696114686 6.8053231481462717 4.8938211165368557 1.504745779559016 21.091255848761648 2.1940866042859843 13.338514450471846
leaf_count=878 3294 57 21 38 941 19548 47485 11211 65 19200 931 25 846 19391 62333 739 143 5 298 92 54 144 8 193 264 79 6 239 126 221
internal_value=2.44256e-09 0.00544332 0.00935307 0.00782742 0.00937033 -0.00189368 -0.00042553 -0.00364036 -0.0102814 -1.57586e-05 -0.00227508 0.0129935 0.0175923 0.00655475 -0.000626356 -0.000577265 -0.000275131 0.0101651 0.00243074 -0.0262116 0.00444012 -0.00484933 -0.000745163 0.00434043 -0.0261527 0.0286433 0.00968965 -0.00154573 -0.0108204 -0.000230251
internal_weight=1392.57 142.912 93.0516 87.3379 80.9254 49.8602 48.4133 39.6443 6.41245 36.5728 34.208 8.76894 8.13025 6.17943 1249.65 1248.66 1167.17 38.1469 25.2002 5.05477 2.92055 81.4818 61.1107 51.6096 9.50105 9.30886 6.39857 42.3008 21.2095 15.5326
internal_count=188875 120637 1122 1065 979 119515 99967 78827 86 31342 20131 21140 20262 20237 68238 64944 62925 592 449 151 59 2019 1280 872 408 93 85 779 540 347
is_linear=0
shrinkage=0.05


Tree=130
num_leaves=31
num_cat=0
split_feature=10 6 7 6 6 6 6 6 3 3 3 5 5 5 5 4 5 5 10 7 6 6 10 3 6 10 6 6 6 6
split_gain=1.48136 1.40929 0.813825 0.819915 1.79405 0.789417 1.01565 0.786774 0.709691 0.718509 0.771965 0.705191 0.631384 1.07791 1.27143 0.7685 0.733968 1.04515 0.613133 0.626466 0.594378 1.13326 0.688583 0.626719 1.39789 4.13316 1.21885 2.72788 1.94644 1.63224
threshold=0.009756329935044052 11.973258018493654 0.46904338896274572 0.41625617444515234 0.73574799299240123 0.92583191394805919 4.1475377082824716 12.486545562744142 98.500000000000014 99.500000000000014 127.50000000000001 6.5000000000000009 21.500000000000004 37.500000000000007 39.500000000000007 6.5000000000000009 19.500000000000004 14.500000000000002 0.014718532562255861 0.535648673772812 13.250360488891603 13.522763252258303 0.009569597430527212 45.500000000000007 16.36031532287598 0.0096620614640414732 22.755928993225101 21.380851745605472 31.277459144592289 16.651162147521976
decision_type=2 2 2 2 2 2 2 2 2 2 2 2 2 2 2 2 2 2 2 2 2 2 2 2 2 2 2 2 2 2
left_child=1 2 3 8 -5 -6 -7 -3 -1 -10 -11 -2 16 15 -15 -14 17 18 -13 -20 22 -22 -9 24 25 -23 27 29 -28 -26
right_child=11 7 -4 4 5 6 -8 20 9 10 -12 12 13 14 -16 -17 -18 -19 19 -21 21 23 -24 -25 26 -27 28 -29 -30 -31
leaf_value=-0.02028607565765984 -0.030434524596018794 0.02501042393103671 -0.030361245672954919 -0.035681652604656736 0.022846104913310641 -0.033033915668108725 -6.5262387023295356e-05 -0.01785043138057902 0.037606672957752128 -0.02403686717396477 0.013571502591443858 -0.019701887477120216 0.0094477490769384245 0.035386913685991825 -0.0006033431456766462 -0.040668941025146961 0.0324054519738926 -0.032384181387744682 0.020465443208879594 -0.019132649425673467 0.027109373672824063 -0.06332616441663462 0.012111532493834329 0.0105276289071537 0.033124284440038586 0.014988543438946464 -0.02789254994665365 0.038580706657493122 0.016332149063108693 -0.0061243818484843105
leaf_weight=0.62664047248381294 0.97177258684678136 5.7771515168715259 1.4058147888044903 2.9502242220505641 2.3886913354272101 1.5159231965953939 32.731315469281981 4.0321150494273743 1.931337744317714 0.77201131346373575 5.4090456317571807 0.5875929852882108 0.61350937932729732 1.4590502880600968 1232.5312735249745 1.7706291438462349 2.0518839130327233 0.75032592698335054 5.7513941100587544 0.36761165082862124 6.3021852113306513 1.9831611512709049 2.2252316325902939 39.296140137965267 2.201322281733165 3.193821353954263 4.9095913394121435 5.6765212891623369 3.4337714253924787 14.361996306251966
leaf_count=878 3294 57 19548 47485 11211 19200 931 65 25 846 19391 3672 150 1098 46827 8634 1098 2745 545 175 38 84 21 447 8 41 144 22 51 144
internal_value=-1.85418e-09 0.00479952 -0.00197633 -0.000551804 -0.00366737 -0.000209741 -0.00242039 0.00839032 0.0124886 0.0169686 0.00618109 -0.000554334 -0.000506638 -0.000609887 -0.00053217 -0.0287915 0.0116988 0.00284297 0.0104749 0.0157331 0.00702456 0.00817463 -0.0069947 0.00624922 0.00138928 -0.0204069 0.00560814 0.0115983 -0.00989157 0.000680895
internal_weight=1389.98 143.124 49.731 48.3252 39.5862 36.6359 34.2472 93.393 8.73904 8.11239 6.18106 1246.86 1245.88 1236.37 1233.99 2.38414 9.50881 7.45692 6.7066 6.11901 87.6159 81.3585 6.25735 75.0563 35.7602 5.17698 30.5832 22.2398 8.34336 16.5633
internal_count=188875 120637 119515 99967 78827 31342 20131 1122 21140 20262 20237 68238 64944 56709 47925 8784 8235 7137 4392 720 1065 979 86 941 494 125 369 174 195 152
is_linear=0
shrinkage=0.05


Tree=131
num_leaves=31
num_cat=0
split_feature=10 6 6 6 6 6 10 6 3 7 4 3 6 6 6 3 6 6 6 6 6 6 10 6 6 10 6 5 6 10
split_gain=1.43315 1.27895 0.940683 1.49591 1.28022 0.904886 0.932697 1.80954 2.41515 0.776369 0.781416 0.891287 0.981864 0.774818 1.26687 1.00909 1.57095 1.72032 1.32038 0.768694 0.88085 1.01657 0.829012 0.760899 0.735222 0.73075 0.721053 0.654741 0.629657 0.628623
threshold=0.009756329935044052 11.973258018493654 22.755928993225101 24.571588516235355 21.154217720031742 13.73842763900757 0.009569597430527212 13.250360488891603 46.500000000000007 0.46904338896274572 87.500000000000014 192.50000000000003 0.29025129973888403 15.463809490203859 14.561655044555666 47.500000000000007 18.047428131103519 17.427235603332523 19.662629127502445 0.73574799299240123 0.41625617444515234 0.37898556888103491 0.0053619688842445621 18.586188316345218 15.906307220458986 0.0094788861460983771 14.846392631530763 6.5000000000000009 18.853606224060062 0.0075472774915397176
decision_type=2 2 2 2 2 2 2 2 2 2 2 2 2 2 2 2 2 2 2 2 2 2 2 2 2 2 2 2 2 2
left_child=1 9 4 -4 5 6 7 8 -3 10 -1 12 -12 14 -7 16 17 24 28 20 21 -14 -21 -17 -15 -6 -16 -2 -18 -24
right_child=27 2 3 -5 25 13 -8 -9 -10 -11 11 -13 19 15 26 23 18 -19 -20 22 -22 -23 29 -25 -26 -27 -28 -29 -30 -31
leaf_value=0.033227205655127982 -0.029611268867224119 0.0072751042523121028 -0.024333335601581709 0.0070577937440738023 0.0067425188538422567 -0.044262623501599152 0.029689948266505475 0.024374245118175396 -0.051810922463706201 -0.029800403057552501 0.019313597539316017 -0.031081579559037072 -0.02392534226635315 0.014220904726582351 0.018989096019807666 0.0020316838561892552 -0.011455031169274954 0.036423253923281003 0.0010121669527255813 0.03006303379727332 -0.034417766786225427 0.026822645852990303 -0.028508714535836033 0.025617760019930776 -0.014182936644750888 0.036962559007407352 -0.012378718414702715 -0.00049956139296260856 -0.049483591206083588 -0.00014072203663521293
leaf_weight=0.67344920838240696 0.93475463158392713 5.437125257682057 4.5176257311832151 11.237798938993363 3.6176158823072893 1.0822367655782716 7.2264359905384472 6.6854595574550331 1.4121825117617843 1.3522516720722695 4.8033221403766211 1.4232960634362815 0.83360167908904181 3.1957680561317847 2.2245113389799371 5.6965702432207754 3.6846313420683137 4.0988574181683362 10.871776189655064 1.1689491548440845 2.6686644567002986 1.1679969731621895 1.0709477575710469 8.3108240216970426 3.995024978852598 5.6594482492655516 3.2508548793848604 1246.3229843597119 1.3309623743407426 34.432732706947718
leaf_count=6571 3294 42 108 172 28 85 51 48 69 19548 1202 13653 2184 35 24 66 41 26 89 7128 44105 1315 13961 37 75 23 57 64944 46 9848
internal_value=-1.61177e-09 0.00472073 0.00813386 -0.0028582 0.0103685 0.00776289 0.016241 0.00751169 -0.00995586 -0.00174991 -0.000374454 -0.00152448 2.7078e-05 0.00381853 -0.0110557 0.00639282 0.000622838 0.0142022 -0.00929634 -0.00261688 -0.0197496 0.00475809 3.12951e-05 0.0168002 -0.00136452 0.0269809 0.00132972 -0.000545084 -0.0280948 -0.00175397
internal_weight=1390.39 143.131 93.5357 15.7554 77.7803 68.5032 20.7612 13.5348 6.84931 49.5952 48.243 47.5695 46.1462 47.742 6.5576 41.1844 27.177 11.2897 15.8874 41.3429 4.67026 2.0016 36.6726 14.0074 7.19079 9.27706 5.47537 1247.26 5.01559 35.5037
internal_count=188875 120637 1122 280 842 791 210 159 111 119515 99967 93396 79743 581 166 415 312 136 176 78541 47604 3499 30937 103 110 51 81 68238 87 23809
is_linear=0
shrinkage=0.05


Tree=132
num_leaves=31
num_cat=0
split_feature=10 6 6 7 7 5 7 4 7 7 4 6 10 10 4 10 10 4 6 6 6 6 10 6 10 6 10 6 10 6
split_gain=1.50225 1.40048 0.891401 0.727842 0.776597 0.612638 0.585003 0.978601 0.901086 1.61073 1.95962 1.21409 0.67702 1.76225 1.09471 0.767165 0.666195 0.799866 0.576847 1.20479 0.65165 1.72019 4.72014 1.5883 1.11827 3.23484 1.0154 2.57703 1.5733 1.12463
threshold=0.009756329935044052 11.973258018493654 12.486545562744142 0.46904338896274572 0.46858306229114538 6.5000000000000009 0.63366886973381054 7.5000000000000009 0.53642636537551891 0.52635166049003612 48.500000000000007 9.9389123916625994 0.021915592253208164 0.019843111746013168 59.500000000000007 0.022750681266188625 0.018374931998550895 98.500000000000014 13.250360488891603 13.522763252258303 20.280011177062992 19.381326675415043 0.0094788861460983771 22.442245483398441 0.0092167854309082049 15.160224437713625 0.0096620614640414732 24.571588516235355 0.0094788861460983771 25.224988937377933
decision_type=2 2 2 2 2 2 2 2 2 2 2 2 2 2 2 2 2 2 2 2 2 2 2 2 2 2 2 2 2 2
left_child=1 3 -3 4 -1 -2 7 -7 9 10 -9 -10 13 16 -15 -14 17 -12 -4 -20 21 24 -23 -22 -21 -26 27 -25 29 -29
right_child=5 2 18 -5 -6 6 -8 8 11 -11 12 -13 15 14 -16 -17 -18 -19 19 20 23 22 -24 26 25 -27 -28 28 -30 -31
leaf_value=-0.0014733240122158276 -0.028901141748753845 0.026456024124230329 -0.0069174816135873689 -0.029337781467518437 0.042269830545843351 0.02762571036217621 -0.030753171031019762 -0.044132962038920837 -0.03589014092229937 0.025356297013811764 -0.035449769433120018 0.010790683122244217 0.02390545167929824 0.011642279625041781 -0.056786018499596316 -0.0058797113916037235 0.016565707200520276 -0.00052849855203742594 0.027954413064626954 0.018520615482153675 0.022575402139790368 -0.065587571704470535 0.0093734939247565666 -0.05253123451843579 -0.052732531995538623 0.0063518766836912315 0.013327144107505913 0.029095527890826728 -0.032064586894569584 -0.0085208366349324351
leaf_weight=48.064722901737241 0.90363627521037315 5.5494177655782542 6.128159064333885 1.3081973294947591 0.0362542340571953 2.0914140565328116 0.59736942725612507 1.5771119666997027 2.9601730247277365 5.016900684270694 0.64223127680816006 1.5713849038584156 4.8585910689907896 0.39760433826813812 1.1923250292311411 2.903344926513455 4.6953884715821905 1217.5516749257413 6.1102051157504311 11.892089080065487 15.314625399187205 2.2738618450239292 5.286837003659457 1.6373337208060572 1.5958261888808944 20.534515781211667 7.8435592667665324 3.9443927146494371 1.3684625811874864 2.7148001994937658
leaf_count=99758 3294 57 86 19548 209 1966 1933 5848 10952 2322 106 19 76 35 111 89 163 41324 38 84 82 39 39 78 129 272 82 10 69 57
internal_value=1.90263e-10 0.00486163 0.00847144 -0.00190845 -0.00058015 -0.000555534 -0.000511819 -0.000472653 -0.000542079 -0.000451803 -0.000577192 -0.0206785 -0.000485705 -0.000584338 -0.0417857 0.0133648 -0.000496672 -0.00057597 0.00703085 0.0081643 0.00618998 0.00194618 -0.0181989 0.0113499 0.00681476 -4.31895e-06 0.000841759 -0.00959023 0.00401685 0.0146499
internal_weight=1388.56 141.603 92.1941 49.4092 48.101 1246.96 1246.06 1245.46 1243.37 1238.84 1233.82 4.53156 1232.24 1224.48 1.58993 7.76194 1222.89 1218.19 86.6447 80.5165 74.4063 41.5831 7.5607 32.8232 34.0224 22.1303 17.5085 9.66499 8.02766 6.65919
internal_count=188875 120637 1122 119515 99967 68238 64944 63011 61045 50074 47752 10971 41904 41739 146 165 41593 41430 1065 979 941 563 78 378 485 401 296 214 136 67
is_linear=0
shrinkage=0.05


Tree=133
num_leaves=31
num_cat=0
split_feature=10 6 6 6 6 6 10 6 3 7 7 5 10 6 6 6 6 6 6 6 6 6 10 3 6 6 6 6 10 10
split_gain=1.82943 1.56945 0.760862 1.48981 1.20523 0.795293 0.794145 1.70294 2.06606 0.697653 0.777314 0.573146 0.578318 1.49476 2.10568 1.86768 2.83556 1.86849 2.40231 2.37326 5.05972 0.89494 2.38877 1.69612 2.2461 3.08289 1.61537 3.45518 1.57886 2.75871
threshold=0.009756329935044052 11.973258018493654 22.755928993225101 21.154217720031742 23.925033569335941 13.73842763900757 0.009569597430527212 13.250360488891603 46.500000000000007 0.46904338896274572 0.46858306229114538 6.5000000000000009 0.015881994739174846 32.305309295654304 30.110941886901859 33.15819168090821 35.798055648803718 39.328422546386726 40.450315475463874 38.06505203247071 36.820848464965827 8.8021216392517108 0.0099504948593676108 41.500000000000007 13.73842763900757 14.014347553253176 8.1066393852233904 6.1512548923492441 0.011428944766521456 0.011050061322748663
decision_type=2 2 2 2 2 2 2 2 2 2 2 2 2 2 2 2 2 2 2 2 2 2 2 2 2 2 2 2 2 2
left_child=1 9 3 5 -4 6 7 8 -3 10 -1 -2 21 14 -14 -15 -17 19 -19 20 -18 22 26 -23 -25 -26 27 -13 29 -24
right_child=11 2 4 -5 -6 -7 -8 -9 -10 -11 -12 12 13 15 -16 16 17 18 -20 -21 -22 23 28 24 25 -27 -28 -29 -30 -31
leaf_value=-0.0013836427334223576 -0.02824609774806465 0.0067327491840179212 -0.03756249438119131 0.029572482011840807 0.0039086990532446403 0.0046831095484742317 0.029080420555163536 0.024729641618924374 -0.048961577063230198 -0.028890239445864566 0.042341998831296593 0.024592495502461082 0.00058173265177083485 0.038143850395288989 -0.047640906650239498 -0.039066592356158301 0.025716911621224262 -0.050565007071696394 0.0063275061151903929 0.040966210713912196 -0.058807690185903733 -0.0013391792192935462 -0.0021216893928962918 -0.059758797895904839 0.037547269062884726 -0.029599816040561173 0.042022960112322538 -0.050005881134049815 0.0026952508276448608 -0.042309422728714935
leaf_weight=47.974821207402783 0.8737532365230426 5.3966126022860426 0.98432181251700868 8.8674590205773693 13.998521298170088 46.90485198811075 7.0723281032405785 6.4980684854090214 1.2936933366581795 1.2656946274382779 0.038065704002291478 4.5226038235114157 80.30611587839303 4.650357631500813 1.3288586005801324 2.1353205128107247 4.8858242547139543 1.2496383078396309 9.7282143742777389 7.2103335153515218 1.5322707947343586 937.48973218190076 20.418583499906166 1.8877094760537136 1.8102880883961914 3.382736384672171 5.0752200957067544 1.1642067171633241 152.972497649047 4.439757336072943
leaf_count=99758 3294 42 86 51 194 581 51 48 69 19548 209 2669 3004 32 80 119 52 45 168 58 39 15191 12935 71 6 184 20 35 26438 3798
internal_value=5.67141e-10 0.00539233 0.00925028 0.011256 -0.000995528 0.00843944 0.0165063 0.00818899 -0.00900303 -0.00177543 -0.000485788 -0.00061047 -0.000568461 0.00282665 -0.000770261 0.0119154 0.00614377 0.0114396 -0.00382958 0.02316 0.000330034 -0.000909299 0.00222734 -0.00153725 -0.0243512 -0.00390916 0.0240511 0.00412626 0.000779496 -0.0106579
internal_weight=1387.36 140.294 91.0159 76.033 14.9828 67.1656 20.2607 13.1884 6.69031 49.2786 48.0129 1247.06 1246.19 113.027 81.635 31.392 26.7416 24.6063 10.9779 13.6284 6.4181 1133.16 188.593 944.57 7.08073 5.19302 10.762 5.68681 177.831 24.8583
internal_count=188875 120637 1122 842 280 791 210 159 111 119515 99967 68238 64944 3597 3084 513 481 362 213 149 91 61347 45895 15452 261 190 2724 2704 43171 16733
is_linear=0
shrinkage=0.05


Tree=134
num_leaves=31
num_cat=0
split_feature=10 7 6 10 6 6 6 6 6 6 6 6 10 6 6 6 10 10 10 10 10 6 6 6 6 10 6 6 6 6
split_gain=1.96329 1.12691 1.10578 1.46696 1.0573 1.48804 0.909343 0.795899 1.05095 1.30172 1.8448 1.62354 1.19643 2.17041 1.1692 1.16436 1.79867 1.10667 1.90308 1.05692 2.14254 5.29337 0.792778 0.614125 2.35723 1.04042 2.43978 1.20794 1.40003 2.21278
threshold=0.0099504948593676108 0.46904338896274572 22.755928993225101 0.0094788861460983771 31.277459144592289 24.167681694030765 23.637259483337406 20.280011177062992 18.853606224060062 17.719470977783207 16.651162147521976 17.427235603332523 0.0092167854309082049 19.662629127502445 15.463809490203859 14.846392631530763 0.0093898782506585139 0.0098524559289217013 0.0093898782506585139 0.0096620614640414732 0.0092167854309082049 16.36031532287598 25.224988937377933 13.250360488891603 13.012989997863771 0.0093898782506585139 10.794119834899904 11.973258018493654 8.8021216392517108 8.1066393852233904
decision_type=2 2 2 2 2 2 2 2 2 2 2 2 2 2 2 2 2 2 2 2 2 2 2 2 2 2 2 2 2 2
left_child=1 2 7 22 5 6 -5 8 9 10 14 -12 -10 -14 15 23 -17 18 -11 20 -16 -22 -4 24 25 26 -1 28 29 -27
right_child=-2 -3 3 4 -6 -7 -8 -9 12 17 11 -13 13 -15 19 16 -18 -19 -20 -21 21 -23 -24 -25 -26 27 -28 -29 -30 -31
leaf_value=0.0019578552434853314 -0.0007085200121520331 -0.029644171509137385 0.022370042337545415 -0.034613222528321649 0.0026459560032530659 -0.054029572359110746 0.0072959032898361423 0.016363187658137306 0.017142453002342902 0.029521238764469656 -0.052978869217044623 0.0024943414248883963 -0.05474219959917568 -0.0012600895574113339 0.029231093618102163 -0.053823707481236063 0.0061884806529217753 0.042842585362877328 -0.013745793919906289 0.034479371864962992 -0.062564912922205049 0.030559983146975701 -0.0085443066837562181 0.014489924399476876 -0.04907045781641553 2.9539057487035748e-05 -0.048871283535754387 0.024206079514322163 -0.0046492965530655298 0.038155436345239262
leaf_weight=31.591501397876073 1213.8428388243674 1.3407194289211464 4.2113534637028378 0.91413588006980528 3.9882721621543169 2.2781466206070036 3.2221781658008695 18.303265264628862 2.3428781442344171 4.4444938106462342 1.5385422412218748 2.5683763455599546 1.8091716226190326 5.9930474553257227 4.0462243026122433 1.1713439617305987 2.5182364750653505 3.3230365402996531 3.9356349986046553 5.5451429584063581 1.9740791643635018 2.2487499639391899 2.7444689651019871 14.381642141524933 1.0870464155450452 9.2469876183158686 1.5465785389824294 10.127319880062712 17.44925399555359 5.4693924264429361
leaf_count=96211 64985 20605 28 93 90 146 45 145 12 29 76 32 70 61 15 29 47 15 52 39 59 17 57 223 33 5092 126 86 301 56
internal_value=-8.75888e-10 0.00499381 0.00543869 -0.00625232 -0.0174842 -0.0286692 -0.0069018 0.00680007 0.00538605 0.0066633 0.00490036 -0.0245918 -0.00944693 -0.0184717 0.00623225 0.00413689 -0.0202784 0.0218917 0.00990221 0.019332 0.00655033 -0.0166177 0.0106317 0.00533777 0.00345288 0.00484192 -0.00177647 0.00994891 0.00486555 0.0157253
internal_weight=1385.2 171.361 170.021 17.3586 10.4027 6.41446 4.13631 152.662 134.359 124.214 112.51 4.10692 10.1451 7.80222 108.403 94.5893 3.68958 11.7032 8.38013 13.8142 8.26905 4.22283 6.95582 90.8997 76.5181 75.431 33.1381 42.293 32.1656 14.7164
internal_count=188875 123890 103285 459 374 284 138 102826 102681 102538 102442 108 143 131 102334 102204 76 96 81 130 91 76 85 102128 101905 101872 96337 5535 5449 5148
is_linear=0
shrinkage=0.05


Tree=135
num_leaves=31
num_cat=0
split_feature=10 6 6 6 3 6 6 3 3 3 3 3 3 3 3 6 6 6 6 3 6 3 3 3 6 6 10 6 10 6
split_gain=2.5795 1.36748 2.12475 1.62628 1.44572 1.29908 2.75774 0.985155 0.848986 0.705197 0.976955 1.21739 1.32058 1.08787 1.19021 0.828453 0.769939 0.899854 0.721862 1.01916 1.26484 0.801141 0.700536 1.26307 0.61536 0.804865 1.19962 1.16088 2.08973 1.48014
threshold=0.0098524559289217013 8.4790754318237322 8.8021216392517108 6.1512548923492441 42.500000000000007 13.73842763900757 14.014347553253176 49.500000000000007 192.50000000000003 191.50000000000003 128.50000000000003 126.50000000000001 99.500000000000014 98.500000000000014 49.500000000000007 5.4190740585327157 0.73574799299240123 0.74124696850776683 4.6214363574981698 48.500000000000007 0.7240414321422578 44.500000000000007 71.500000000000014 72.500000000000014 2.2950463294982915 11.973258018493654 0.015881994739174846 32.305309295654304 0.018893036991357807 39.328422546386726
decision_type=2 2 2 2 2 2 2 2 2 2 2 2 2 2 2 2 2 2 2 2 2 2 2 2 2 2 2 2 2 2
left_child=1 3 -3 8 5 -4 -7 -5 9 10 11 12 13 14 18 22 -12 -18 19 20 -1 -20 -16 -24 -2 -26 -27 28 -28 -29
right_child=24 2 4 7 -6 6 -8 -9 -10 -11 16 -13 -14 -15 15 -17 17 -19 21 -21 -22 -23 23 -25 25 26 27 29 -30 -31
leaf_value=0.02490661019887095 -0.0084449326917780988 0.042842890755802651 -0.04653872907604048 -0.047101548619450345 0.0085117167386414873 0.039434101132384908 -0.025611994778337241 0.01334014466078145 -0.019580893281861116 0.028934112899874177 -0.034847730658013033 0.037603109677651188 -0.03301734540913543 0.033111276974568463 -0.043785711741013353 0.015199898734587873 0.039756483373766999 -0.01848250142252204 0.017029164971156887 0.041497485872902903 -0.033719519570465845 -0.01663797427636643 0.03306054722063214 -0.025061019947396953 0.0015995503385601276 -0.0018846710149477781 0.0023014580280839511 0.019836090870669384 -0.041299704353480043 -0.0027599757145922166
leaf_weight=0.92561036004555874 24.459436402617939 3.3891703691333523 1.2296400916529808 1.9913859920052339 110.66830420237238 1.6670134030282495 3.1888449629113893 0.39263054307957634 3.3891850958680143 1.6012160944428604 1.9318583626572938 1.5932731168904855 1.5148842339744977 2.0007193436958906 1.7858219391991945 0.77439335506642226 0.21645470228395414 0.57010023294242274 2.1328529380261898 2.0713445008277631 0.77703307076990313 3.0746690406376729 0.5456293194911267 1.3769575986807465 311.15905436422327 827.78485602805449 38.781971684344171 19.787685141105616 1.9523447172250588 10.787170513998715
leaf_count=944 48496 40 70 296 1549 6 184 53 40857 527 26919 1078 14636 543 11798 12 109 6597 15 293 916 95 547 14179 2971 14105 477 300 50 213
internal_value=2.427e-10 0.00619613 0.00852427 -0.00351982 0.00717269 -0.0149429 -0.000360903 -0.0361467 0.000656179 0.00434633 0.00128219 0.00569188 0.000772698 0.00588689 -0.000167986 -0.0188732 -0.0222746 0.0108267 0.0101236 0.0241921 -0.0044254 -0.00232691 -0.0277055 -0.00289799 -0.000751175 -0.000588839 -0.00134713 0.00483258 -0.000727805 0.012029
internal_weight=1383.52 148.809 120.143 28.666 116.754 6.0855 4.85586 2.38402 26.282 22.8928 21.2916 18.5732 16.9799 15.465 13.4643 4.4828 2.71841 0.786555 8.98151 3.77399 1.70264 5.20752 3.70841 1.92259 1234.71 1210.25 899.094 71.3092 40.7343 30.5749
internal_count=188875 122263 1849 120414 1809 260 190 349 120065 79208 78681 45056 43978 29342 28799 26536 33625 6706 2263 2153 1860 110 26524 14726 66612 18116 15145 1040 527 513
is_linear=0
shrinkage=0.05


Tree=136
num_leaves=31
num_cat=0
split_feature=10 3 6 6 6 6 3 3 10 6 10 10 10 10 3 6 3 3 6 3 10 6 10 3 10 10 6 10 10 10
split_gain=2.30637 1.08783 0.840735 0.597287 0.770307 0.749048 3.05361 2.29695 1.5126 0.837048 1.61678 2.32733 1.33028 2.37398 2.0873 1.76116 1.00901 1.52813 0.956327 0.862194 2.22375 0.821342 1.77548 2.43451 2.06576 3.25448 0.794674 6.64331 2.6387 1.70524
threshold=0.0098524559289217013 192.50000000000003 32.305309295654304 2.2950463294982915 2.5422707796096806 3.2873064279556279 12.500000000000002 18.500000000000004 0.022608106024563316 6.504176378250123 0.0099504948593676108 0.010811126790940763 0.013923869002610447 0.014718532562255861 20.500000000000004 5.4190740585327157 1.5000000000000002 3.5000000000000004 5.824183702468873 16.500000000000004 0.013539358973503115 7.251589536666871 0.011696306522935631 8.5000000000000018 0.013539358973503115 0.012739370577037336 7.7992205619812021 0.012270400300621988 0.012121656909585001 0.013793759513646366
decision_type=2 2 2 2 2 2 2 2 2 2 2 2 2 2 2 2 2 2 2 2 2 2 2 2 2 2 2 2 2 2
left_child=1 2 -1 -2 -5 6 -6 -8 -9 10 -7 -12 14 -14 15 19 -15 -18 -19 20 -13 22 -11 -24 25 -25 27 28 -23 -29
right_child=3 -3 -4 4 5 9 7 8 -10 21 11 12 13 16 -16 -17 17 18 -20 -21 -22 26 23 24 -26 -27 -28 29 -30 -31
leaf_value=0.0069100544027789097 -0.0083031248079358938 -0.019040941093830848 -0.031110483064277095 0.015991300048216726 -0.055467684836838255 0.034798456006161375 0.022981352666458465 -0.051742487199252479 0.012569496114910423 0.013559552357461986 -0.036924448110029824 -0.041868851212065364 0.018502281277637155 0.015961887392525499 0.0052505951533871323 -0.039115482682171507 -0.024756707056233528 -0.0051188504681530756 0.01941466397488335 0.012536805121227705 0.010440472832734112 0.0093965749630097965 0.0084748704097411202 -0.05119658073394328 -0.067480163801208734 0.011654314358142142 -0.000956942364381631 -0.057119433202241603 0.056341058707130402 -0.0083678475484315566
leaf_weight=144.46836150044646 24.377816293201249 3.3237705467463448 0.4989105612039556 5.9981738295173264 2.1080787591781682 3.0181537196040145 4.5734033770859241 1.3829509020288244 0.96223248541355122 4.6290387839544591 2.636174725892487 2.7935128267854434 29.196270987857133 5.6516488380148102 28.159783877985319 4.8546190131455651 6.5494797190476701 12.751963295653697 4.5990831833332768 3.8495724154636264 3.7074775472283363 7.1125238644890505 4.6260086111724368 2.5414910726030921 2.2506677377969027 4.2399737829109654 1045.9174582304986 1.836914425715803 4.8757564835250378 6.0916710090823472
leaf_count=81384 48496 40857 22 68 35 9 22 75 11 65 107 45 86 24 248 58 44 173 36 30 30 70 32 54 29 30 16604 52 8 71
internal_value=-5.53401e-10 0.0058693 0.00656697 -0.000711061 -0.000550966 -0.000646825 -0.0142569 0.00371895 -0.0294858 -0.000531885 0.00365054 0.00243249 0.00379678 0.00864094 -0.00281266 -0.0171482 -0.00138836 -0.00596735 0.00208762 -0.00430671 -0.0146223 -0.000950623 -0.011178 -0.0199152 -0.0338512 -0.0154526 -0.000764831 0.00888715 0.0313572 -0.0247951
internal_weight=1379.58 148.291 144.967 1231.29 1206.91 1200.92 9.02667 6.91859 2.34518 1191.89 107.768 104.75 102.113 58.7484 43.365 15.2052 29.5522 23.9005 17.351 10.3506 6.50099 1084.12 18.2872 13.6581 9.03213 6.78146 1065.83 19.9169 11.9883 7.92859
internal_count=188875 122263 81406 66612 18116 18048 143 108 86 17905 890 881 774 363 411 163 277 253 209 105 75 17015 210 145 113 84 16805 201 78 123
is_linear=0
shrinkage=0.05


Tree=137
num_leaves=31
num_cat=0
split_feature=10 3 6 6 6 6 10 6 6 6 6 6 6 6 6 6 6 6 10 10 3 3 10 6 3 6 6 6 6 6
split_gain=1.87053 1.00065 0.820437 0.630619 0.878396 1.64672 1.02469 2.2278 1.75164 1.53444 1.18438 1.28824 3.79269 1.89204 1.45684 1.43808 2.03453 1.1094 3.08134 2.71236 1.99773 1.9906 4.05777 1.09034 4.33875 1.4682 1.7763 2.63296 1.19497 1.10018
threshold=0.0098524559289217013 192.50000000000003 32.305309295654304 2.2950463294982915 8.4790754318237322 8.1066393852233904 0.015881994739174846 9.6654934883117694 12.204383850097658 9.3855566978454608 12.486545562744142 38.06505203247071 38.594190597534187 13.012989997863771 13.522763252258303 44.293878555297859 40.912498474121101 9.1301374435424822 0.015418956056237222 0.013923869002610447 32.500000000000007 29.500000000000004 0.012270400300621988 36.183538436889656 5.5000000000000009 35.798055648803718 33.15819168090821 32.305309295654304 27.79000282287598 21.154217720031742
decision_type=2 2 2 2 2 2 2 2 2 2 2 2 2 2 2 2 2 2 2 2 2 2 2 2 2 2 2 2 2 2
left_child=1 2 -1 -2 5 -5 9 -8 -9 17 -10 13 -13 -12 -15 16 -14 19 -19 20 21 22 -6 25 -25 26 27 28 29 -16
right_child=3 -3 -4 4 6 -7 7 8 10 -11 11 12 15 14 23 -17 -18 18 -20 -21 -22 -23 -24 24 -26 -27 -28 -29 -30 -31
leaf_value=0.0062767976048392557 -0.0084258598308861229 -0.018726230303004274 -0.03118551059192446 0.0013557617901635934 -0.05573206363596267 0.019354804680483211 0.030510292066011271 -0.023632917193353493 0.036780820188052253 -0.0012113377688326616 -0.049080951714977998 0.05055585706184839 0.0017311185228320953 0.028318048771604921 -0.010402350991170173 0.022907648071579106 -0.049062130966766156 -0.060094654256314065 0.024465843037661222 -0.052913837018504987 -0.025284974485215279 0.040877139341157498 0.017596678068461696 -0.062569016327611082 0.026933297254284557 0.031224447423180653 -0.03884264103386259 0.032693123882672148 -0.026490782502423815 0.008001534302259623
leaf_weight=145.18950730846427 24.490384361466567 3.2796703387202788 0.50169755844399233 167.83594913136767 1.5979069024324468 12.768505854495741 6.3673158994934047 5.2945424143981645 1.6405455069616426 920.53709222206817 1.0062262951396395 4.1127761392854181 8.5226549566068552 3.2961737266741684 14.167918290288073 3.8370981323532751 1.5404724944382895 2.5353207856824151 0.90240760706365097 1.8578509789658699 4.2362507763464228 2.9265937265008688 5.907006700814236 2.0228671291843052 1.6715344777330754 2.5577446171082547 2.0709183453582218 4.539345060940831 4.2080161737685549 16.482032251078635
leaf_count=81384 48496 40857 22 1611 38 88 29 62 6 14998 12 18 122 12 195 40 91 89 7 33 62 11 52 65 5 21 119 32 156 142
internal_value=3.7139e-10 0.00527188 0.00593608 -0.000642822 -0.000477708 0.00272784 -0.00104527 0.00423677 0.0016999 -0.00151732 0.0038706 0.00259277 0.0137343 -0.00145129 0.000413634 0.000177876 -0.00977627 -0.0148958 -0.0373862 -0.00835102 0.00031039 0.0120073 -0.00273328 -0.00205547 -0.0249626 0.000378474 -0.00221454 0.000624674 -0.00434669 -0.000565528
internal_weight=1377.9 148.971 145.691 1228.93 1204.44 180.604 1023.84 83.3382 76.9709 940.5 71.6763 70.0358 18.013 52.0228 51.0166 13.9002 10.0631 19.9633 3.43773 16.5256 14.6678 10.4315 7.50491 47.7204 3.6944 44.026 41.4682 39.3973 34.858 30.65
internal_count=188875 122263 81406 66612 18116 1699 16417 1127 1098 15290 1036 1030 271 759 747 253 213 292 96 196 163 101 90 735 70 665 644 525 493 337
is_linear=0
shrinkage=0.05


Tree=138
num_leaves=31
num_cat=0
split_feature=10 3 6 7 4 4 7 4 7 7 10 10 10 4 10 3 5 4 6 6 4 6 6 6 3 6 6 3 3 10
split_gain=1.71482 1.02142 0.851748 0.572755 0.982277 1.23333 0.704116 1.92225 1.08111 1.59394 0.912299 1.45487 0.867407 0.851849 0.609571 0.62202 0.892878 0.55704 0.548538 1.84734 0.524629 0.498242 1.92921 1.56712 2.79722 2.77722 1.97112 1.88248 1.42799 1.82679
threshold=0.0099504948593676108 192.50000000000003 32.305309295654304 0.63366886973381054 9.5000000000000018 20.500000000000004 0.52635166049003612 48.500000000000007 0.53642636537551891 0.5560242533683778 0.023384617641568187 0.021915592253208164 0.019843111746013168 59.500000000000007 0.018374931998550895 27.500000000000004 40.500000000000007 98.500000000000014 32.034280776977546 25.224988937377933 26.500000000000004 40.993413925170906 40.450315475463874 42.525291442871101 12.500000000000002 42.76966857910157 43.633155822753913 14.500000000000002 15.500000000000002 0.012385687325149776
decision_type=2 2 2 2 2 2 2 2 2 2 2 2 2 2 2 2 2 2 2 2 2 2 2 2 2 2 2 2 2 2
left_child=1 2 18 4 -2 -6 7 -7 -8 -10 11 12 14 -14 17 -16 -17 -9 19 -1 -11 22 -19 -23 26 27 -25 -26 -27 -30
right_child=3 -3 -4 -5 5 6 8 10 9 20 -12 -13 13 -15 15 16 -18 21 -20 -21 -22 23 -24 24 25 28 -28 -29 29 -31
leaf_value=0.0060469932405269452 0.025011422716115964 -0.019328851382351485 -0.031645350221431834 -0.030833697580316913 -0.039499248353030786 -0.044710691416133867 0.025895484781635461 -0.030823218587647701 -0.037879030819343081 0.031737388174406106 -0.036169674503416092 0.020662672685454183 0.01202837178949611 -0.047750231412950733 0.027169378420144802 0.01556120847785961 -0.034867092330650787 -0.00082957101887238475 0.023828564297355841 -0.024858512967069719 -0.013522534420023304 -0.016255230218334589 0.010600505622840511 -0.05408222217052721 0.05645505087536027 -0.034911095812563665 -0.0067705545310961643 0.0094857628832950448 -0.0088919740886951575 0.012396273335422377
leaf_weight=157.59781918458975 2.7267894445394623 3.354288969818298 0.56771630793809791 0.57119692124342591 1.0449794299720441 1.4800695756603079 4.8943114891426367 0.53833887520704493 1.2761053198510128 1.1308324976889705 0.80461329272657067 7.0005815682070525 0.39134720501715492 0.84034241711378743 2.859109027311205 1.2345251711321905 0.47539423883426923 1064.14179901228 3.114038852043449 4.0163980105426154 0.26440761950834701 19.985544261988252 37.243518599541858 2.6082461546175164 2.7546009672805649 1.9322664900682855 6.5431389031000435 6.1496632257476449 20.196570470929146 18.223086202517152
leaf_count=81700 3004 41944 30 1933 6003 4781 1885 106 2950 951 101 115 35 112 15 115 33 39794 21 195 457 736 591 144 8 88 263 84 533 148
internal_value=-1.38015e-09 0.00470731 0.00530837 -0.000660921 -0.000621121 -0.000699881 -0.000633397 -0.000735153 0.0136532 -0.00972058 -0.000643266 -0.000589038 -0.000731768 -0.0318777 -0.000672538 0.0158338 -0.00615177 -0.000749784 0.0056259 0.00513079 0.0210956 -0.000709968 -0.000433796 -0.00453572 -0.000319494 0.00452149 -0.0242541 0.0282491 -0.00127088 0.00126372
internal_weight=1375.96 168.65 165.296 1207.31 1206.74 1204.01 1202.97 1195.4 7.56566 2.67135 1193.92 1193.12 1186.12 1.23169 1184.89 4.56903 1.70992 1180.32 164.728 161.614 1.39524 1179.78 1101.39 78.3931 58.4076 49.2562 9.15139 8.90426 40.3519 38.4197
internal_count=188875 123890 81946 64985 63052 60048 54045 47802 6243 4358 43021 42920 42805 147 42658 163 148 42495 81916 81895 1408 42389 40385 2004 1268 861 407 92 769 681
is_linear=0
shrinkage=0.05


Tree=139
num_leaves=31
num_cat=0
split_feature=10 3 6 6 6 6 10 6 6 6 6 6 6 3 6 6 6 10 6 3 7 3 10 10 6 7 4 7 7 4
split_gain=1.21301 1.33019 3.09102 2.62154 2.67077 1.02593 1.87704 0.704468 1.33713 1.06222 0.600413 2.74552 1.99069 1.30405 1.1258 2.42119 0.799293 0.966439 1.28849 0.68886 0.595957 0.616561 0.81069 0.761902 0.565868 0.544293 0.923249 0.674605 1.43652 1.79527
threshold=0.0098524559289217013 49.500000000000007 16.36031532287598 14.561655044555666 6.504176378250123 5.4190740585327157 0.0082305916585028189 0.41625617444515234 0.73574799299240123 0.92583191394805919 8.4790754318237322 6.1512548923492441 8.8021216392517108 42.500000000000007 13.73842763900757 14.014347553253176 4.6214363574981698 0.0092167854309082049 0.7240414321422578 44.500000000000007 0.46904338896274572 98.500000000000014 0.0062696540262550124 0.0053333712276071319 0.71164748072624218 0.63366886973381054 7.5000000000000009 0.53642636537551891 0.52635166049003612 48.500000000000007
decision_type=2 2 2 2 2 2 2 2 2 2 2 2 2 2 2 2 2 2 2 2 2 2 2 2 2 2 2 2 2 2
left_child=1 10 3 4 5 6 7 20 -9 -10 11 16 -12 14 -14 -16 17 -1 24 -18 21 -3 23 -23 -19 26 -2 28 29 -28
right_child=25 2 -4 -5 -6 -7 -8 8 9 -11 12 -13 13 -15 15 -17 19 18 -20 -21 -22 22 -24 -25 -26 -27 27 -29 -30 -31
leaf_value=0.040409511634644305 0.027018955920218548 -0.017736548063600959 -0.05907073583046403 0.032920214749951576 -0.054935162792492553 0.030626988915356181 -0.040500283895769824 -0.032914803413352227 0.025609902001794051 -0.022998898340406734 0.040837497940914014 -0.046686337122787303 -0.044926320661872798 0.0073517429319701413 0.036461117410528814 -0.024877719473942881 0.013764850526968443 -0.012035711417579725 -0.033891055121554027 -0.017339530543496101 -0.019257673764636468 0.013954313649231926 0.036154381892568865 -0.024388516304877612 0.037333843594414044 -0.030165285536819349 -0.043146880379396721 -0.018608893245757218 0.024048124461151264 -0.00050656614880978564
leaf_weight=2.020798573841601 2.0444659828835929 0.5076195011061041 1.5014598155394185 3.7488523051142684 1.6727049879118556 1.2528558837948356 2.0984599565081217 2.341418587791849 2.266195168052946 0.80020327647525835 3.3101513529545619 1.9470770764892211 1.1776151381200168 105.13468945073691 1.6291588479652999 3.1477180688743829 2.1779603669419885 0.29355416077851282 0.78459290319915442 3.1384879170509521 0.59440156312484749 3.6959684234388988 2.8552273430432251 0.80602366286257154 0.7500822955626063 0.54671147083717997 1.473713180273079 4.1508518315677057 4.9435831842374673 1210.6365676813166
leaf_count=293 1966 686 19 13 116 21 21978 44581 10481 14820 37 296 70 1448 6 184 15 932 916 95 10207 3382 10370 1285 12 1933 5421 10935 2248 44109
internal_value=-1.51075e-10 0.00423373 -0.00632669 -0.000477952 -0.0084275 -0.00114206 -0.00529337 0.00240019 -0.0105711 0.0103886 0.00629891 -0.00447864 0.00737556 0.00602305 -0.0151206 -0.00126776 0.00819838 0.0229645 -0.00378798 -0.00443529 0.0109334 0.0151301 0.0192488 0.00390455 0.0243529 -0.000520761 -0.000482882 -0.000550993 -0.000474179 -0.000593934
internal_weight=1373.45 149.653 24.1414 22.6399 18.8911 17.2184 15.9655 13.8671 5.40782 3.0664 125.512 11.1126 114.399 111.089 5.95449 4.77688 9.16548 3.84903 1.82823 5.31645 8.45924 7.86484 7.35722 4.50199 1.04364 1223.8 1223.25 1221.2 1217.05 1212.11
internal_count=188875 122263 117959 117940 117927 117811 117790 95812 69882 25301 4304 2559 1745 1708 260 190 2263 2153 1860 110 25930 15723 15037 4667 944 66612 64679 62713 51778 49530
is_linear=0
shrinkage=0.05


Tree=140
num_leaves=31
num_cat=0
split_feature=10 7 6 10 6 6 6 6 6 6 7 3 7 4 4 7 4 7 7 10 10 10 4 7 3 6 6 6 10 3
split_gain=1.4492 0.903833 0.859983 1.15528 0.943228 0.83191 0.90991 0.711523 0.680995 0.542874 0.573604 0.761208 0.526701 0.89203 1.04812 0.610538 1.61726 0.864101 1.51807 0.648322 1.26703 0.90727 0.841092 0.626592 1.37796 0.564059 1.59603 1.47254 1.39164 1.34103
threshold=0.0099504948593676108 0.46904338896274572 22.755928993225101 0.0094788861460983771 32.034280776977546 24.167681694030765 23.637259483337406 25.224988937377933 31.277459144592289 20.594759941101078 0.46858306229114538 192.50000000000003 0.63366886973381054 9.5000000000000018 20.500000000000004 0.52635166049003612 48.500000000000007 0.53642636537551891 0.5560242533683778 0.023384617641568187 0.021915592253208164 0.019843111746013168 59.500000000000007 0.45982684195041662 30.500000000000004 40.993413925170906 40.450315475463874 41.409038543701179 0.011428944766521456 8.5000000000000018
decision_type=2 2 2 2 2 2 2 2 2 2 2 2 2 2 2 2 2 2 2 2 2 2 2 2 2 2 2 2 2 2
left_child=1 2 9 7 5 6 -5 -4 -7 10 11 -1 13 -2 -15 16 -16 -17 -19 20 21 23 -23 25 -25 26 -18 -27 -28 -30
right_child=12 -3 3 4 -6 8 -8 -9 -10 -11 -12 -13 -14 14 15 17 19 18 -20 -21 -22 22 -24 24 -26 27 28 -29 29 -31
leaf_value=0.0051236589459011548 0.024095507885662629 -0.027842612618488184 0.020605394766168642 -0.033833535362417004 0.0091404033328894088 -0.051794004033750632 0.0080674770079782031 -0.0088901772117119058 -0.0063314662333976762 0.015198569357139344 0.042211779088138064 -0.020319512313033566 -0.029905922966527412 -0.037078665199678111 -0.042300592618843967 0.023603527827579206 -0.00076751407564819524 -0.036855975607485984 0.021218192430661406 -0.031615036927486635 0.019332384536146913 0.011667042064164581 -0.048114595199157298 0.029404378091258544 -0.027870092206253295 -0.028861332670906056 -0.028230303925855783 -0.0028019989775125262 -0.0083144732993799854 0.016065237686558192
leaf_weight=134.03954726003667 2.6550289842889461 1.1752734045185196 4.1580461575649705 0.88968149758875181 2.3672254201956093 2.1162003882927825 3.2818264907691628 2.6455636462196708 1.5462067932821808 13.564714819221988 0.038281811333944371 2.0389765758873173 0.5324531092601309 0.97099122691451967 1.3295521567251842 4.8923734310010323 1062.9954223255345 1.2010043278378364 1.3752053879024968 0.68256194448622309 6.9584009895006593 0.38848998694993497 0.84736189121758687 3.2944506877101953 0.52671536828165688 4.8911337945610276 1.3754913648590434 72.578055310994387 6.2399848378263405 29.929739965125918
leaf_count=81372 3004 20605 28 93 36 146 45 57 54 115 210 21129 1933 6003 4781 1885 39886 2950 1408 101 115 35 112 15 163 281 64 1722 176 351
internal_value=-2.09072e-10 0.00433793 0.00472952 -0.00567967 -0.0157247 -0.0234225 -0.00568327 0.00946663 -0.0380751 0.00594191 0.00491533 0.00459697 -0.000608062 -0.000570271 -0.000644832 -0.000584478 -0.000678962 0.0127953 -0.00859083 -0.00059703 -0.00055271 -0.000685896 -0.0325091 -0.000625162 0.0173663 -0.000698202 -0.000405791 -0.00479413 0.00958968 0.0117487
internal_weight=1371.53 167.862 166.686 17.0048 10.2011 7.83392 4.17151 6.80361 3.66241 149.682 136.117 136.079 1203.66 1203.13 1200.48 1199.51 1192.04 7.46858 2.57621 1190.71 1190.03 1183.07 1.23585 1181.83 3.82117 1178.01 1100.54 77.4692 37.5452 36.1697
internal_count=188875 123890 103285 459 374 338 138 85 200 102826 102711 102501 64985 63052 60048 54045 47802 6243 4358 43021 42920 42805 147 42658 178 42480 40477 2003 591 527
is_linear=0
shrinkage=0.05


Tree=141
num_leaves=31
num_cat=0
split_feature=10 7 6 7 3 6 6 6 3 6 6 6 6 6 6 6 3 3 6 6 3 6 6 6 10 6 6 6 6 6
split_gain=1.34738 0.822328 0.572948 0.551134 0.677277 0.52467 1.07804 0.543717 1.26696 1.83576 2.80616 0.964711 2.03419 0.752838 0.760507 0.74943 0.830856 1.01791 2.51314 0.995368 1.5339 1.16431 0.961235 1.13868 0.947365 0.873255 2.76033 1.76266 1.64175 2.71584
threshold=0.0098524559289217013 0.46904338896274572 32.305309295654304 0.46858306229114538 192.50000000000003 32.034280776977546 25.224988937377933 20.280011177062992 45.500000000000007 21.380851745605472 22.755928993225101 21.380851745605472 24.571588516235355 24.167681694030765 23.637259483337406 16.651162147521976 44.500000000000007 48.500000000000007 15.463809490203859 11.589940547943117 46.500000000000007 13.522763252258303 15.463809490203859 14.846392631530763 0.0094788861460983771 11.973258018493654 9.3855566978454608 8.4790754318237322 10.234188556671144 10.470671176910402
decision_type=2 2 2 2 2 2 2 2 2 2 2 2 2 2 2 2 2 2 2 2 2 2 2 2 2 2 2 2 2 2
left_child=1 2 3 4 5 6 7 15 9 -9 -11 -10 -13 14 -12 16 25 18 19 24 -21 -22 23 -19 -18 26 27 -1 -28 -30
right_child=-2 -3 -4 -5 -6 -7 -8 8 11 10 13 12 -14 -15 -16 -17 17 22 -20 20 21 -23 -24 -25 -26 -27 28 -29 29 -31
leaf_value=-0.0056828907708469309 -0.00054826647395256833 -0.026841977229587421 -0.026993866202325453 0.04176384393591176 -0.019127890911395218 0.023269815319775428 -0.019849580951087287 -0.027561500162807478 0.034041764175752963 0.033018105223657022 -0.0296614954360114 -0.024845064073751186 0.02628153019804437 -0.040470296941289868 0.010010805150691769 -0.004376445081699056 -0.0036073179865138169 0.0071894582612547567 -0.052468640182070758 0.018283958028125127 0.0037220580087159089 -0.045441824851955623 0.029467775260962129 -0.036865926584777796 -0.040176083998419723 0.020409805626210559 -0.059414845826366927 0.033900521450933856 0.025603901966158828 -0.049952471688517477
leaf_weight=4.4722171436242224 1221.301271992751 1.0906459632324175 0.42176379449665446 0.038945881429753082 1.930336543751763 3.0272955410182467 3.3579467749223104 3.1721642827615169 6.8918062560260278 5.5243670001218543 0.70662810781504992 2.2966641978127882 3.827296594157815 0.95291799865663041 3.1559162351768464 21.269406727165915 13.998048847632166 25.388207169509776 1.4514168547320867 10.915843568393027 2.8008154137060042 0.94843915975070547 3.8463832065463057 0.5663872491568317 1.0746759810936062 15.579875110182909 1.2121612406917837 5.5880768748756964 2.2681504823267464 0.87172580882906903
leaf_count=870 66612 20074 22 210 20573 19 146 27 28 39 76 43 10 38 38 305 1190 77535 55 114 61 49 15 13 363 199 37 35 19 60
internal_value=-1.70955e-09 0.00447818 0.00488881 0.00516181 0.00487018 0.00531798 0.00477573 0.00550932 0.0118423 0.000853011 0.0112321 0.0223758 0.0063115 -0.0151411 -0.00185439 0.00392133 0.00588763 0.00245491 -0.00380881 0.000195847 0.0091589 -0.0156643 0.00892123 0.00489603 -0.00855207 0.0125637 0.00330814 0.0173812 -0.0263928 -0.00237203
internal_weight=1369.95 148.647 147.556 147.134 147.095 145.165 142.138 138.78 26.5278 13.512 10.3398 13.0158 6.12396 4.81546 3.86254 112.252 90.9824 60.9902 31.1892 29.7378 14.6651 3.74925 29.801 25.9546 15.0727 29.9922 14.4123 10.0603 4.35204 3.13988
internal_count=188875 122263 102189 102167 101957 81384 81365 81219 299 218 191 81 53 152 114 80920 80615 79395 1832 1777 224 110 77563 77548 1553 1220 1021 905 116 79
is_linear=0
shrinkage=0.05


Tree=142
num_leaves=31
num_cat=0
split_feature=10 7 6 4 3 8 8 6 6 3 6 10 3 6 6 3 10 3 3 6 3 10 10 10 3 6 6 3 10 3
split_gain=1.45602 0.834108 0.798163 0.54844 1.12767 0.507919 0.637721 0.889723 5.3159 1.20711 2.54578 1.15907 2.24698 1.62375 0.894626 1.01727 1.55857 1.39351 1.43914 3.45238 1.06888 4.19702 1.00605 3.18376 1.72342 1.09276 2.73946 4.16212 2.63191 1.83982
threshold=0.0099504948593676108 0.46904338896274572 32.305309295654304 87.500000000000014 192.50000000000003 165.50000000000003 107.50000000000001 4.6214363574981698 4.1475377082824716 26.500000000000004 0.59404557943344127 0.01197647722437978 18.500000000000004 3.2873064279556279 9.1301374435424822 37.500000000000007 0.019125756807625297 30.500000000000004 27.500000000000004 8.8021216392517108 32.500000000000007 0.010471491608768703 0.014718532562255861 0.015418956056237222 9.5000000000000018 7.7992205619812021 7.251589536666871 21.500000000000004 0.013793759513646366 21.500000000000004
decision_type=2 2 2 2 2 2 2 2 2 2 2 2 2 2 2 2 2 2 2 2 2 2 2 2 2 2 2 2 2 2
left_child=1 2 3 -1 -5 6 7 8 9 11 -11 13 -13 -2 15 17 -17 18 22 -20 -19 -22 24 -24 -9 26 -26 28 -28 -27
right_child=5 -3 -4 4 -6 -7 -8 14 -10 10 -12 12 -14 -15 -16 16 -18 20 19 -21 21 -23 23 -25 25 29 27 -29 -30 -31
leaf_value=0.033927670233241676 -0.025402541897986738 -0.027060605138538418 -0.031189415715787473 0.0051768774921382814 -0.029933062644056943 -0.026940925670471114 0.012059994379783294 0.018703709194263174 -0.06197209747349372 -0.0016043041703314863 -0.052198537544682538 0.0022387623087329399 -0.046342471595139018 0.039307006736896646 -0.0009325974494637908 -0.047064707932177069 0.01385583670827642 0.024848980621090019 -0.055454245479062393 0.029539874175569969 0.022128986983829448 -0.042785902648737578 -0.035338738246235686 0.003047687578423568 -0.00038709062659527895 0.0010884620220007874 -0.051837010453548521 0.042742873761684522 0.017923915280371534 -0.033568798085049333
leaf_weight=0.6522980282716152 0.52917082106432589 1.1088195989341318 0.55217348644509812 163.6928977975349 1.3376187102385291 0.82904996184697566 8.9171494534821232 18.044369268231094 3.0604993119632118 8.8628263563296041 2.4926436036694204 33.642401893564966 1.5563335079787055 2.9248943515121937 984.43613346573693 1.4396956633572693 1.2178080590674651 11.677247922867538 2.204108871985226 1.1166119147092106 7.1660425150766951 2.5851487070322037 5.8243909827433553 25.294633195124334 48.760371803567978 13.422541329848174 1.5491982861421996 8.6263310732319933 2.0960336606949568 4.3251397135318248
leaf_count=6590 404 20605 30 81916 14749 3294 8235 59 114 31911 2333 881 553 7 15942 99 25 54 88 7 44 65 86 155 355 116 52 38 10 58
internal_value=-1.08398e-09 0.0043554 0.00472551 0.0050316 0.00471373 -0.000609177 -0.000568628 -0.000673055 -0.00694026 -0.0024234 -0.0160361 0.00187932 -0.00113017 0.0259159 -0.000375424 0.00313871 -0.0229922 0.00374014 0.00175786 -0.0266523 0.0152632 0.00254041 0.00269622 -0.00501346 0.00520001 0.00191133 0.00508682 0.0252274 -0.0165007 -0.00869762
internal_weight=1369.94 167.344 166.235 165.683 165.031 1202.6 1201.77 1192.85 53.0688 50.0083 11.3555 38.6528 35.1987 3.45407 1139.79 155.35 2.6575 152.692 131.264 3.32072 21.4284 9.75119 127.943 31.119 96.824 78.7796 61.0319 12.2716 3.64523 17.7477
internal_count=188875 123890 103285 103255 96665 64985 61691 53456 36203 36089 34244 1845 1434 411 17253 1311 124 1187 1024 95 163 109 929 241 688 629 455 100 62 174
is_linear=0
shrinkage=0.05


Tree=143
num_leaves=31
num_cat=0
split_feature=10 7 6 6 6 6 10 6 6 3 7 6 6 6 3 3 10 3 6 6 6 6 3 3 10 6 6 6 6 6
split_gain=1.13739 0.74166 0.651148 0.734273 0.824348 0.788541 3.19802 0.774191 0.684813 0.60794 0.519872 0.634165 0.732319 0.674926 1.03819 1.5412 1.46152 0.588675 1.75998 1.46666 1.75631 0.770702 1.05512 4.12399 0.905208 2.3529 1.32996 0.723144 1.31029 0.575194
threshold=0.0098524559289217013 0.46904338896274572 32.305309295654304 20.280011177062992 22.442245483398441 19.381326675415043 0.0094788861460983771 32.034280776977546 25.224988937377933 44.500000000000007 0.46858306229114538 11.973258018493654 12.486545562744142 10.470671176910402 44.500000000000007 45.500000000000007 0.0093025267124176043 42.500000000000007 8.8021216392517108 8.4790754318237322 0.74124696850776683 10.234188556671144 43.500000000000007 48.500000000000007 0.0094788861460983771 9.3855566978454608 5.824183702468873 6.1512548923492441 9.1301374435424822 13.250360488891603
decision_type=2 2 2 2 2 2 2 2 2 2 2 2 2 2 2 2 2 2 2 2 2 2 2 2 2 2 2 2 2 2
left_child=1 2 3 5 9 10 -7 8 -6 -5 11 13 -13 17 -15 -16 -17 18 19 20 -1 24 -23 -24 -19 26 -26 -28 -29 -14
right_child=-2 -3 -4 4 7 6 -8 -9 -10 -11 -12 12 29 14 15 16 -18 21 -20 -21 -22 22 23 -25 25 -27 27 28 -30 -31
leaf_value=0.029917847901351897 -0.00050403274538591636 -0.02606062146546936 -0.028949349625637305 0.0028220968144539553 0.0045761830744405685 -0.057221376709219507 0.0088960388753640662 0.023052893719995485 -0.01860977916362358 0.025722596486285783 0.039309774027494901 0.023579327859793442 -0.0084111806534952708 -0.047469002280370327 0.027578538032434919 0.0048479068252017697 -0.049974131807544869 0.0011316569090630303 -0.033530093506996449 0.043597526300685023 -0.040687621543222238 0.038096974290301969 -0.0521658359621755 0.039594652656043339 -0.036465512431819461 -0.060413130668046482 0.029988927872225762 -0.036235741274224936 0.015880907910424728 0.0072237241813442703
leaf_weight=0.73933334208049817 1218.3020069391559 1.029659297627403 0.46042953571304579 4.2386415295550242 11.086168100242505 1.6667371410876501 5.1552519253455102 3.0293776560574761 3.3326989854685953 10.45927806291729 0.040607529317639002 5.2676372174173585 5.9453687253408125 0.8059885201510032 1.6878676656633613 2.3990015795643562 1.1763477281201629 30.452527355113943 0.59759814111748699 3.0552690958138555 0.83005358388618333 1.9056472326628853 1.2733800839632752 1.6589558031409977 0.95303243585385544 1.3032944477163253 1.7526404820382593 0.90662110683479147 2.315691746014636 42.542600883272826
leaf_count=126 66612 20074 22 39 202 39 45 19 146 58 210 64 98 60 21 66 53 96870 27 7 148 7 38 8 3031 37 9 124 11 604
internal_value=4.72348e-10 0.00412275 0.00450873 0.00480928 0.0113773 0.00288161 -0.0125079 0.0036625 -0.00164228 0.0197189 0.00396342 0.00358813 0.00737655 -0.000261768 -0.0146953 -0.00289876 -0.0201696 0.00183685 0.0162013 0.0274464 -0.00872715 -0.000259019 0.0166811 -0.00338535 -0.00280885 -0.0175247 -0.000736322 0.0110657 -0.00389162 0.00517542
internal_weight=1366.37 148.068 147.038 146.578 32.1462 114.431 6.82199 17.4482 14.4189 14.6979 107.609 107.569 53.7556 53.8133 6.06921 5.26322 3.57535 47.744 5.22225 4.62466 1.56939 42.5218 4.83798 2.93234 37.6838 7.23128 5.92799 4.97495 3.22231 48.488
internal_count=188875 122263 102189 102167 464 101703 84 367 348 97 101619 101409 766 100643 200 140 119 100443 308 281 274 100135 53 46 100082 3212 3175 144 135 702
is_linear=0
shrinkage=0.05


Tree=144
num_leaves=31
num_cat=0
split_feature=10 6 6 6 6 6 7 6 7 3 10 3 10 10 3 6 6 6 6 6 3 3 7 4 4 6 6 3 6 6
split_gain=0.937375 0.754605 0.807766 0.841833 0.701398 0.62496 0.666237 0.618916 0.534144 0.555629 0.554586 0.993385 1.02103 1.35933 0.853653 0.989119 0.745313 0.930483 0.577796 1.37957 0.62087 0.511768 0.506697 0.807377 0.643524 1.05118 0.541492 1.68331 2.96573 2.1124
threshold=0.0098524559289217013 32.305309295654304 20.280011177062992 22.442245483398441 32.034280776977546 19.381326675415043 0.46904338896274572 25.224988937377933 0.46858306229114538 192.50000000000003 0.0039761590305715808 128.50000000000003 0.0053619688842445621 0.0062696540262550124 98.500000000000014 0.71164748072624218 0.73574799299240123 0.74124696850776683 0.92583191394805919 4.1475377082824716 72.500000000000014 44.500000000000007 0.63366886973381054 7.5000000000000009 20.500000000000004 32.622304916381843 12.204383850097658 7.5000000000000009 10.470671176910402 8.8021216392517108
decision_type=2 2 2 2 2 2 2 2 2 2 2 2 2 2 2 2 2 2 2 2 2 2 2 2 2 2 2 2 2 2
left_child=1 2 5 21 7 6 8 -5 9 10 -1 12 -12 -14 15 -15 -13 -18 20 -20 -17 -4 23 -2 25 -25 27 28 29 -26
right_child=22 -3 3 4 -6 -7 -8 -9 -10 -11 11 16 13 14 -16 18 17 -19 19 -21 -22 -23 -24 24 26 -27 -28 -29 -30 -31
leaf_value=0.026828912133245772 0.025619306318126124 -0.031518961189523659 0.0036084241288443747 0.0040687781739752625 0.021691399997536259 -0.011692114642273368 -0.02566326222526355 -0.018094451820318918 0.039300714898297326 -0.01857788432398021 0.035269615959373168 -0.034666861187144286 -0.033145542596676285 -0.027341063215464187 0.030697506998132534 0.03753545400879147 0.039302931169406169 -0.019125087076456139 -0.034687433328715649 0.0042661208628804476 -0.012304785221438254 0.024999800479574848 -0.029361385698750287 -0.042670492899244711 -0.0070252819848483708 0.016914752460202312 -0.0010878640507882226 0.0030092101624960136 -0.029399504773756677 0.014046075130575097
leaf_weight=1.5533892216080847 1.969814892303474 0.51465014135464926 4.209744453342867 11.121335775940681 3.0272562922909847 6.7274477141909292 0.99965272917279335 3.2674364948179564 0.042142326543397668 1.8885763239813957 1.5607157245176484 1.9392010130704869 1.5209376809916637 1.5903691424946362 1.9395279762666167 1.3477844891021948 0.24338472733506922 0.60159213311999338 1.3378382368255177 91.546742402293603 0.30795810234303633 10.373575329780577 0.51453102732284506 1.1282537553479404 41.519216407177737 0.4734794795513152 874.86508949986455 272.63131439152767 10.118822321790502 15.519108536653219
leaf_count=527 1966 22 39 202 19 84 20074 146 210 20573 1078 26919 14636 11795 543 1488 109 6597 13234 1776 2134 58 1933 7040 379 1 15014 40067 110 102
internal_value=1.85657e-09 0.00374848 0.00408375 0.0109879 0.00322865 0.00208699 0.00304103 -0.00181287 0.00354239 0.00316586 0.00372594 0.00312827 0.00403246 0.00319718 0.00408968 0.00324233 -0.0221065 0.00988526 0.00403759 0.00334157 0.0271227 0.0194526 -0.000456861 -0.00042058 -0.000483766 -0.0253255 -0.000430202 0.00126133 -0.00577443 -0.00114891
internal_weight=1366.4 147.661 147.147 31.9993 17.416 115.147 108.42 14.3888 107.42 107.378 105.489 103.936 101.152 99.5912 98.0702 96.1307 2.78418 0.844977 94.5403 92.8846 1.65574 14.5833 1218.74 1218.23 1216.26 1.60173 1214.65 339.788 67.1571 57.0383
internal_count=188875 122263 122241 464 367 121777 121693 348 101619 101409 80836 80309 46684 45606 30970 30427 33625 6706 18632 15010 3622 97 66612 64679 62713 7041 55672 40658 591 481
is_linear=0
shrinkage=0.05


Tree=145
num_leaves=31
num_cat=0
split_feature=10 6 6 6 6 3 7 4 3 10 10 10 10 10 6 6 6 6 6 3 6 5 7 4 4 5 5 5 5 5
split_gain=0.829967 1.13938 0.700969 0.648746 0.79447 1.25252 0.595982 0.516812 0.857109 0.573819 0.84145 1.03792 1.19576 0.883784 0.871926 0.748851 0.909828 0.57725 1.2162 0.590925 0.537899 0.497229 0.492022 0.755182 1.02362 0.713213 0.724401 0.614665 1.23911 0.95618
threshold=0.0098524559289217013 32.305309295654304 20.280011177062992 22.755928993225101 32.034280776977546 46.500000000000007 0.46904338896274572 87.500000000000014 192.50000000000003 0.0039761590305715808 0.0053050769492983827 0.0053619688842445621 0.0062696540262550124 0.0063092110212892303 0.71164748072624218 0.73574799299240123 0.74124696850776683 0.92583191394805919 4.1475377082824716 72.500000000000014 4.6214363574981698 6.5000000000000009 0.63366886973381054 9.5000000000000018 20.500000000000004 10.500000000000002 13.500000000000002 21.500000000000004 37.500000000000007 39.500000000000007
decision_type=2 2 2 2 2 2 2 2 2 2 2 2 2 2 2 2 2 2 2 2 2 2 2 2 2 2 2 2 2 2
left_child=1 2 6 -4 5 -5 7 -1 9 -9 15 -12 -13 -14 -15 -11 -17 19 -19 -16 -20 -2 23 -23 -25 -26 -27 -28 -29 -30
right_child=21 -3 3 4 -6 -7 -8 8 -10 10 11 12 13 14 17 16 -18 18 20 -21 -22 22 -24 24 25 26 27 28 29 -31
leaf_value=0.030228126604290591 -0.02657637941357769 -0.037721662889041392 0.016814249368010792 -0.012630573170669793 0.021737773291633671 0.021263362605097581 -0.025229725674388429 0.026268177235099111 -0.028681446674674732 -0.03419975273335487 0.034474953086670465 -0.03234435752507251 0.030094140361153789 -0.026825382081977451 0.036417631132388856 0.03902072908218461 -0.018818235446546989 -0.033912148636853233 0.022712736831585176 -0.01218784834282393 0.0023110476397623677 0.02262128277744991 -0.029024177459090833 -0.036750250160019406 0.017667958374513262 -0.035143551980701834 0.017540029196293255 -0.03591457334071739 0.031323148851054347 -0.00046142231288953016
leaf_weight=0.66882616410839446 0.81584641128938429 0.66419318551197548 17.004800649592656 9.107288526138289 3.038737657479941 2.7532222364097825 0.96855845593381573 1.5366799134535529 1.2208087933686318 1.8705077006661661 1.5523339170686075 1.4605219506265701 1.9203672178846307 1.5422809866522573 1.3086727506033629 0.255057655944256 0.5867956189031247 1.2833096721424215 2.3655547177477265 0.304781491491667 95.886557085956156 2.5661210365660727 0.49859514838863006 0.93607990844975475 4.4596737716747148 0.50243959107501623 3.7556163140907293 1.461138186879906 1.3710012481378715 1200.6345747015348
leaf_count=6582 3294 22 119 288 19 38 20074 527 14201 26919 1078 14636 543 11795 1488 109 6597 13234 20 2134 1840 3004 1933 6003 2060 1647 4359 8467 1098 34747
internal_value=7.32661e-10 0.00353168 0.00397277 0.0104144 0.00251197 -0.00372106 0.00210701 0.00255756 0.00213042 0.00271777 0.00215679 0.00293846 0.00215926 0.00294268 0.0021496 -0.0212959 0.0103768 0.00284969 0.00221731 0.0260857 0.00302614 -0.000430004 -0.000390645 -0.000355056 -0.00042225 -0.000363927 -0.000445074 -0.000401558 -0.000472063 -0.000399162
internal_weight=1364.3 147.3 146.636 31.904 14.8992 11.8605 114.732 113.763 113.094 111.873 110.337 107.624 106.072 104.612 102.691 2.71236 0.841853 101.149 99.5354 1.61345 98.2521 1217 1216.19 1215.69 1213.12 1212.18 1207.72 1207.22 1203.47 1202.01
internal_count=188875 122263 122241 464 345 326 121777 101703 95121 80920 80393 46768 45690 31054 30511 33625 6706 18716 15094 3622 1860 66612 63318 61385 58381 52378 50318 48671 44312 35845
is_linear=0
shrinkage=0.05


Tree=146
num_leaves=31
num_cat=0
split_feature=10 6 6 6 6 7 6 6 6 6 6 6 10 10 10 3 10 3 3 3 3 3 3 10 3 3 6 10 10 6
split_gain=0.70381 0.6547 0.660756 0.644186 0.643003 0.561429 0.560988 0.515246 1.55133 1.49756 1.39337 2.32107 2.02471 3.58488 1.37149 1.16342 2.10749 1.11762 4.02275 1.95721 2.83561 1.88936 1.82836 1.2438 0.780203 0.742166 1.23923 0.990125 2.91328 1.72979
threshold=0.0098524559289217013 32.305309295654304 20.594759941101078 22.442245483398441 32.034280776977546 0.46904338896274572 25.224988937377933 40.993413925170906 40.450315475463874 41.409038543701179 40.578989028930671 40.790140151977546 0.012739370577037336 0.012539633549749853 0.011428944766521456 9.5000000000000018 0.014578848611563446 12.500000000000002 1.5000000000000002 14.500000000000002 20.500000000000004 22.500000000000004 26.500000000000004 0.012903762981295587 25.500000000000004 3.5000000000000004 44.856470108032234 0.01183473411947489 0.011428944766521456 44.293878555297859
decision_type=2 2 2 2 2 2 2 2 2 2 2 2 2 2 2 2 2 2 2 2 2 2 2 2 2 2 2 2 2 2
left_child=1 2 5 -4 6 -1 -5 8 -2 14 15 12 13 -12 -9 16 -10 18 -13 -19 23 -22 -23 -21 -17 26 -11 28 29 -27
right_child=7 -3 3 4 -6 -7 -8 9 10 25 11 17 -14 -15 -16 24 -18 19 -20 20 21 22 -24 -25 -26 27 -28 -29 -30 -31
leaf_value=0.0023348709580346752 -0.00046721902216258411 -0.029884683164230725 0.019857553100697506 0.004658475020064101 0.021758526166519576 -0.02481754722007018 -0.016693811081231257 0.0085516704819396851 0.055731693710281777 -0.039286749567084139 -0.04377885633574316 0.031218841642428965 -0.053705997895697605 0.043445912300817797 -0.04301476624942626 -0.0049079173278352844 -0.00076272730144444465 0.038707221991233574 -0.052090361305298233 -0.053890976587698092 0.043789857076516898 -0.042613645684204837 0.017248417649719624 -0.0019797947997983959 0.027719044022726364 -0.022384379217184884 0.0076677481699276868 0.0029990173035295319 -0.052648867023210422 0.0081324169926373802
leaf_weight=118.50756596596648 1099.3496614646238 0.48717143572866817 10.133697225173821 11.066158861038277 3.0199899077415457 0.93970845519743207 3.131311055389232 1.4222229155711819 3.7867722958326322 2.3203565790317944 1.1881778440438238 1.9832636285573273 2.0483437180519104 1.5598227772861719 3.349234098335728 4.8615484414622188 2.4790646880865097 5.0680640507489434 1.8800803220365194 1.33799804933369 3.239265576004982 0.95777462795376811 2.6945704482495785 2.4360666032880545 1.7333194124512372 5.9247965002432528 1.9574133097194133 48.584095705766231 2.3542233291082075 13.133949714247136
leaf_count=101732 64003 22 68 202 19 20074 146 40 6 114 54 10 92 5 242 70 51 20 113 30 17 30 48 30 16 225 33 1005 139 219
internal_value=-1.01783e-09 0.00325218 0.00356361 0.0104334 0.0041011 0.00191699 -0.000839444 -0.000396378 -0.000123206 -0.00427369 0.00977526 0.0024741 -0.0255845 0.00411364 -0.0288259 0.0224461 0.0363511 0.0102501 -0.0116978 0.0160163 0.00284036 0.0210267 -0.00423494 -0.0278169 0.006188 -0.00233446 -0.0204195 -0.000957175 -0.00966673 -0.00199734
internal_weight=1362.94 147.286 146.798 27.3512 17.2175 119.447 14.1975 1215.65 1136.6 79.0463 37.2541 24.3934 4.79634 2.748 4.77146 12.8607 6.26584 19.5971 3.86334 15.7337 10.6657 6.89161 3.65235 3.77406 6.59487 74.2748 4.27777 69.9971 21.413 19.0587
internal_count=188875 122263 122241 435 367 121806 348 66612 64595 2017 592 449 151 59 282 143 57 298 123 175 155 95 78 60 86 1735 147 1588 583 444
is_linear=0
shrinkage=0.05


Tree=147
num_leaves=31
num_cat=0
split_feature=6 6 3 6 10 10 3 10 6 3 10 3 10 10 6 6 6 6 10 3 6 10 6 10 6 6 6 6 6 6
split_gain=0.608642 1.5483 1.47602 1.26409 1.25975 1.03217 3.36367 1.84397 0.734797 0.733258 2.33102 1.67185 0.65577 4.37603 2.17327 2.97981 6.08965 1.74435 6.47711 6.42965 5.68199 3.8748 13.6481 4.414 3.12431 3.35728 8.14271 2.38647 2.4633 2.20108
threshold=40.993413925170906 40.450315475463874 27.500000000000004 41.409038543701179 0.011428944766521456 0.014578848611563446 2.5000000000000004 0.014389234129339458 40.790140151977546 19.500000000000004 0.011696306522935631 14.500000000000002 0.01183473411947489 0.01197647722437978 6.504176378250123 34.620792388916023 35.542776107788093 39.328422546386726 0.011050061322748663 25.500000000000004 33.850103378295906 0.011561079882085325 24.167681694030765 0.011696306522935631 21.659376144409183 20.829440116882328 16.130861282348636 21.154217720031742 21.380851745605472 8.4790754318237322
decision_type=2 2 2 2 2 2 2 2 2 2 2 2 2 2 2 2 2 2 2 2 2 2 2 2 2 2 2 2 2 2
left_child=1 12 5 4 -2 7 -7 8 9 11 -11 -3 17 14 -14 -16 -17 20 -19 -20 21 -1 23 24 25 26 -23 29 -29 -25
right_child=3 2 -4 -5 -6 6 -8 -9 -10 10 -12 -13 13 -15 15 16 -18 18 19 -21 -22 22 -24 27 -26 -27 -28 28 -30 -31
leaf_value=0.00012517054986007256 0.0082330184974091069 -0.016034187018494656 -0.028959897154004169 -0.0024655268620886388 -0.04117354116737388 0.018863152477830897 -0.048800826489676957 0.044234624278874896 0.017117914844658754 0.017171927752906789 -0.050102332411466791 0.028858317062153346 0.0023209977104054129 -0.00040529940970540591 -0.054494908443649841 0.05601933198384456 -0.052670571787808186 0.051913366131819877 0.033172902407459563 -0.063266021059201677 -0.036889537117200305 0.018981634420112241 0.049871281984984833 -0.0095724659833483373 -0.041597932456833242 0.051007535194802438 -0.06807295447090006 0.039180864689869865 -0.025664627470201946 -0.068799235910733558
leaf_weight=422.49257433663706 1.4447166277095664 2.9190022386610561 1.3369798948988307 74.210015777498484 3.1994471494108438 4.3019138583913437 1.8228308234829453 4.0915665524080387 14.535209525842218 1.9379125498235228 1.4521892722696064 3.5770645989105105 4.3902458816619392 739.57327209501273 7.2003069061902334 1.5769746080040934 1.5789975496882105 5.9658209504559618 2.4032001197338104 2.6609731493517756 8.7421594482948404 13.943259439072799 16.892048324458301 2.9914361452110807 1.8178184982389201 3.897303167730569 2.2770720524713388 1.4799625165760515 2.5781044214963913 3.4690372952682083
leaf_count=145505 40 51 64 1742 242 44 133 22 165 17 56 40 1231 36349 234 8 74 35 23 99 204 851 110 1255 51 13 44 4 56 113
internal_value=-2.09578e-09 0.000263627 0.0103467 -0.00423536 -0.0270684 0.012634 -0.00529783 0.0165348 0.0103365 -0.000290498 -0.0164941 0.00923796 -3.55745e-05 -0.000961176 -0.0270435 -0.0386 0.00205081 0.00138372 0.020191 -0.0195775 0.000911037 0.00168794 0.0147998 -0.00439967 0.00842152 0.014697 0.00351721 -0.029547 0.00105502 -0.0463341
internal_weight=1360.76 1281.91 35.9747 78.8542 4.64416 34.6377 6.12474 28.5129 24.4214 9.88617 3.3901 6.49607 1245.93 754.32 14.7465 10.3563 3.15597 491.611 11.03 5.06417 480.581 471.839 49.346 32.454 21.9355 20.1176 16.2203 10.5185 4.05807 6.46047
internal_count=188875 186851 592 2024 282 528 177 351 329 164 73 91 186259 37896 1547 316 82 148363 157 122 148206 148002 2497 2387 959 908 895 1428 60 1368
is_linear=0
shrinkage=0.05


Tree=148
num_leaves=31
num_cat=0
split_feature=3 3 6 6 6 6 3 3 6 6 6 6 6 6 4 6 6 3 6 6 6 6 6 6 6 6 6 6 6 6
split_gain=0.622725 3.50994 3.99654 2.11761 3.83393 1.40794 0.919475 1.53834 2.6449 4.11326 3.60556 3.477 3.0709 2.0161 2.13349 1.15972 1.82438 1.10822 5.21595 6.24929 6.06795 3.64092 6.84812 3.70997 8.7698 2.93908 6.70495 1.78095 3.83248 2.3811
threshold=21.500000000000004 20.500000000000004 10.794119834899904 35.542776107788093 35.798055648803718 7.7992205619812021 23.500000000000004 24.500000000000004 34.620792388916023 35.542776107788093 42.525291442871101 19.381326675415043 19.061475753784183 6.504176378250123 39.500000000000007 6.1512548923492441 3.6468113660812382 26.500000000000004 40.578989028930671 20.829440116882328 16.130861282348636 34.19945144653321 39.577598571777351 27.79000282287598 25.224988937377933 24.167681694030765 21.659376144409183 15.906307220458986 11.309598922729494 5.824183702468873
decision_type=2 2 2 2 2 2 2 2 2 2 2 2 2 2 2 2 2 2 2 2 2 2 2 2 2 2 2 2 2 2
left_child=1 -1 5 -4 -5 -3 -2 8 11 -10 -11 12 13 15 -15 16 -8 18 19 20 27 23 -23 24 25 26 -21 28 29 -9
right_child=6 2 3 4 -6 -7 7 17 9 10 -12 -13 -14 14 -16 -17 -18 -19 -20 21 -22 22 -24 -25 -26 -27 -28 -29 -30 -31
leaf_value=-0.0003757712014823189 0.0063835252229495296 -0.016147271290511477 -0.052993177335354462 0.045740506156473987 -0.030865649717138406 0.023196492867468926 0.016553736588287803 -0.024907510972158584 0.057887463013365441 -0.053665693663551832 0.02647943873793776 -0.064874434855670168 0.049936556892839788 0.018245784535230427 -0.060312007029744222 0.027877045403850078 -0.048617674800273972 0.00013285114047913629 -0.053778661152672685 0.041799851896100498 -0.068430761629090911 -0.063156119807730712 0.025998790218059942 0.060592816558079882 -0.046411770495092472 0.050534893048526958 -0.034466347185020424 0.038984493019342231 -0.056311863376434769 0.018532155979052289
leaf_weight=709.97371966774517 73.159005491375865 2.8913667670713066 7.1691927318170183 1.2367768511176107 5.3862310222320957 4.6937300628924277 1.5295130139347768 3.5109048254089457 1.9291312247514714 1.975625055638375 1.8067279765382407 3.0866548272315404 0.94951029680669297 0.62883040681481395 2.6050870810722699 1.6911982337478546 1.0081652030348776 478.085277313402 2.3268594667315474 6.0277335783466786 2.8318158026086158 2.4555104465689501 4.7725786855444312 6.7908717030659309 3.3882037783041588 9.618262929376213 3.9426248203963041 1.6696125539019711 1.9906768609798753 9.6945310217852221
leaf_count=10965 1096 141 210 6 159 32 130 316 8 113 34 129 3 2 105 7 17 174622 135 29 88 94 50 17 57 39 101 16 73 81
internal_value=-7.03977e-10 -0.000990835 -0.0204884 -0.0356752 -0.0124365 0.00806509 0.0011546 0.000454232 -0.0138395 0.0125444 -0.0178507 -0.0268994 -0.00755348 -0.0199045 -0.044335 0.00368401 -0.0157616 0.000937113 0.00734118 0.0107384 -0.0116301 0.0226406 -0.0082834 0.0301746 0.0190322 0.0320564 0.0112489 0.00120343 -0.00509834 0.00604257
internal_weight=1358.83 731.351 21.3773 13.7922 6.62301 7.5851 627.475 554.316 17.2104 5.71148 3.78235 11.499 8.4123 7.46279 3.23392 4.22888 2.53768 537.105 59.0202 56.6933 19.6975 36.9958 7.22809 29.7677 22.9768 19.5886 9.97036 16.8657 15.1961 13.2054
internal_count=188875 11513 548 375 165 173 177362 176266 548 155 147 393 264 261 107 154 147 175718 1096 961 574 387 144 243 226 169 130 486 470 397
is_linear=0
shrinkage=0.05


Tree=149
num_leaves=31
num_cat=0
split_feature=3 3 6 6 6 3 6 6 6 10 10 3 6 6 6 6 6 6 3 6 6 6 6 6 10 3 6 6 6 6
split_gain=0.734285 2.0278 2.95899 2.18363 3.58013 1.80108 3.59249 8.6251 3.97899 2.91465 2.46251 2.01629 3.28842 4.47258 2.76409 1.6743 1.59236 8.32416 1.43977 1.5421 1.32838 1.28901 3.17637 1.22691 1.12807 4.10149 2.98618 5.93975 3.86073 1.70111
threshold=21.500000000000004 20.500000000000004 10.794119834899904 35.542776107788093 35.798055648803718 26.500000000000004 36.183538436889656 24.167681694030765 38.594190597534187 0.01962373033165932 0.01197647722437978 22.500000000000004 39.328422546386726 40.912498474121101 39.577598571777351 39.898801803588874 27.79000282287598 25.224988937377933 24.500000000000004 40.578989028930671 7.7992205619812021 42.525291442871101 40.264278411865241 23.637259483337406 0.01197647722437978 25.500000000000004 23.119680404663089 20.829440116882328 20.280011177062992 12.818572998046877
decision_type=2 2 2 2 2 2 2 2 2 2 2 2 2 2 2 2 2 2 2 2 2 2 2 2 2 2 2 2 2 2
left_child=1 -1 20 -4 -5 6 7 23 9 -8 16 12 -10 -14 -13 -16 17 -9 21 -20 -3 22 -17 24 25 -2 27 28 29 -26
right_child=5 2 3 4 -6 -7 8 10 11 -11 -12 14 13 -15 15 18 -18 -19 19 -21 -22 -23 -24 -25 26 -27 -28 -29 -30 -31
leaf_value=-0.00062076474192856502 -0.021080266154882857 -0.015548723641861321 -0.048772579082730659 0.045296292063923355 -0.027314134001427782 -0.00023733333828959832 -0.066962046582346307 0.045466470241970376 0.049851409539728761 0.020660901092473819 0.011409159649805635 -0.056356093849299377 -0.058464511698097757 0.02245234465799854 0.032312183254591807 0.023180679540591768 0.054840151871576537 -0.042443800667608757 -0.0043609859660032084 -0.051511210838761257 0.022670822838882672 0.023269344056007678 -0.05083453048091581 -0.033326785080181297 0.011436806755271943 0.011654936200814852 0.047887897170614174 -0.04421582917350534 0.054793626320751847 -0.012995081304926787
leaf_weight=709.06971542839892 17.658352513193677 2.9059530743325039 6.3847105244058167 1.3925181180238722 4.9542907482100418 479.87621054690953 3.2366587952710719 9.8782052379101533 3.3309028079675063 0.71596812456846226 12.675078865606336 1.8307877519910132 1.6626641750335691 3.8174477121792734 1.9110173378139759 2.1969717387109982 10.097407470922915 2.7108214907348147 4.3166363053023815 2.152491778600961 4.6637376158323605 3.8217062065377831 1.7421125359833238 1.5250647300854314 23.523810864317056 18.715028747647011 3.1385913249105206 4.7393848756328216 3.3452875073999158 9.1055766942881728
leaf_count=10965 658 141 210 6 159 174622 143 53 16 2 140 77 38 61 16 21 56 76 42 135 32 68 89 61 399 339 14 82 10 144
internal_value=-1.14941e-09 -0.00107829 -0.0162792 -0.0301813 -0.00738608 0.00125262 0.00605772 0.0100384 -0.00894844 -0.0501233 0.0302984 -0.00128641 0.0171637 -0.00733141 -0.0107599 -0.00260203 0.0399248 0.0248062 -0.00910461 -0.0248455 0.00789632 0.00535476 -0.0132182 0.00101466 0.00206974 -0.00437599 0.00739448 0.00319973 0.0104733 0.00443515
internal_weight=1357.1 729.371 20.3012 12.7315 6.34681 627.724 147.848 117.113 30.7354 3.95263 35.3615 26.7827 8.81101 5.48011 17.9717 16.1409 22.6864 12.589 14.2299 6.46913 7.56969 7.76079 3.93908 81.7511 80.226 36.3734 43.8527 40.7141 35.9747 32.6294
internal_count=188875 11513 548 375 165 177362 2740 2032 708 145 325 563 115 99 448 371 185 129 355 177 173 178 110 1707 1646 997 649 635 553 543
is_linear=0
shrinkage=0.05


Tree=150
num_leaves=31
num_cat=0
split_feature=3 3 6 6 10 6 6 6 6 6 3 6 6 6 6 6 6 6 6 6 6 3 6 6 6 3 10 6 10 6
split_gain=0.617522 2.15317 2.6716 7.55952 2.09923 1.82622 2.29988 3.4174 1.61428 1.96855 2.76942 2.74651 2.63489 1.63563 3.53866 1.30992 2.2646 1.97618 3.46721 2.64904 2.33476 2.50501 1.90238 4.59735 1.64333 2.04717 1.72983 3.46442 3.10809 2.36035
threshold=21.500000000000004 26.500000000000004 24.167681694030765 34.912736892700202 0.01197647722437978 29.726751327514652 25.224988937377933 27.79000282287598 43.633155822753913 38.594190597534187 22.500000000000004 36.820848464965827 39.577598571777351 39.328422546386726 40.912498474121101 22.074252128601078 22.755928993225101 19.061475753784183 12.818572998046877 15.906307220458986 16.130861282348636 23.500000000000004 10.794119834899904 8.4790754318237322 7.251589536666871 22.500000000000004 0.011696306522935631 5.824183702468873 0.01197647722437978 5.824183702468873
decision_type=2 2 2 2 2 2 2 2 2 2 2 2 2 2 2 2 2 2 2 2 2 2 2 2 2 2 2 2 2 2
left_child=-1 2 15 4 5 6 -4 -8 9 11 13 -5 -12 -11 -15 17 -17 18 22 -20 -21 -22 23 24 26 -26 29 -28 -29 -2
right_child=1 -3 3 8 -6 -7 7 -9 -10 10 12 -13 -14 14 -16 16 -18 -19 19 20 21 -23 -24 -25 25 -27 27 28 -30 -31
leaf_value=-0.00098811822945629019 -0.014549587231971715 -0.0004682130685419315 0.040947735340305991 0.0016971362277515716 0.011466432334481946 0.062031945235722009 -0.038736484394395587 0.030768869076090263 -0.038074606218398796 0.049476018237235561 -0.051401082592671447 -0.057450050897334994 0.0033583432256041805 -0.047243402886578752 0.031404140541416013 -0.055798808778283353 -0.001500558218916107 0.016403320105819588 -0.060119850159917568 0.029615727469583658 -0.00098582773042380661 -0.057641568951843074 0.024377969921764303 -0.048792738224890719 0.04114959371286106 -0.0034768649710623942 0.0078026628530051649 0.0043265980796576261 -0.065312537155464784 0.038739546570553875
leaf_weight=729.8625856984072 2.8667433669543305 481.08579836183617 9.0770435659214908 5.1153858890756991 10.378861461766062 6.4335604263469568 2.1782675902359179 2.9868912538513541 1.9379468788392831 3.8543953507323767 1.5770401249465056 2.1300055873580277 14.232339103240518 1.16042557451874 3.2738124029710889 1.7013636818155626 6.842447186820209 18.339374786592089 2.7888570591312591 2.0057855646446097 5.3111933812324423 2.1169719248428009 8.5709507307037693 3.3847566596232346 4.9980966507137037 4.2435434330254793 9.0698050167557067 2.4098162237642091 3.1749522364625591 3.9553853334509768
leaf_count=11513 162 174622 53 77 110 24 76 14 110 16 77 116 283 38 39 57 146 199 120 25 59 91 70 84 18 41 561 27 36 11
internal_value=-2.48219e-09 0.00114959 0.00644317 0.0139816 0.0313147 0.0402896 0.0270426 -7.18194e-05 -0.00263359 0.000667157 0.0076109 -0.0205497 -0.00483702 0.0293182 0.00591611 0.000415495 -0.0170268 0.00265228 -0.00215279 -0.0245527 -0.00928415 -0.0220557 0.00467833 -0.000826104 0.00583087 0.0223195 -0.00194168 -0.0114569 -0.0391698 0.0173495
internal_weight=1357.06 627.202 146.116 64.336 31.0546 20.6758 14.2422 5.16516 33.2814 31.3434 24.098 7.24539 15.8094 8.28863 4.43424 81.78 8.54381 73.2362 54.8969 12.2228 9.43395 7.42817 42.674 34.1031 30.7183 9.24164 21.4767 14.6546 5.58477 6.82213
internal_count=188875 177362 2740 1033 277 167 143 90 756 646 453 193 360 93 77 1707 203 1504 1305 295 175 150 1010 940 856 59 797 624 63 173
is_linear=0
shrinkage=0.05


Tree=151
num_leaves=31
num_cat=0
split_feature=10 3 10 10 10 3 10 3 3 3 7 4 5 10 5 3 10 10 10 10 10 10 10 10 5 5 3 3 3 3
split_gain=0.858859 2.60766 1.98341 1.55043 0.806803 2.17974 1.56893 1.49453 1.32734 0.931339 0.862427 0.538867 0.473627 0.453179 0.619217 0.389632 0.638815 0.677606 1.0944 1.0127 0.978786 0.577047 0.611044 0.583704 0.496814 0.618874 0.464701 0.871282 0.685829 0.64709
threshold=0.013539358973503115 14.500000000000002 0.013245614245533945 0.013793759513646366 0.011428944766521456 21.500000000000004 0.011173533275723459 18.500000000000004 19.500000000000004 20.500000000000004 0.46904338896274572 87.500000000000014 6.5000000000000009 0.012385687325149776 21.500000000000004 192.50000000000003 0.0039761590305715808 0.0053050769492983827 0.0053619688842445621 0.0062696540262550124 0.0063092110212892303 0.0075472774915397176 0.0076046728063374766 0.0090499590151011961 39.500000000000007 38.500000000000007 40.500000000000007 33.500000000000007 35.500000000000007 31.500000000000004
decision_type=2 2 2 2 2 2 2 2 2 2 2 2 2 2 2 2 2 2 2 2 2 2 2 2 2 2 2 2 2 2
left_child=1 -1 4 -2 6 7 10 -6 -9 -10 11 -3 -5 14 -7 16 -13 -18 -19 -20 -21 -22 -23 -24 25 -17 27 29 -29 -25
right_child=3 2 -4 12 5 13 -8 8 9 -11 -12 15 -14 -15 -16 24 17 18 19 20 21 22 23 26 -26 -27 -28 28 -30 -31
leaf_value=0.012382163246619553 -0.012612633667848181 0.028345034797532333 -0.014841077780182755 -0.026425131157599608 0.0024106693288277782 0.033969517265782199 -0.011080329545516288 -0.017597768667350026 0.0033594333892545841 -0.010598625116888796 -0.028903901510845771 0.025402042122950431 -0.0008228328282336349 -0.02029405783792777 0.0062515217153510036 -0.016127856658204678 -0.021043573445872245 0.03295911369437704 -0.031936455992056099 0.029302365087877535 -0.024615728904938818 0.032667487941384819 -0.02656384154441618 -0.0018766080065285348 -0.029580688655474453 0.033713540032773298 0.0024584950021507585 -0.010215923361724756 -0.0017201669621848997 0.0062662427888435963
leaf_weight=46.378757230522751 29.112584384436559 0.71088236069408495 20.04093182705401 0.81441942893616115 95.667157256692008 1.0965421383152705 32.639603442641601 20.352781614128617 27.740234964592673 19.550573360444105 1.5364587684780406 1.5298226631093701 487.50563894180777 0.63567503973172179 173.27056508214446 0.45153254174510948 2.7203828316301033 1.5634654779059918 1.4390971359180174 1.9039226995664638 1.3352488571053971 0.45394332165142159 1.027959674575867 44.4524097275862 1.3182820044894459 0.16712895383716375 153.41681326075013 29.846696821801743 105.8811512702996 52.119882359675103
leaf_count=542 1616 6623 2664 3294 1631 474 3214 542 544 544 26436 527 17139 5358 9786 4714 33625 1078 14636 543 14179 547 11497 1085 15298 545 5314 1085 2713 1082
internal_value=-3.44751e-09 0.000987446 0.000306156 -0.00160041 0.000717624 0.00254483 -0.000707615 -0.00160662 -0.00724056 -0.00251097 0.000160251 0.000343537 -0.000919449 0.00640604 0.00661854 0.000223099 0.000356211 0.000195778 0.000395612 0.000182133 0.000381802 0.000165224 0.00031387 0.000191743 -0.0179229 0.00984637 0.000331555 -0.00107765 -0.00364945 0.00253725
internal_weight=1356.68 839.248 792.869 517.433 772.828 338.314 434.515 163.311 67.6436 47.2908 401.875 400.339 488.32 175.003 174.367 399.628 397.691 396.161 393.441 391.877 390.438 388.534 387.199 386.745 1.93694 0.618661 385.717 232.3 135.728 96.5723
internal_count=188875 166826 166284 22049 163620 18879 144741 3261 1630 1088 141527 115091 20433 15618 10260 108468 87911 87384 53759 52681 38045 37502 23323 22776 20557 5259 11279 5965 3798 2167
is_linear=0
shrinkage=0.05


Tree=152
num_leaves=31
num_cat=0
split_feature=7 7 6 7 10 10 10 7 6 6 10 3 10 10 6 3 3 3 6 6 3 6 6 3 6 6 6 6 6 10
split_gain=0.657312 2.55687 2.64108 1.05937 0.742266 1.0466 0.79597 0.702139 0.644206 1.54429 1.26109 1.22737 2.53304 1.43652 0.970332 1.12772 0.834427 2.08824 2.6791 4.85956 2.0799 2.1571 2.98631 2.05206 1.59427 2.8621 2.19627 3.53222 2.2541 2.71875
threshold=0.47553408145904547 0.49752710759639746 44.996938705444343 0.44952273368835455 0.021353199146687988 0.011696306522935631 0.011428944766521456 0.63366886973381054 40.993413925170906 40.450315475463874 0.011428944766521456 8.5000000000000018 0.015881994739174846 0.014389234129339458 41.409038543701179 27.500000000000004 21.500000000000004 26.500000000000004 24.167681694030765 34.912736892700202 25.500000000000004 38.594190597534187 36.183538436889656 23.500000000000004 7.7992205619812021 10.794119834899904 11.973258018493654 18.047428131103519 21.659376144409183 0.01197647722437978
decision_type=2 2 2 2 2 2 2 2 2 2 2 2 2 2 2 2 2 2 2 2 2 2 2 2 2 2 2 2 2 2
left_child=3 2 -2 8 5 6 -3 -6 9 16 -11 12 -12 -13 15 -10 -1 18 24 23 21 22 -21 -20 -18 -26 -27 -28 -29 -30
right_child=1 4 -4 -5 7 -7 -8 -9 14 10 11 13 -14 -15 -16 -17 17 -19 19 20 -22 -23 -24 -25 25 26 27 28 29 -31
leaf_value=-0.0012356675655519535 -0.064849902081000901 -0.024171101174092782 0.021444776094969663 0.019136386751110568 0.014479402133001494 -0.037141697280918068 0.013146681264796773 -0.025711630361051799 -0.038928178056120429 -0.026185040085588231 -0.045706972435303111 0.01120650647879084 0.014549471636051825 0.041535468303746 -0.0028269635228980951 0.0079563342329162668 0.010735343247019554 -0.00026350132744038722 0.0086090338334150595 0.0073211803630528751 -0.048606282997685726 0.013385048489745952 -0.057022010270334489 0.036088877676614721 -0.037506345506963773 0.025160609697491711 -0.027553103162297973 0.013988581071782524 -0.039946020680862365 0.0086983992682580728
leaf_weight=644.63501037354581 2.2932511123581238 1.0592369908285926 0.66030478477478016 6.2902908827754791 7.547281287763326 1.566472246273406 3.6965265715771238 0.32044443051563565 2.9660617629997423 1.3014539540745307 1.6922685143072147 23.588312467560176 4.0576929766684771 4.074919654056429 71.547374289017171 1.4629639154300091 26.913009768071788 440.17658641840035 10.900781860575078 3.7382646584883394 1.3183156751838385 12.199434762849704 2.1646144182886928 21.239521939773113 4.6988140194152939 6.3764035515487185 10.864376918769265 20.087088241096357 4.2934152917005104 5.6561681078746915
leaf_count=9824 10985 13594 1 11016 679 13157 1018 146 241 64 132 329 44 22 1734 40 827 123490 107 43 61 161 123 167 106 36 278 219 151 80
internal_value=-8.10215e-10 -0.00945279 -0.0450132 0.000128638 0.000424973 -0.0113836 0.0020796 0.0101276 2.41123e-05 0.000297272 0.0105449 0.0126948 -0.00732874 0.0169673 -0.00441543 -0.0248287 -3.88553e-06 0.00138738 0.00691756 0.0156634 -0.00400441 0.00161824 -0.0211163 0.0273098 0.00107692 -0.0040324 2.4853e-06 -0.0044265 0.00455672 -0.0140236
internal_weight=1349.39 17.1435 2.95356 1332.24 14.19 6.32224 4.75576 7.86773 1325.95 1249.98 34.7146 33.4132 5.74996 27.6632 75.9764 4.42903 1215.26 570.627 130.45 51.5609 19.4206 18.1023 5.90288 32.1403 78.8893 51.9763 47.2775 40.901 30.0367 9.94958
internal_count=188875 39580 10986 149295 28594 27769 14612 825 138279 136264 591 527 176 351 2015 281 135673 125849 2359 662 388 327 166 274 1697 870 764 728 450 231
is_linear=0
shrinkage=0.05


Tree=153
num_leaves=31
num_cat=0
split_feature=6 6 6 6 10 6 3 3 11 3 6 6 3 10 3 6 6 6 6 6 6 6 3 3 6 6 10 3 6 6
split_gain=0.892155 5.13647 3.85254 6.08645 3.72529 5.21669 3.82993 3.69841 2.6759 2.18306 5.84567 5.251 1.03535 0.957634 6.96787 2.14352 3.68055 2.5288 1.76549 3.33787 3.09341 5.15444 4.77413 4.88492 4.56122 2.78367 2.75647 1.80672 2.94423 3.40166
threshold=29.190890312194828 28.94754791259766 30.485410690307621 31.277459144592289 0.014185110572725536 30.110941886901859 2.5000000000000004 22.500000000000004 1.0000000180025095e-35 34.500000000000007 29.726751327514652 29.726751327514652 35.500000000000007 0.015418956056237222 5.5000000000000009 38.594190597534187 39.118282318115241 36.820848464965827 32.034280776977546 31.649561882019047 32.305309295654304 33.566234588623054 7.5000000000000009 13.500000000000002 33.850103378295906 33.15819168090821 0.012121656909585001 6.5000000000000009 39.118282318115241 43.633155822753913
decision_type=2 2 2 2 2 2 2 2 2 2 2 2 2 2 2 2 2 2 2 2 2 2 2 2 2 2 2 2 2 2
left_child=1 -1 4 -4 7 6 -6 -2 -3 10 -9 12 -11 14 -5 17 -17 -15 19 -16 -20 22 -22 -24 26 -25 -23 28 -26 -30
right_child=2 8 3 13 5 -7 -8 9 -10 11 -12 -13 -14 15 18 16 -18 -19 20 -21 21 24 23 25 27 -27 -28 -29 29 -31
leaf_value=-0.00055804066991065049 0.033386952229477358 -0.068450846474925081 -0.040393348190893741 -0.053916928033156064 0.014272301927220114 0.026337574121003095 -0.061519261281831286 -0.06646631277474406 -0.0011176265467968862 0.052094226020377915 0.028141422673085243 -0.050086769739020015 0.014316682981147372 0.0045432755405839242 0.0021487135901479292 -0.061680956262789501 0.001804797142341257 0.031950253830467928 0.023430544257117582 -0.060612464038465277 0.022552578426433753 0.0634618252155838 -0.075429277020606769 0.0029136989590773151 0.026642131187883368 -0.057862326757870113 0.01296769605703512 -0.00038759096197535272 -0.054285139309063507 0.028373843607194211
leaf_weight=915.18661878717467 24.431888307677582 3.2571392389945677 8.0404050347860885 4.8726836815985726 1.9952198059763739 4.6427338648645673 4.1256089332164265 2.4187122331932178 2.3098179360385984 2.7691130209714157 2.3205405985936522 1.5913146487437178 5.7277396349236369 25.136102199787274 5.6781015200540415 1.6026242006337295 18.180025712354109 11.974883946124462 14.552420895546673 2.3187573715113103 3.3454368356615332 3.430911846458911 4.6102998331189147 6.8901931778527779 13.083686957252214 1.549082653596997 8.7896373607218248 238.05819669621997 1.9199987954925739 1.3429442527703939
leaf_count=180874 156 106 301 260 34 56 147 41 40 11 18 71 51 471 116 58 435 111 123 101 41 4 129 116 100 48 97 4653 84 22
internal_value=3.19247e-10 -0.000874825 0.00189112 0.000138549 0.0147821 -0.0105375 -0.0382785 0.0218132 -0.0449377 0.00183813 -0.0233104 0.0146893 0.0308174 0.00113298 3.19188e-05 0.00703666 -0.00605872 0.0139932 0.00106526 -0.0207638 0.00171947 0.000524557 -0.0258514 -0.0389825 0.00223697 -0.0131902 0.0308718 0.000745986 0.0163251 -0.0215894
internal_weight=1346.15 920.754 425.399 375.376 50.0229 10.7636 6.12083 39.2593 5.56696 14.8274 4.73925 10.0882 8.49685 367.336 310.442 56.8936 19.7826 37.111 305.57 7.99686 297.573 283.02 16.395 13.0496 266.625 8.43928 12.2205 254.405 16.3466 3.26294
internal_count=188875 181020 7855 7270 585 237 181 348 146 192 59 133 62 6969 5894 1075 493 582 5634 217 5417 5294 334 293 4960 164 101 4859 206 106
is_linear=0
shrinkage=0.05


Tree=154
num_leaves=31
num_cat=0
split_feature=6 6 6 6 10 6 3 6 11 6 6 3 3 6 6 3 3 3 6 6 3 10 3 6 6 3 6 10 6 10
split_gain=1.09997 4.37922 3.80396 5.06593 2.39875 4.85376 2.6118 4.35571 2.31966 1.16352 2.97969 2.6381 7.46659 3.01227 5.27531 4.53401 3.92374 3.83371 5.41751 4.00565 4.12245 3.2611 3.22676 4.2804 2.32638 2.1675 3.05335 2.1291 1.9706 3.08974
threshold=29.190890312194828 28.94754791259766 30.485410690307621 31.277459144592289 0.014185110572725536 29.726751327514652 25.500000000000004 29.726751327514652 1.0000000180025095e-35 14.014347553253176 14.561655044555666 19.500000000000004 16.500000000000004 21.659376144409183 26.817957878112797 3.5000000000000004 11.500000000000002 10.500000000000002 16.651162147521976 20.829440116882328 8.5000000000000018 0.016159754246473316 8.5000000000000018 17.719470977783207 15.160224437713625 1.5000000000000002 28.674489021301273 0.015418956056237222 16.651162147521976 0.014718532562255861
decision_type=2 2 2 2 2 2 2 2 2 2 2 2 2 2 2 2 2 2 2 2 2 2 2 2 2 2 2 2 2 2
left_child=1 9 4 -4 6 -6 -2 -8 -3 -1 -11 12 13 17 15 21 25 19 -19 22 -21 -15 27 -24 -14 -16 -27 28 29 -12
right_child=2 8 3 -5 5 -7 7 -9 -10 10 11 -13 24 14 16 -17 -18 18 -20 20 -22 -23 23 -25 -26 26 -28 -29 -30 -31
leaf_value=0.0010398507063482396 0.028680306717318627 -0.065294253856482479 -0.037678261725436438 0.0012391728659555945 -0.058219343520701107 0.013061930065343234 0.015027807805997027 -0.053404436511277902 -0.0019011504032387082 -0.027943944806099782 0.021842785678017149 0.0010066846172049155 0.0029822544385727364 0.013220869953820019 0.019711963118504719 -0.042223058975853288 0.025603163224937098 0.019543300605640815 -0.039454639909344634 0.0078241705023670127 0.061131522848911393 -0.040057343992022709 0.0035645121501019904 -0.066601609794527755 -0.05669965219443085 -0.040467781745198661 0.022977717236478856 -0.0065304855140310468 0.01870380826309951 -0.053448841316258655
leaf_weight=473.46307422306973 27.507836529519409 3.0289302417077115 7.5566640021279445 366.74739278330526 2.2382221546722567 8.1926764514064399 10.23782256618142 1.9322381608653802 2.344349508639425 10.24016247957479 1.9341934900730877 281.28530261849664 1.8621879601851095 8.8315854640677589 2.6370212381734772 17.765695891343057 10.656047735828905 5.1258121514692894 10.533661649315034 9.8758242949843389 5.07550692744553 3.0616501010954371 4.6653566994355051 2.919591118581593 8.3253387409567932 6.886555172459337 1.7765112930719622 21.983704559621401 25.290424987382721 1.6998430476232895
leaf_count=173589 165 106 301 6969 106 131 97 86 40 297 12 4612 35 80 24 460 88 64 279 92 16 41 50 61 313 210 31 278 195 47
internal_value=1.75011e-09 -0.000970158 0.00210325 0.000355185 0.0148985 -0.00598842 0.0204017 0.000932821 -0.042274 -0.000681999 -0.0025228 -0.00185737 -0.00716737 -0.0040119 -0.0134998 -0.026911 0.00499958 0.00157294 -0.020129 0.00640835 0.0286183 -0.00253752 0.000345703 -0.0280557 -0.0464989 -0.0149317 -0.0264257 0.00503627 0.0137519 -0.0173094
internal_weight=1345.68 921.268 424.413 374.304 50.1088 10.4309 39.6779 12.1701 5.37328 915.895 442.432 432.192 150.907 140.719 51.6151 29.6589 21.9561 89.1039 15.6595 73.4444 14.9513 11.8932 58.4931 7.58495 10.1875 11.3001 8.66307 50.9082 28.9245 3.63404
internal_count=188875 181020 7855 7270 585 237 348 183 146 180874 7285 6988 2376 2028 934 581 353 1094 343 751 108 121 643 111 348 265 241 532 254 59
is_linear=0
shrinkage=0.05


Tree=155
num_leaves=31
num_cat=0
split_feature=6 6 6 6 11 10 6 3 6 3 6 3 6 10 6 6 3 6 6 3 10 6 3 3 3 10 6 10 3 10
split_gain=0.965564 3.50727 4.58013 2.85256 2.17178 1.40735 4.0757 2.04399 1.77336 1.85815 1.19183 1.73122 1.10206 3.74172 1.0329 1.19065 2.4456 2.81922 1.5691 1.52979 1.37999 1.84202 1.98533 1.59379 1.31241 1.36813 1.19278 1.11941 5.14249 2.62999
threshold=29.190890312194828 30.485410690307621 31.277459144592289 28.94754791259766 1.0000000180025095e-35 0.014185110572725536 29.726751327514652 15.500000000000002 29.424094200134281 12.500000000000002 30.110941886901859 2.5000000000000004 29.424094200134281 0.010582306887954475 40.993413925170906 42.525291442871101 12.500000000000002 42.76966857910157 43.633155822753913 14.500000000000002 0.012385687325149776 44.293878555297859 23.500000000000004 27.500000000000004 12.500000000000002 0.015651676803827289 41.409038543701179 0.010050504934042694 32.500000000000007 0.011050061322748663
decision_type=2 2 2 2 2 2 2 2 2 2 2 2 2 2 2 2 2 2 2 2 2 2 2 2 2 2 2 2 2 2
left_child=3 5 -3 -1 -5 7 -7 8 -2 -10 11 -8 13 -9 27 24 18 19 -17 -18 21 22 -19 -23 25 26 -16 -4 29 -29
right_child=1 2 14 4 -6 6 10 12 9 -11 -12 -13 -14 -15 15 16 17 20 -20 -21 -22 23 -24 -25 -26 -27 -28 28 -30 -31
leaf_value=-0.00068415513906875986 0.048192792799499624 -0.036722854693147018 0.021349311182446026 -0.060049110034151726 0.00046197689782335923 -0.053202175447403112 0.02282576009376501 0.015826104713080706 0.028550894697909165 -0.01393800157469097 0.027809246579007935 -0.033432899131754311 0.01462433776250132 -0.055808221421478912 -0.030472126711228578 -0.050762261844676394 0.05484098220916675 0.0038323815549242296 -0.0073110069400367352 0.010518112591760519 0.0074847591263208883 -0.035429218107484776 -0.053559249861608309 0.0057590213569343445 -0.026770540369801261 -0.038450871796581812 0.013999847975821104 0.029936254524878022 -0.062270605898176845 0.0017955258387351417
leaf_weight=912.03883728962865 7.4557812027633217 7.1781454314477733 6.6629225034266701 2.576719340751878 2.5069781942293048 1.9456695739936538 1.7056766515597686 4.5914218830876079 6.4404610428027791 3.1876931674778461 5.0011789068230428 1.8199604923138393 16.427661394001916 1.7337106019258497 0.85302921570837664 2.4199348930269462 2.6213826481252891 2.1761305630207088 6.3791594179347157 5.5793342161923647 20.68151428969577 1.8021714682690788 3.1250916123390198 13.532503211870788 9.4443739722482842 1.0136189060285676 7.7580510294064879 7.5713167134672394 2.0839273328892878 273.39028561919258
leaf_count=180874 27 301 111 106 40 106 18 36 28 35 56 57 185 37 77 144 8 33 264 85 239 126 160 226 458 73 131 52 46 4736
internal_value=1.07673e-09 0.00196865 0.000287263 -0.000912535 -0.0350377 0.0142278 -0.00194797 0.0184238 0.0310536 0.0144958 0.0141042 -0.0071858 0.00803252 -0.00874702 0.00110876 -0.00398923 -0.00036785 0.00407246 -0.0232218 0.0291067 -0.00146676 -0.0103694 -0.0331308 -0.000954151 -0.014494 -0.00106165 0.00688223 0.00247956 0.00196176 0.00265734
internal_weight=1341.7 424.582 374.273 917.123 5.0837 50.3092 10.4725 39.8367 17.0839 9.62815 8.52682 3.52564 22.7528 6.32513 367.095 77.3863 58.3172 49.5181 8.79909 8.20072 41.3174 20.6359 5.30122 15.3347 19.0691 9.6247 8.61108 289.708 283.046 280.962
internal_count=188875 7855 7270 181020 146 585 237 348 90 63 131 75 258 73 6969 2024 1285 877 408 93 784 545 193 352 739 281 208 4945 4834 4788
is_linear=0
shrinkage=0.05


Tree=156
num_leaves=31
num_cat=0
split_feature=6 6 6 6 11 6 10 3 6 10 6 6 3 3 10 3 6 6 3 3 3 3 3 10 10 6 6 6 6 6
split_gain=0.817609 3.09048 3.99958 2.64016 1.82529 1.10187 1.44842 2.60337 1.37381 4.1525 1.2322 5.20305 6.82667 2.43944 2.44752 1.67503 2.67221 7.44622 10.7327 6.26244 8.02951 5.3201 3.31012 2.65333 3.72171 2.58164 3.25944 1.95492 2.55602 2.59127
threshold=29.190890312194828 30.485410690307621 31.277459144592289 28.94754791259766 1.0000000180025095e-35 40.993413925170906 0.011050061322748663 27.500000000000004 39.328422546386726 0.010050504934042694 40.033845901489265 39.577598571777351 19.500000000000004 20.500000000000004 0.01183473411947489 6.5000000000000009 38.594190597534187 36.494224548339851 13.500000000000002 22.500000000000004 18.500000000000004 22.500000000000004 17.500000000000004 0.013072453904896976 0.011561079882085325 37.290193557739265 38.401361465454109 36.820848464965827 38.594190597534187 38.870059967041023
decision_type=2 2 2 2 2 2 2 2 2 2 2 2 2 2 2 2 2 2 2 2 2 2 2 2 2 2 2 2 2 2
left_child=3 -2 -3 -1 -5 6 8 10 9 -4 11 15 -13 -14 -15 27 17 19 -19 20 22 -18 -17 24 -20 -25 -27 -8 -29 -30
right_child=1 2 5 4 -6 -7 7 -9 -10 -11 -12 12 13 14 -16 16 21 18 23 -21 -22 -23 -24 25 -26 26 -28 28 29 -31
leaf_value=-0.00062385856094019851 0.013383774443478148 -0.035236801195730208 0.020866925959977148 -0.057857761199127625 -0.0011771319839839964 -0.0042814644167848579 0.0018459178973477771 -0.034827054187322792 0.030984316422926712 -0.049367703499038788 0.0092732518351997112 -0.068732289050740705 0.041086652477898125 0.014030598872490191 -0.052906808010916032 -0.00088527289983606936 0.018061151701933429 -0.076754596566295297 0.034633002752178454 0.037129753224985039 -0.048701578994873519 -0.05365286091121052 0.031892228965313241 0.038020974479648396 -0.036174829526642673 -0.054852640549935883 0.023490637026075192 0.02969969361921624 -0.051256630110558123 0.01086465123533719
leaf_weight=909.89199909820582 49.805220970476512 6.7801658620592198 6.9071114580146986 2.4211009262362486 2.501262126956135 77.261461043497548 37.045501368353143 3.8447622149033114 7.3851983300410202 1.869687403552234 48.697978534037247 5.0763868102803809 1.9718756899237631 2.4098024051636462 1.4239122513681648 68.538870041724294 29.375733001135817 6.8411656310781863 1.5009301160462216 10.439717821776865 7.3986482396721831 1.8606940485478833 7.6709528313949695 4.1689635487273327 7.8076743655838072 1.4793322738260031 1.9944179076701403 17.447615475393835 1.2382120289839793 5.810710748002748
leaf_count=180874 585 301 111 106 40 2024 680 154 60 37 756 186 9 30 40 1076 350 255 15 77 235 92 82 35 289 50 20 163 38 105
internal_value=6.94521e-10 0.00181231 0.000240806 -0.000841138 -0.0341179 0.00098926 0.00240237 0.00151411 0.0164979 0.00238598 0.00215773 0.00055871 -0.0316395 0.00612798 -0.0166331 0.00236393 -0.000513983 -0.003974 -0.0283544 0.00242721 -0.00229353 0.0122574 0.0027843 -0.00563354 -0.0225056 0.0151425 -0.0146761 0.00923203 0.0198914 -0.00505996
internal_weight=1338.87 424.053 374.247 914.814 4.92236 367.467 290.206 274.044 16.162 8.7768 270.199 221.501 10.882 5.80559 3.83371 210.619 149.077 117.841 23.7925 94.0482 83.6085 31.2364 76.2098 16.9513 9.3086 7.64271 3.47375 61.542 24.4965 7.04892
internal_count=188875 7855 7270 181020 146 6969 4945 4737 208 148 4583 3827 265 79 70 3562 2576 2134 664 1470 1393 442 1158 409 304 105 70 986 306 143
is_linear=0
shrinkage=0.05


Tree=157
num_leaves=31
num_cat=0
split_feature=6 6 6 6 11 6 10 3 6 6 10 3 3 3 3 6 10 3 6 10 3 3 6 6 6 6 6 10 10 6
split_gain=1.10579 2.50048 3.69808 1.86313 1.40346 1.24437 1.30503 2.5149 1.30893 5.2218 2.0724 3.56995 2.92244 1.73614 3.77308 2.47193 1.62009 3.48386 1.53557 5.08595 1.98934 7.05543 4.94299 3.27902 2.5226 2.45129 3.5862 2.35899 1.62321 3.3001
threshold=29.190890312194828 30.485410690307621 31.277459144592289 28.94754791259766 1.0000000180025095e-35 40.993413925170906 0.011050061322748663 27.500000000000004 33.566234588623054 33.15819168090821 0.012739370577037336 15.500000000000002 12.500000000000002 11.500000000000002 7.5000000000000009 31.649561882019047 0.014718532562255861 6.5000000000000009 33.850103378295906 0.014185110572725536 9.5000000000000018 12.500000000000002 35.798055648803718 34.620792388916023 34.620792388916023 35.244302749633796 34.19945144653321 0.013423423748463394 0.014578848611563446 39.328422546386726
decision_type=2 2 2 2 2 2 2 2 2 2 2 2 2 2 2 2 2 2 2 2 2 2 2 2 2 2 2 2 2 2
left_child=3 -2 -3 -1 -5 6 -4 8 9 10 -8 12 13 14 15 -12 -11 -18 19 -10 24 22 25 27 -20 26 -22 -23 -26 -30
right_child=1 2 5 4 -6 -7 7 -9 18 16 11 -13 -14 -15 -16 -17 17 -19 20 -21 21 23 -24 -25 28 -27 -28 -29 29 -31
leaf_value=-0.00080055997015406706 0.012521938715867431 -0.034163408109696002 0.016198952982956556 -0.052605789029717458 -0.001487949622129614 -0.0042071292816480334 -0.044727955682095699 -0.035084197010483577 0.040261192609056758 -0.067884669773242437 -0.039311724785476093 0.030307685997512341 -0.043858369259734277 0.025361226145585631 -0.044539068208687325 0.014549137685737091 -0.051777241014256008 0.036068392269462034 0.03024698665639132 -0.020662459550856216 0.020375911390886223 -0.059434961314174056 -0.04901954392931452 0.0060219786871175962 0.021275272917500306 0.030244973014328793 -0.054799582136532299 0.0025064104121973359 0.007511309865344905 -0.021833412818173366
leaf_weight=908.57146421693005 49.783391708915588 6.4593387348577371 16.379746397957206 2.0534841202897942 2.5038241571746767 77.10456296429038 1.250533609651028 3.4894919612561344 8.9547349279746395 2.8539355713874093 1.5318639473989701 8.9355422444641572 3.0650381604209533 5.0286620780825606 3.683433190919458 13.033323361538349 1.328846768476069 1.2381098829209805 11.104871907737104 4.4603280220180741 2.3113344833254841 2.3993700155988327 10.737152898342172 106.61677293699177 12.253114343533523 3.2798954108729959 2.2760574333369732 2.6643152870237827 48.760471087203769 10.871776766143737
leaf_count=180874 585 301 208 106 40 2024 56 154 64 99 47 70 90 31 120 201 46 8 122 85 21 91 326 1744 134 43 57 31 750 347
internal_value=1.01249e-09 0.00211422 0.000691838 -0.000977992 -0.0298426 0.00139914 0.00290678 0.00205033 0.00266102 -0.00536364 0.00189496 0.00473503 -0.00473064 0.00201585 -0.00540064 0.00672275 -0.0469529 -0.0111737 0.00416302 0.0199767 0.00307975 -0.000782656 -0.0284609 0.00403982 0.00908039 0.00196116 -0.020055 -0.0318053 0.00544044 0.0018895
internal_weight=1334.98 421.856 372.073 913.129 4.55731 365.613 288.509 272.129 268.639 41.9493 36.5284 35.2779 26.3423 23.2773 18.2486 14.5652 5.42089 2.56696 226.69 13.4151 213.275 130.285 18.6044 111.68 82.9902 7.86729 4.58739 5.06369 71.8854 59.6322
internal_count=188875 7855 7270 181020 146 6969 4945 4737 4583 768 615 559 489 399 368 248 153 54 3815 149 3666 2313 447 1866 1353 121 78 122 1231 1097
is_linear=0
shrinkage=0.05


Tree=158
num_leaves=31
num_cat=0
split_feature=6 6 3 6 10 3 6 6 3 6 3 6 10 3 6 3 3 6 3 10 6 10 6 10 6 3 6 3 10 3
split_gain=0.935788 1.90944 4.24543 1.40179 3.60784 4.31878 3.31019 2.64101 2.17422 1.79742 3.28785 1.5822 6.4126 1.36637 1.18504 6.41531 5.87951 2.64511 3.15137 2.72239 2.09141 5.28414 2.1166 1.98246 1.93802 2.46731 1.74212 2.62676 7.49152 2.53881
threshold=28.46920204162598 28.222184181213382 12.500000000000002 30.485410690307621 0.014718532562255861 3.5000000000000004 31.277459144592289 29.726751327514652 15.500000000000002 28.674489021301273 39.500000000000007 29.424094200134281 0.010582306887954475 11.500000000000002 21.659376144409183 13.500000000000002 8.5000000000000018 24.167681694030765 30.500000000000004 0.01183473411947489 26.817957878112797 0.012539633549749853 27.429511070251468 0.013423423748463394 24.819429397583011 22.500000000000004 21.154217720031742 10.500000000000002 0.01183473411947489 5.5000000000000009
decision_type=2 2 2 2 2 2 2 2 2 2 2 2 2 2 2 2 2 2 2 2 2 2 2 2 2 2 2 2 2 2
left_child=1 14 13 4 8 7 -5 -6 -2 -10 11 12 -11 -3 26 16 -16 23 19 -19 21 24 -22 -17 -21 -26 -1 29 -29 -28
right_child=3 2 -4 6 5 -7 -8 -9 9 10 -12 -13 -14 -15 15 17 -18 18 -20 20 22 -23 -24 -25 25 -27 27 28 -30 -31
leaf_value=-0.0003923515927252224 0.02271712004991441 -0.015776860492427013 -0.062492962874629257 -0.033022135508052046 -0.042144888015327467 -0.062103384558737887 0.0012693775173346217 0.023801556049513908 0.023911417461737236 0.011930840124269655 -0.054434204800132974 0.013339101682240125 -0.062402487931500383 0.038733411122886849 -0.011497501723629937 -0.012664766979406765 -0.060461810145699693 0.023080387219440925 -0.0064611639972778469 0.027595163780184284 0.035695213342911696 -0.062918845726009712 -0.013209675244112149 0.026197255510268205 0.012528688861118999 -0.053613481616747005 -0.0025029643696221635 0.0175631650996349 -0.055232406208216761 0.045652427073168467
leaf_weight=701.29456208222791 27.080218861112371 1.4169116036500773 2.8154743881896138 6.1760395704768589 1.1233093732080286 2.8224390189425321 364.41317234207963 4.4177198120160028 7.9612861952045924 9.376661256887024 1.6888791972305615 16.060993455350399 3.0577009043190619 1.4021595735102892 25.519909671886126 37.805990711516642 7.3714520151261231 29.503451138487435 30.45118204902974 4.3395541300997156 4.7927266620099536 2.8428113316185764 2.903197699226439 2.6552107774186871 2.7630687290802598 1.3765717968344686 3.9540670085698384 13.167979900725188 3.7090703654102972 7.2196452636271715
leaf_count=177301 231 45 98 301 56 149 6969 48 107 109 68 152 108 5 420 919 243 363 576 36 35 86 39 21 33 44 40 120 116 37
internal_value=-1.98997e-09 -0.000937674 -0.0276624 0.00187102 0.00812529 -0.0211378 0.000610564 0.00603323 0.01214 0.00424263 -0.00154556 0.00332832 -0.00963264 0.0143785 -0.000735737 -0.00473148 -0.0239313 0.000710857 0.00601861 0.013823 -0.000973963 -0.0141786 0.0178489 -0.00954416 0.00707612 -0.0156178 0.000104118 0.0121025 -0.000629786 0.0298058
internal_weight=1331.48 887.305 5.63455 444.178 73.5892 8.36347 370.589 5.54103 65.2257 38.1455 30.1842 28.4954 12.4344 2.81907 881.67 152.325 32.8914 119.434 78.9726 48.5214 19.0179 11.322 7.69592 40.4612 8.47919 4.13964 729.345 28.0508 16.8771 11.1737
internal_count=188875 180577 148 8298 1028 253 7270 104 775 544 437 369 217 50 180429 2815 663 2152 1212 636 273 199 74 940 113 77 177614 313 236 77
is_linear=0
shrinkage=0.05


Tree=159
num_leaves=31
num_cat=0
split_feature=6 6 6 3 3 10 6 3 3 6 6 10 6 3 10 3 10 3 3 6 3 3 3 3 6 6 3 6 6 6
split_gain=0.982064 5.168 1.46032 6.84187 3.34414 3.34657 2.72781 2.75432 2.74077 2.86389 2.15421 1.88528 1.85479 2.35609 6.39491 2.16321 1.94471 2.17774 2.80004 1.81741 1.84297 1.50822 4.09029 1.36405 2.21336 3.18256 2.38791 1.84308 4.03071 2.19137
threshold=26.139769554138187 25.577019691467289 21.659376144409183 19.500000000000004 2.5000000000000004 0.016159754246473316 24.167681694030765 30.500000000000004 45.500000000000007 25.224988937377933 25.224988937377933 0.012385687325149776 21.154217720031742 10.500000000000002 0.01183473411947489 5.5000000000000009 0.011428944766521456 42.500000000000007 36.500000000000007 22.442245483398441 26.500000000000004 36.500000000000007 44.500000000000007 11.500000000000002 40.578989028930671 32.622304916381843 8.5000000000000018 30.485410690307621 30.110941886901859 26.451423645019535
decision_type=2 2 2 2 2 2 2 2 2 2 2 2 2 2 2 2 2 2 2 2 2 2 2 2 2 2 2 2 2 2
left_child=1 2 12 4 5 -4 11 10 9 -9 -8 19 -1 15 16 -14 17 18 -15 20 -5 -22 -23 24 25 27 -26 28 29 -2
right_child=23 -3 3 6 -6 -7 7 8 -10 -11 -12 -13 13 14 -16 -17 -18 -19 -20 -21 21 22 -24 -25 26 -27 -28 -29 -30 -31
leaf_value=-0.00049711974812537683 0.019271016631677615 -0.050208252624292841 0.018044899553130638 -0.028137588382910663 -0.043151757533874568 -0.038413637537148604 0.027260478201283113 -0.052314734081120473 0.019454645466538273 0.013064431007288005 -0.013800149260632694 0.022145366121515478 -0.001427379616099192 0.0091957508550810207 -0.054108500076039616 0.043149350513233369 0.036668647208296802 0.027815574284283787 -0.058154593744997124 -0.020844010759568651 0.027718551865442649 -0.057118487866912586 0.025046083054058362 0.0036338979919694754 -0.0069583355581960826 0.0051511288737421607 -0.046167706108837948 -0.023654981327374661 0.028702428157055083 -0.018282429559259961
leaf_weight=701.50479438617322 3.8198474459350136 4.314677686430513 5.7250271039083618 2.6651423331350079 14.69241139711812 3.3199901022017002 19.398565643234182 3.6093809828162176 3.9627581015229225 2.1083866925910115 3.1515914429910472 3.7337998487055293 3.9202980566769856 3.1432262444868702 3.2080496246926478 7.4601623900234699 5.3414061516523361 3.0190206840634346 1.6573383128270505 19.950061340859975 5.7778062792494875 1.5020044262710142 2.8956250175833702 328.57340836251387 16.697703042067591 105.73421716853773 4.2619215343147507 15.815735493088139 6.7555827274918547 22.072874290468462
leaf_count=177301 53 147 30 76 447 31 181 130 18 40 78 41 40 37 116 37 27 12 44 564 50 73 13 5709 586 1728 219 438 58 551
internal_value=-8.41423e-10 -0.00106068 -0.00074191 -0.0066251 -0.0291764 -0.00443942 0.00146731 0.0118806 -0.00973553 -0.0298506 0.0211796 -0.00779357 1.23148e-05 0.0124601 1.12007e-05 0.0289187 0.0160925 -0.000526667 -0.0200733 -0.0117571 0.00284686 0.0127539 -0.00840009 0.00173804 -0.00181878 0.000294366 -0.0166705 -0.0101916 -0.00316036 -0.0122317
internal_weight=1329.79 826.062 821.747 92.4926 23.7374 9.04502 68.7551 32.2307 9.68053 5.71777 22.5502 36.5244 729.254 27.7495 16.369 11.3805 13.161 7.81959 4.80056 32.7906 12.8406 10.1754 4.39763 503.731 175.158 154.198 20.9596 48.464 32.6483 25.8927
internal_count=188875 179533 179386 1772 508 61 1264 447 188 170 259 817 177614 313 236 77 120 93 81 776 212 136 86 9342 3633 2828 805 1100 662 604
is_linear=0
shrinkage=0.05


Tree=160
num_leaves=31
num_cat=0
split_feature=6 6 3 6 3 6 3 6 10 6 6 6 10 10 3 6 3 10 6 6 6 3 3 6 6 6 3 10 6 6
split_gain=0.788495 4.48481 1.22681 2.50368 2.72727 2.21623 1.69711 7.32843 2.13295 3.64498 1.96038 2.76112 2.02259 1.95664 1.62097 1.51299 4.49308 2.82807 2.74577 2.64881 6.20239 2.68756 4.53937 3.5103 4.02694 2.99586 2.91555 1.82857 2.25376 2.53735
threshold=26.139769554138187 25.577019691467289 11.500000000000002 40.578989028930671 8.5000000000000018 32.622304916381843 9.5000000000000018 35.798055648803718 0.014185110572725536 35.244302749633796 40.450315475463874 39.577598571777351 0.015651676803827289 0.014578848611563446 3.5000000000000004 32.305309295654304 12.500000000000002 0.013539358973503115 32.622304916381843 32.034280776977546 30.485410690307621 25.500000000000004 27.500000000000004 27.429511070251468 27.79000282287598 29.726751327514652 24.500000000000004 0.013423423748463394 29.424094200134281 26.451423645019535
decision_type=2 2 2 2 2 2 2 2 2 2 2 2 2 2 2 2 2 2 2 2 2 2 2 2 2 2 2 2 2 2
left_child=1 -1 3 5 -5 14 10 8 -8 -10 11 -7 -13 -12 -2 16 -4 19 -17 20 21 26 -23 -24 -25 -26 27 28 29 -18
right_child=2 -3 15 4 -6 6 7 -9 9 -11 13 12 -14 -15 -16 18 17 -19 -20 -21 -22 22 23 24 25 -27 -28 -29 -30 -31
leaf_value=-0.00066882557028364101 0.0037830282891084112 -0.049044403138130653 0.033062015373160426 -0.0073113964548546049 -0.049445912041713461 0.007101779191035414 0.032272497733465424 -0.054263885418348451 -0.053796771889477062 0.031110809940444729 0.05165396859597432 -0.053752114846161742 0.0047118136839723844 -0.0048031688926261345 -0.015194338194085086 -0.042587652215031573 0.021132255640539187 -0.032278350409253601 0.0014902716882918112 0.029641655335435509 -0.045332651944682646 -0.061302839837341944 0.019577514759325034 -0.059931392355912563 0.003124042437625171 -0.050948786125405744 0.050916607655897866 0.02739112571011465 0.016569588606455285 -0.032928715391363592
leaf_weight=820.32195767679696 16.997473060582706 3.8195619692560276 14.354987030616028 16.590554986149076 4.1925338646396986 81.952315666472714 5.725776292383669 5.0145634915970723 1.5845135906711223 1.5629258304834364 3.538614945486187 2.3736091386526814 2.3707375600934029 2.0799635425209999 30.450351807572588 2.5952336424961677 2.3438912839628845 4.1178485380951306 204.53248058211466 9.5229050694033486 5.187476157443597 1.8844054648652662 19.434188748440647 2.1950149535696246 31.710322619517683 1.7796995942480851 4.6050258409231892 9.3390433955937606 9.6974210077896696 5.9767279631923884
leaf_count=179386 306 147 87 586 219 1212 61 186 50 15 6 99 48 51 794 64 29 94 3842 64 263 43 271 84 518 85 18 48 67 132
internal_value=5.72404e-12 -0.000952193 0.00155672 -0.00182671 -0.0176908 0.000419619 0.00442783 -0.0113261 0.015978 -0.0142989 0.0068938 0.00483089 -0.0288033 0.033186 -0.00845822 0.00334919 0.00773838 0.00409312 0.000736022 0.0058323 0.00313795 0.00643668 -0.00013253 0.00301385 -0.00629454 -0.00114334 0.0178013 0.010628 0.000955994 -0.0170665
internal_weight=1327.85 824.142 503.711 174.434 20.7831 153.651 106.203 13.8878 8.87322 3.14744 92.3152 86.6967 4.74435 5.61858 47.4478 329.277 122.149 107.794 207.128 103.676 94.1532 88.9657 57.0036 55.1192 35.685 33.49 31.9621 27.3571 18.018 8.32062
internal_count=188875 179533 9342 3633 805 2828 1728 312 126 65 1416 1359 147 57 1100 5709 1803 1716 3906 1622 1558 1295 1001 958 687 603 294 276 228 161
is_linear=0
shrinkage=0.05


Tree=161
num_leaves=31
num_cat=0
split_feature=6 6 6 6 6 11 10 3 10 6 3 6 6 6 3 10 6 10 3 6 6 6 6 6 6 10 10 3 3 10
split_gain=0.676122 1.25498 1.72428 1.53295 2.85251 1.33594 1.27159 2.26466 1.21101 3.23993 1.69627 1.44971 1.19006 1.96359 1.3589 1.3668 1.13919 1.88078 3.09297 5.9097 4.71189 2.47757 1.70598 3.45306 8.02254 6.51917 3.10226 2.99986 1.98852 5.79786
threshold=40.993413925170906 29.190890312194828 28.94754791259766 30.485410690307621 31.277459144592289 1.0000000180025095e-35 0.011050061322748663 27.500000000000004 0.014185110572725536 29.726751327514652 15.500000000000002 29.424094200134281 42.525291442871101 42.76966857910157 12.500000000000002 0.015651676803827289 40.450315475463874 0.011696306522935631 22.500000000000004 36.183538436889656 39.577598571777351 38.06505203247071 39.328422546386726 38.06505203247071 37.735746383666999 0.012739370577037336 0.013539358973503115 20.500000000000004 2.5000000000000004 0.015242683235555889
decision_type=2 2 2 2 2 2 2 2 2 2 2 2 2 2 2 2 2 2 2 2 2 2 2 2 2 2 2 2 2 2
left_child=1 2 -1 8 -5 -4 -6 16 10 -10 11 -3 14 -14 15 -2 17 21 22 -20 -21 -8 23 24 25 -19 27 -24 -25 -30
right_child=12 3 5 4 6 -7 7 -9 9 -11 -12 -13 13 -15 -16 -17 -18 18 19 20 -22 -23 26 28 -26 -27 -28 -29 29 -31
leaf_value=-0.00052619891918146734 0.0071589967522660341 0.042661970762263281 -0.051205884148782167 -0.030311033708460028 0.015319430045223625 4.2672827563743716e-05 0.0075605124741566169 -0.034521382376019878 -0.050263824384830062 0.010473830930272356 0.0054535835637475206 0.011935240500367988 0.019617019130808506 -0.0048633669989315486 -0.02710124687104077 -0.0382544769644977 0.01046761546280226 -0.0414210872262539 0.045545965195949063 -0.056557252627363747 0.015214134703972938 -0.057745738345566455 0.010057981073408315 0.036001323856594665 -0.069290944844838123 0.0024129774213136825 -0.03340384173433749 -0.050050535886961726 0.013521816526820402 -0.059021873516416794
leaf_weight=903.39117267780193 8.3639840043615568 6.9753509815782335 1.9882228757487599 5.8994082850404075 16.432416629046202 2.2107564437901601 2.3409251449629656 3.3260273889973169 1.8658028527570412 8.4611464551999216 22.188184508820996 9.5754236150532943 8.8056487292051298 48.799975277623162 9.7719684182666224 1.0135915793944139 33.263959595467895 8.0639966353774053 9.6269457451999205 2.4585869628863275 5.8955105887725949 2.1122431596886599 13.92884761746973 7.0610842393143676 3.3590716188773504 131.17002466903068 9.4587817708961648 1.4120794469490636 35.348497399507323 1.9947135113325192
leaf_count=180874 208 27 106 301 208 40 38 154 106 131 258 63 141 1144 458 73 528 295 50 149 60 84 186 56 115 2134 286 51 465 86
internal_value=8.40673e-10 0.00028123 -0.000692025 0.00285687 0.00147053 -0.0294053 0.00222613 0.00137824 0.010945 -0.00396857 0.0149204 0.026578 -0.00452399 -0.000850395 -0.0149843 -0.000962861 0.00195152 0.000702767 0.00138563 0.0207215 -0.00969617 -0.0283248 -0.000345601 0.00131062 -0.00249707 -0.000403021 -0.0124007 0.00180089 0.0133237 0.0082086
internal_weight=1326.56 1249.81 907.59 342.219 293.153 4.19898 287.254 270.821 49.0659 10.3269 38.739 16.5508 76.7552 57.6056 19.1495 9.37758 267.495 234.231 229.778 17.981 8.3541 4.45317 211.797 186.997 142.593 139.234 24.7997 15.3409 44.4043 37.3432
internal_count=188875 186851 181020 5831 5246 146 4945 4737 585 237 348 90 2024 1285 739 281 4583 4055 3933 259 209 122 3674 3151 2544 2429 523 237 607 551
is_linear=0
shrinkage=0.05


Tree=162
num_leaves=31
num_cat=0
split_feature=6 6 6 6 3 6 3 10 10 6 3 3 6 3 10 6 3 3 6 3 6 6 6 6 10 6 3 6 6 6
split_gain=0.760778 3.83496 1.2262 1.12919 1.99317 2.73867 1.43248 1.26756 1.24473 1.55688 1.82424 1.42388 1.20602 1.16493 1.23546 1.10635 1.1029 3.19068 3.99214 2.51504 8.92279 2.3768 2.96467 2.14369 1.7557 3.45387 1.47386 1.45977 3.78207 1.09505
threshold=26.139769554138187 25.577019691467289 40.993413925170906 42.525291442871101 12.500000000000002 42.76966857910157 14.500000000000002 0.010929288342595102 0.012385687325149776 44.293878555297859 23.500000000000004 27.500000000000004 43.633155822753913 12.500000000000002 0.015651676803827289 41.409038543701179 21.500000000000004 25.500000000000004 34.912736892700202 18.500000000000004 39.898801803588874 35.542776107788093 35.798055648803718 27.79000282287598 0.011561079882085325 40.450315475463874 23.500000000000004 27.429511070251468 27.79000282287598 26.817957878112797
decision_type=2 2 2 2 2 2 2 2 2 2 2 2 2 2 2 2 2 2 2 2 2 2 2 2 2 2 2 2 2 2
left_child=1 -1 16 13 12 6 -6 -8 9 10 -7 -11 -5 14 15 -4 19 18 23 29 21 -21 -23 -18 27 -26 -25 -19 -29 -2
right_child=2 -3 3 4 5 8 7 -9 -10 11 -12 -13 -14 -15 -16 -17 17 24 -20 20 -22 22 -24 26 25 -27 -28 28 -30 -31
leaf_value=-0.00068144623211754095 -0.016562854545321869 -0.047142838824164597 -0.029837457145530513 -0.047403888942871203 0.053607413597028059 0.0035668485339218989 0.040479419723258941 -0.0049635658698473813 0.0063253076087804215 -0.034958221621224916 -0.0521539739207387 0.0043366136196416171 -0.0076852433563301533 -0.025991843058472963 -0.037358009984590899 0.013168496632163133 -0.0018210126344605799 0.013680419116651438 0.0037180514223680555 -0.067233679743989819 0.022779368574088108 0.030714973496065119 -0.033770667822506172 0.016570151665219253 -0.058772537882212095 0.019935946926725762 0.055517853829019095 -0.055862272864929147 0.0016133362542354757 0.0027465521139313034
leaf_weight=819.31384818433617 6.5598379741422823 3.4659501912537953 0.83956815325655032 2.1459840158931893 2.5143055878579608 2.1419301219284561 1.2630345057696102 4.2106486260890961 20.775780013762414 1.742746085859834 2.9639002867043018 13.554567354265599 6.1679715639911592 9.4862705864943546 0.97674767137505192 7.5523819457739592 3.0004409505054381 21.682395684620133 21.399623667988635 4.3981447068508741 8.5763453487306816 1.4477157234214226 7.0170505348360166 4.735409806482493 2.2900139461708013 1.7435222715139387 8.8397033242508751 2.0082545641271272 58.138840041217918 271.37702548452944
leaf_count=179386 142 147 77 144 8 33 6 79 239 126 160 226 264 458 73 131 38 285 399 195 100 18 213 52 97 17 28 88 1090 4556
internal_value=1.11719e-09 -0.000934154 0.00153739 -0.00425814 -0.000694852 0.00326079 0.028275 0.0101554 -0.00214685 -0.0106662 -0.0320229 -0.00201039 -0.0219262 -0.014539 -0.00155404 0.00614718 0.00259031 0.00653897 0.0184044 0.000940593 -0.0151678 -0.0402871 -0.0206619 0.0360746 0.00113972 -0.0275488 0.0440007 0.00286936 -0.00118791 0.00223307
internal_weight=1322.33 822.78 499.55 76.3358 57.4809 49.1669 7.98799 5.47368 41.1789 20.4031 5.10583 15.2973 8.31396 18.855 9.3687 8.39195 423.214 123.838 37.9752 299.376 21.4393 12.8629 8.46477 16.5756 85.863 4.03354 13.5751 81.8295 60.1471 277.937
internal_count=188875 179533 9342 2024 1285 877 93 85 784 545 193 352 408 739 281 208 7318 2094 517 5224 526 426 231 118 1577 114 80 1463 1178 4698
is_linear=0
shrinkage=0.05


Tree=163
num_leaves=31
num_cat=0
split_feature=7 4 7 7 10 10 7 7 7 4 7 10 7 10 10 5 5 5 5 3 10 3 10 3 10 10 5 4 7 10
split_gain=0.574141 2.48731 0.717133 0.760873 2.15004 1.09222 0.637064 1.15046 0.782966 1.67205 0.746492 0.934249 0.750022 0.590614 0.674242 0.604504 0.839269 0.972527 0.903861 0.759519 0.603267 0.702745 0.970827 1.00204 0.929099 0.57827 0.578023 0.550479 0.542229 0.509504
threshold=0.47553408145904547 59.500000000000007 0.44952273368835455 0.45409813523292547 0.019843111746013168 0.0081634009256958979 0.53642636537551891 0.5560242533683778 0.52635166049003612 48.500000000000007 0.55700722336769115 0.024016422219574455 0.63366886973381054 0.023384617641568187 0.022421040572226051 20.500000000000004 21.500000000000004 37.500000000000007 39.500000000000007 192.50000000000003 0.0039761590305715808 128.50000000000003 0.0053619688842445621 99.500000000000014 0.0063092110212892303 0.0075472774915397176 7.5000000000000009 87.500000000000014 0.45982684195041662 0.015242683235555889
decision_type=2 2 2 2 2 2 2 2 2 2 2 2 2 2 2 2 2 2 2 2 2 2 2 2 2 2 2 2 2 2
left_child=2 6 13 27 5 -5 8 -8 9 -2 -9 -12 -13 14 15 26 -17 -18 -19 20 -20 22 -22 24 -24 -26 -1 -4 -7 -27
right_child=1 -3 3 4 -6 28 7 10 -10 -11 11 12 -14 -15 -16 16 17 18 19 -21 21 -23 23 -25 25 29 -28 -29 -30 -31
leaf_value=0.0015309074923051625 -0.039015844726352514 -0.055177051602737517 0.045291790051202124 -0.020702055957642889 -0.04866792914726098 -0.013945645203543328 -0.039804705121440444 0.036155385304990843 0.018609705663934297 0.01607355206908001 -0.031780800111006556 0.016790631102251388 -0.026869763980452079 -0.029926594794982438 0.020257498221235015 0.031664029886353223 -0.032331151799875626 0.030323367256324986 0.024459312464926858 -0.028919738196784402 0.030602523309003676 -0.021542256813352645 0.028379592112431514 -0.031932565625466834 -0.024674695197282652 0.00047927905536102478 -0.03490344251879305 -0.010704309400570006 0.033664765364957203 -0.0023470907215900694
leaf_weight=1.8352801582514078 1.4319982839497241 1.4985578779014748 1.3889863718486593 0.679150149405359 0.56216925691114727 0.14020629214792313 1.5089837023788266 0.25384780191234302 5.048881434076975 2.2927452994190411 1.2784814020587871 3.2187272550836501 0.32688431652786665 0.64278359652962436 3.1239308629592406 1.0985767134661717 1.3191051574030996 1.4652254288375832 1.5303708050632838 1.2634108444190122 1.6007568781060388 2.7671372916211103 1.8945546479699249 1.4485166314434526 1.3662707244229739 1088.4011564276816 1.4161117890143931 0.13535209642031887 3.3042424465047588 185.79255217153695
leaf_count=3547 8316 8629 840 7799 71 240 4512 215 2775 4815 9880 293 145 70 19 481 8111 1098 527 14277 1078 33627 543 14639 14179 36361 6962 672 1394 2760
internal_value=2.19723e-10 -0.00890422 0.000121933 0.0158471 0.00320291 0.018393 -0.00129326 -0.0120953 0.00722429 -0.00888098 0.00133325 -0.0063924 0.00773978 3.44866e-05 7.23994e-05 8.02414e-06 7.00066e-05 1.85491e-05 7.67579e-05 1.87643e-05 6.96905e-05 2.15819e-05 8.49546e-05 2.28767e-05 8.40604e-05 1.98354e-05 -0.018815 0.0380489 0.0290251 6.56434e-05
internal_weight=1320.03 16.8591 1303.18 6.21011 4.68577 4.1236 15.3605 6.58692 8.77363 3.72474 5.07794 4.82409 3.54561 1296.97 1296.32 1293.2 1289.95 1288.85 1287.53 1286.06 1284.8 1283.27 1280.5 1278.9 1277.45 1275.56 3.25139 1.52434 3.44445 1274.19
internal_count=188875 39580 149295 11016 9504 9433 30951 15045 15906 13131 10533 10318 438 138279 138209 138190 127681 127200 119089 117991 103714 103187 69560 68482 53843 53300 10509 1512 1634 39121
is_linear=0
shrinkage=0.05


Tree=164
num_leaves=31
num_cat=0
split_feature=6 6 6 6 3 3 6 3 3 6 6 6 11 10 3 3 3 3 3 6 10 10 10 3 3 10 6 6 3 10
split_gain=0.782286 3.09912 1.13396 1.13075 5.73973 3.18144 2.23572 2.43368 2.33086 2.50592 1.75594 1.74889 1.68442 6.08268 2.15561 1.57279 1.69893 2.04518 1.56358 1.31007 1.92489 1.23449 1.24215 1.58894 1.20851 1.14942 1.02616 2.05208 1.09285 1.78676
threshold=26.139769554138187 25.577019691467289 40.993413925170906 21.659376144409183 19.500000000000004 2.5000000000000004 24.167681694030765 30.500000000000004 45.500000000000007 25.224988937377933 25.224988937377933 21.154217720031742 1.0000000180025095e-35 0.01183473411947489 8.5000000000000018 27.500000000000004 42.500000000000007 36.500000000000007 1.5000000000000002 23.395563125610355 0.012385687325149776 0.011696306522935631 0.011561079882085325 29.500000000000004 27.500000000000004 0.011173533275723459 42.525291442871101 42.76966857910157 15.500000000000002 0.014965224079787733
decision_type=2 2 2 2 2 2 2 2 2 2 2 2 2 2 2 2 2 2 2 2 2 2 2 2 2 2 2 2 2 2
left_child=1 3 -2 11 5 -5 19 10 9 -9 21 -1 13 15 18 -13 17 -17 -14 20 -6 22 23 -8 -12 -21 -4 -28 29 -29
right_child=2 -3 26 4 6 -7 7 8 -10 -11 24 12 14 -15 -16 16 -18 -19 -20 25 -22 -23 -24 -25 -26 -27 27 28 -30 -31
leaf_value=-0.00056683849251988833 0.0025715496849098921 -0.044088509922189628 -0.013969258014483408 -0.0026524246191900061 -0.0064436108735970851 -0.04089209980323158 -0.0080193227927836518 -0.051878493152629893 0.016923636485579457 0.010201848011195742 0.0092985334384089562 0.034731143003074637 0.034461340646786284 -0.053883032093350429 0.051648036185010432 0.007172642905451946 0.025747345112524567 -0.052067862175019422 -0.0075497300066073459 -0.0031973883849970228 0.030717450040835592 0.0076835654291048626 0.049038401823979748 0.038136343729698305 -0.042699008271232929 -0.037105539027540282 0.020497629450041285 -0.040477086030765629 -0.00075800498017907468 -2.0249584122139857e-05
leaf_weight=700.29832525417623 422.33725168709498 3.1422857679426661 18.438579055247828 8.7129402700811642 22.536951769790907 14.154951598029582 3.3797722365707248 3.2079067323356849 3.9807767048478127 2.1906144022941589 2.0904392432421441 5.4073551800101978 2.477096488699317 2.9342862195335337 3.9284321460872889 3.1992196990177035 3.0012997388839722 1.397474813275039 5.3624693118035793 4.7961515979841334 3.0912345007527611 7.5843714373186222 6.06765509955585 2.5113459257408977 0.87481788359582413 4.7341693062335253 8.6106427395716292 4.0619085978250933 38.414390361867845 5.9240748290903866
leaf_count=177301 7318 147 739 61 494 447 61 130 18 40 43 27 7 116 12 37 12 44 58 132 26 80 19 21 35 165 141 268 694 182
internal_value=1.69691e-09 -0.00094783 0.00156215 -0.000728457 -0.00598603 -0.0270439 0.0014882 0.0109025 -0.00977492 -0.0290301 0.0195681 -7.17883e-05 0.0120243 0.00111304 0.0255588 0.0164827 0.000966616 -0.0169228 0.00812149 -0.00711569 -0.000976058 0.0248906 0.0343685 0.0143354 -0.0129415 -0.0219653 -0.00404783 -0.000653538 -0.00475518 -0.018663
internal_weight=1318.85 821.062 497.787 817.92 89.9141 22.8679 67.0462 31.8877 9.3793 5.39852 22.5084 728.006 27.7076 15.9396 11.768 13.0053 7.59799 4.59669 7.83957 35.1585 25.6282 19.5431 11.9588 5.89112 2.96526 9.53032 75.4496 57.011 48.4004 9.98598
internal_count=188875 179533 9342 179386 1772 508 1264 447 188 170 259 177614 313 236 77 120 93 81 65 817 520 181 101 82 78 297 2024 1285 1144 450
is_linear=0
shrinkage=0.05


Tree=165
num_leaves=31
num_cat=0
split_feature=6 6 3 6 6 6 6 6 6 3 6 3 6 3 6 6 3 6 6 3 6 3 3 6 6 6 3 3 10 3
split_gain=0.62466 2.62919 1.08139 1.73397 1.72678 1.8065 2.50933 1.63404 3.42034 1.95238 1.75629 1.61239 1.39789 3.50265 2.3127 6.07542 2.04727 3.17665 1.91777 1.60932 2.44863 1.58911 2.1723 3.24765 1.80749 5.24007 2.92939 4.6826 1.59597 1.58273
threshold=26.139769554138187 25.577019691467289 11.500000000000002 40.578989028930671 32.622304916381843 26.451423645019535 27.111596107482914 30.485410690307621 30.110941886901859 4.5000000000000009 31.649561882019047 8.5000000000000018 32.305309295654304 12.500000000000002 32.034280776977546 30.485410690307621 12.500000000000002 40.450315475463874 34.19945144653321 29.500000000000004 29.726751327514652 21.500000000000004 17.500000000000004 30.110941886901859 27.79000282287598 26.817957878112797 28.500000000000004 22.500000000000004 0.013539358973503115 34.500000000000007
decision_type=2 2 2 2 2 2 2 2 2 2 2 2 2 2 2 2 2 2 2 2 2 2 2 2 2 2 2 2 2 2
left_child=1 -1 3 4 5 -2 -7 8 -8 10 -9 -5 13 -4 15 19 17 18 -14 21 -21 22 28 -24 25 26 27 -23 -15 -18
right_child=2 -3 12 11 -6 6 7 9 -10 -11 -12 -13 16 14 -16 -17 29 -19 -20 20 -22 24 23 -25 -26 -27 -28 -29 -30 -31
leaf_value=-0.00065411756627861608 0.021546273413399934 -0.042116940267539274 0.029795261979977464 -0.0074528884135541236 0.0035845335098268444 -0.054319779227090081 -0.010171532786260311 -0.041063165927936296 0.029483711550843714 -0.037009690192766134 0.0096051485076910723 -0.041841379709043655 -0.0056672251183663633 0.016554484749492483 0.026362484772957079 -0.045137728790507453 0.0027187451578990808 0.015625938370576686 -0.05875724276685082 0.0013674038304167021 -0.048324606701920764 0.04024643839621686 -0.058252615597459451 0.014486402686415739 0.038212054820663609 -0.055576550153711837 0.056175593025335674 -0.054774373612670117 -0.018494743955236145 -0.018690172727069153
leaf_weight=815.80300450591676 3.8277390194125465 2.8417574896011493 14.198372724233193 16.130051048006866 105.48908520756231 2.1176801240071645 19.505139665190658 1.2031476944684962 6.4000799715286112 7.1979961493052542 6.6699232910759747 3.5573667502030721 3.0476445024833065 17.885046049952514 9.522021687589584 5.4875743684824547 186.49466570661752 3.4919824316166341 3.6626787417480955 48.75429064771015 1.6096424082061265 1.7135156961157947 2.1447545646224162 2.3797170892357826 8.635555101092903 1.6476609501987693 2.8934274883940816 1.4970288807526229 3.0564975193701676 8.0568065210245532
leaf_count=179386 53 147 87 586 1728 76 475 63 58 277 98 219 35 159 71 289 3491 77 122 808 85 5 66 9 58 61 10 43 52 181
internal_value=3.55283e-09 -0.000849256 0.0013942 -0.0018057 3.77558e-05 -0.00784449 -0.0108845 -0.00739917 0.000357296 -0.0199242 -0.00189308 -0.0153888 0.00308289 0.00730971 0.00408451 0.00166827 0.00055291 -0.0202381 -0.0385075 0.0049079 -0.00113067 0.0120312 0.00390607 -0.0242974 0.023707 0.00502808 0.0269077 -0.00654639 0.0108292 0.00174111
internal_weight=1316.92 818.645 498.277 172.098 152.411 46.9217 43.094 40.9763 25.9052 15.0711 7.87307 19.6874 326.179 121.425 107.227 97.7047 204.754 10.2023 6.71032 92.2171 50.3639 41.8532 25.466 4.52447 16.3872 7.75163 6.10397 3.21054 20.9415 194.551
internal_count=188875 179533 9342 3633 2828 1100 1047 971 533 438 161 805 5709 1803 1716 1645 3906 234 157 1356 893 463 286 75 177 119 58 48 211 3672
is_linear=0
shrinkage=0.05


Tree=166
num_leaves=31
num_cat=0
split_feature=6 6 3 3 3 6 6 10 6 6 6 6 6 6 6 6 6 3 10 6 3 6 6 6 3 6 6 3 6 6
split_gain=0.634583 0.823864 0.513179 2.27587 1.12782 1.40661 6.42216 2.59753 2.76241 2.39883 2.22683 2.19797 3.4046 1.7824 2.4848 3.33852 2.64413 2.63193 5.13551 1.69196 5.61932 2.08097 2.83203 1.67753 4.29858 1.57849 5.51681 3.95814 2.89575 1.4335
threshold=2.2950463294982915 1.5870165824890139 21.500000000000004 23.500000000000004 14.500000000000002 29.726751327514652 18.361026763916019 0.012539633549749853 23.119680404663089 17.719470977783207 23.395563125610355 27.111596107482914 28.222184181213382 15.906307220458986 10.470671176910402 9.6654934883117694 9.3855566978454608 17.500000000000004 0.012739370577037336 5.0148561000823983 17.500000000000004 4.6214363574981698 3.2873064279556279 11.018282413482668 19.500000000000004 33.15819168090821 35.244302749633796 15.500000000000002 35.798055648803718 24.819429397583011
decision_type=2 2 2 2 2 2 2 2 2 2 2 2 2 2 2 2 2 2 2 2 2 2 2 2 2 2 2 2 2 2
left_child=1 -1 4 -4 -2 6 9 8 -8 13 -10 -9 -13 14 15 16 19 -16 23 21 -21 22 -6 -19 -25 -7 27 -27 -28 -12
right_child=2 -3 3 -5 5 25 7 11 10 -11 29 12 -14 -15 17 -17 -18 18 -20 20 -22 -23 -24 24 -26 26 28 -29 -30 -31
leaf_value=-0.0041947379181088013 0.00046439308517569317 -0.033982901855674895 0.0097007024101013247 0.00012558049311162516 0.016562773569134711 0.012975910157324844 -0.03694620087915778 -0.063079804965326877 0.048924458252397246 0.039981887975219392 0.010346426019751874 0.020538439997563912 -0.054690436182849592 -0.037499468773653295 0.023843067697771957 -0.058816977163010799 0.035613661317281053 0.030692487478771936 -0.061100485009496497 -0.062652601177129646 -0.0013139704255328373 0.035074081481103553 -0.049870854624259546 0.024376709088695023 -0.054138445721023047 0.0099845917801973747 0.030180184697318153 -0.066397548222007469 -0.0022324092990228038 -0.042799249469278253
leaf_weight=38.492640659086192 521.14393824411673 1.5127232843651643 69.760590398509521 504.8292450244553 3.0769175614696094 17.932448781561106 4.3226857922200015 7.0911743459364498 1.5412998516112564 2.4448778918012968 2.7368630506098275 2.5459846614394337 1.704552332870662 2.5097577364649615 14.546699340600755 2.1986579265212631 2.6226556031106147 4.2731418479233962 2.291223006322979 4.1625034899043412 13.653433180763384 3.1077193124219775 1.7181597347371278 3.4009131249040365 1.9111759341321883 2.1216960907913736 6.7036218149587503 4.4509250530973077 64.435875882089022 0.98637799220159639
leaf_count=166080 7284 1987 870 9429 31 234 151 365 4 27 40 34 54 69 138 62 19 26 55 90 162 17 44 38 72 41 93 192 1131 36
internal_value=2.45321e-09 -0.00612239 0.00019687 0.00130292 -0.000712062 -0.00413043 -0.00885782 -0.0321104 -0.0112091 -0.000612732 0.0124477 -0.0474386 -0.0143003 -0.0029151 -0.000770669 -0.0103289 -0.00469098 0.0102506 -0.00695659 -0.00998011 -0.0182132 0.00854143 -0.0117396 0.0105353 -0.00797308 1.36958e-05 -0.00310425 -0.0436783 0.00119792 -0.00981367
internal_weight=1314.23 40.0054 1274.23 574.59 699.635 178.491 82.8468 20.9289 9.58723 61.9178 5.26454 11.3417 4.25054 59.473 56.9632 30.54 28.3414 26.4232 11.8765 25.7187 17.8159 7.9028 4.79508 9.58523 5.31209 95.6446 77.7121 6.57262 71.1395 3.72324
internal_count=188875 168067 20808 10299 10509 3225 1534 684 231 850 80 453 88 823 754 425 363 329 191 344 252 92 75 136 110 1691 1457 233 1224 76
is_linear=0
shrinkage=0.05


Tree=167
num_leaves=31
num_cat=0
split_feature=6 3 3 6 6 6 6 6 6 6 6 6 6 6 6 10 6 6 6 6 6 10 6 3 6 6 6 6 6 3
split_gain=0.701164 0.586273 1.55419 3.81072 2.83151 2.9446 1.89045 1.80111 1.34031 2.72428 1.6603 2.29557 3.98616 4.03724 1.30241 7.8924 2.50626 1.92853 1.95827 2.98638 1.86735 2.57422 1.1832 1.73557 1.07885 4.53761 3.73485 2.55564 1.07575 2.76062
threshold=3.2873064279556279 5.5000000000000009 6.5000000000000009 9.9389123916625994 10.470671176910402 17.13894081115723 18.586188316345218 20.594759941101078 39.118282318115241 43.633155822753913 36.494224548339851 22.074252128601078 34.912736892700202 33.566234588623054 18.047428131103519 0.015418956056237222 20.594759941101078 19.381326675415043 19.662629127502445 20.829440116882328 16.36031532287598 0.015418956056237222 3.6468113660812382 23.500000000000004 9.6654934883117694 11.309598922729494 8.8021216392517108 12.486545562744142 4.6214363574981698 48.500000000000007
decision_type=2 2 2 2 2 2 2 2 2 2 2 2 2 2 2 2 2 2 2 2 2 2 2 2 2 2 2 2 2 2
left_child=-1 14 3 -3 -5 -6 -7 -8 10 -10 11 -9 13 -13 20 16 -16 -17 -19 -20 24 -22 23 -4 26 -26 -2 -27 29 -24
right_child=1 2 22 4 5 6 7 8 9 -11 -12 12 -14 -15 15 17 -18 18 19 -21 21 -23 28 -25 25 27 -28 -29 -30 -31
leaf_value=-0.0054852391342504643 -0.0032026380270267839 -0.040308523882904131 -0.0053483626481253231 0.054289650524412307 -0.021297417274646593 0.040454575596639161 -0.028066879236949366 0.032920804467758795 -0.048158049666360191 0.027204509579840504 0.033349359045892271 -0.020514026985699516 -0.060638463796617054 0.032866713967596113 -0.0021707725180854522 -0.030759304081854646 -0.060330152423402818 0.034410038410821985 -0.055751019328731027 0.0004404198024759146 0.04796435463033405 0.00056157039560082679 -0.0296103789311301 0.033535943641711627 -0.040000093033202538 0.023980639019826284 0.036112652860005888 -0.0080922453641823003 0.00027104100289329522 0.017703028832323841
leaf_weight=54.788926236213229 27.31500800451613 2.6478052388702045 4.769670430585391 2.8531946018338195 5.9201939273625603 4.9590715602971605 2.0468973945826283 5.010661758482466 1.6103460739832365 1.3398154340684412 8.4089365233667177 5.9274335700174543 1.570820859633385 6.3241102192550898 2.4967400934547168 4.2486169859766951 7.146164029945794 3.0499389106407753 1.435073098167776 81.153849438887846 4.0080754794471414 6.7459918980748625 8.1299131828855007 5.3986967939054011 7.0261365519836536 8.449842035770418 6.7081911247223607 17.192789297521813 1010.9141814529139 3.8486979114531996
leaf_count=168516 179 42 41 5 64 18 19 17 84 22 49 144 33 28 27 81 378 19 28 1499 22 88 200 91 90 40 38 173 16750 90
internal_value=-5.38087e-10 0.000242935 0.000679923 0.00932389 0.0129798 0.00907773 0.014343 0.00923025 0.0125776 -0.0157096 0.0160887 0.00708894 -0.00386448 0.00744139 -0.00241675 -0.00617436 -0.0468904 -0.00133859 0.000459181 -0.00119125 0.00242952 0.0208063 0.000264486 0.0164508 -0.000797332 -0.00717738 0.00535875 0.00297991 8.7672e-05 -0.014216
internal_weight=1313.45 1258.66 1081.68 48.6193 45.9715 43.1183 37.1981 32.239 30.1921 2.95016 27.242 18.833 13.8224 12.2515 176.976 99.5304 9.6429 89.8875 85.6389 82.5889 77.446 10.7541 1033.06 10.1684 66.692 32.6688 34.0232 25.6426 1022.89 11.9786
internal_count=188875 20359 17697 525 483 478 414 396 377 106 271 222 205 172 2662 2032 405 1627 1546 1527 630 110 17172 132 520 303 217 213 17040 290
is_linear=0
shrinkage=0.05


Tree=168
num_leaves=31
num_cat=0
split_feature=6 6 3 6 3 6 6 6 6 6 10 3 6 3 3 6 10 6 6 6 10 6 6 6 3 6 6 6 6 10
split_gain=0.666906 2.26702 1.10767 1.44187 3.63294 2.3279 5.61241 2.05396 1.69787 4.12422 2.95921 1.68846 2.0876 1.97646 1.5079 2.35794 1.41872 1.34941 1.66076 1.97784 2.0003 1.71243 1.63243 2.19674 1.53852 1.94127 1.49627 1.95579 1.40903 2.24864
threshold=26.139769554138187 25.577019691467289 11.500000000000002 32.305309295654304 12.500000000000002 32.034280776977546 30.485410690307621 33.566234588623054 34.19945144653321 34.620792388916023 0.012121656909585001 29.500000000000004 29.726751327514652 21.500000000000004 17.500000000000004 30.110941886901859 0.010811126790940763 40.578989028930671 40.450315475463874 39.577598571777351 0.015651676803827289 32.622304916381843 26.451423645019535 27.111596107482914 1.5000000000000002 41.409038543701179 30.485410690307621 30.110941886901859 27.79000282287598 0.014718532562255861
decision_type=2 2 2 2 2 2 2 2 2 2 2 2 2 2 2 2 2 2 2 2 2 2 2 2 2 2 2 2 2 2
left_child=1 -1 17 4 -4 6 11 -5 10 -10 -9 13 16 14 -6 -16 -13 18 19 21 -21 22 -2 -24 -19 -26 27 28 -25 -30
right_child=2 -3 3 7 5 -7 -8 8 9 -11 -12 12 -14 -15 15 -17 -18 24 -20 20 -22 -23 23 26 25 -27 -28 -29 29 -31
leaf_value=-0.00069843253264471254 0.020025224527157562 -0.039940273555926581 0.030595641846147242 -0.02138839770553138 0.0087176338460044234 0.026589080170863449 -0.044674927654688244 0.053112330585019032 -0.05641231146969531 0.0015162013427329035 0.00096024382960951829 0.0055231379959040225 -0.04603426676951989 0.025152309100869904 -0.052593591366584286 0.010910375309222647 -0.014226186136252372 0.010335142281127811 0.023583665481048312 -0.053239296206375908 0.0051327141629860552 0.0036906902494143815 -0.052286787668553505 0.013533168448058297 -0.052386706522532835 -0.010364596241693773 -0.019693900925396302 0.02129878320270101 0.00112764492046652 -0.037400191097417587
leaf_weight=815.09015869522364 3.8244078271090975 2.6975845498964182 13.939731718273832 9.1073638489469868 21.069036237895492 9.4730660729110223 5.1133022564463309 3.3118847170844656 2.1252100504934779 181.60625526640069 7.4701827252283692 37.353151735173014 1.4947462144773442 16.284866105066612 1.8296800988027815 2.4484086213633418 10.922841469044213 4.4086232970003065 6.0194905349053434 2.5670350389555088 2.2198906550183892 95.218899739091285 2.0106888506561509 4.6513389116153183 2.8794643639121196 12.027218236355109 14.781428795773534 6.6932949469191945 8.4364356323858356 5.7895137158193384
leaf_count=179386 53 147 87 204 211 71 289 9 80 3497 116 626 85 177 66 9 182 74 69 131 48 1480 76 81 243 488 438 58 154 240
internal_value=-1.37352e-09 -0.000876499 0.00144668 0.0031653 0.00749004 0.00419362 0.00174538 0.000593952 0.00172732 0.000544398 0.0201279 0.00479763 -0.00143056 0.0121023 0.00308156 -0.0210682 0.000856668 -0.00179468 -0.000178036 -0.00131 -0.0299606 -0.000136532 -0.0079377 -0.0108657 -0.0138987 -0.0212649 -0.00758724 -0.000111018 -0.00839187 -0.0159785
internal_weight=1312.87 817.788 495.077 323.55 119.929 105.989 96.516 203.621 194.514 183.731 10.7821 91.4027 49.7707 41.632 25.3471 4.27809 48.276 171.528 152.212 146.193 4.78693 141.406 46.1871 42.3627 19.3153 14.9067 40.352 25.5706 18.8773 14.2259
internal_count=188875 179533 9342 5709 1803 1716 1645 3906 3702 3577 125 1356 893 463 286 75 808 3633 2828 2759 179 2580 1100 1047 805 731 971 533 475 394
is_linear=0
shrinkage=0.05


Tree=169
num_leaves=31
num_cat=0
split_feature=6 6 6 6 6 3 10 10 6 10 3 6 6 3 6 3 10 6 3 3 10 6 6 6 6 10 6 10 6 6
split_gain=0.952184 1.91745 1.02085 1.01964 2.00592 1.15224 1.15172 0.9297 1.11747 2.70377 2.65327 2.15844 5.34918 1.94449 2.09872 1.47427 2.02747 1.40664 1.29698 4.62611 1.8335 1.55872 2.22337 2.20198 1.4842 1.67541 1.27622 1.25487 1.11671 3.34826
threshold=26.139769554138187 25.577019691467289 40.993413925170906 42.525291442871101 42.76966857910157 12.500000000000002 0.015651676803827289 0.013923869002610447 32.305309295654304 0.010811126790940763 12.500000000000002 32.034280776977546 30.485410690307621 12.500000000000002 40.450315475463874 30.500000000000004 0.011428944766521456 34.19945144653321 33.500000000000007 34.500000000000007 0.010471491608768703 28.46920204162598 27.429511070251468 27.111596107482914 28.674489021301273 0.010050504934042694 30.110941886901859 0.0094788861460983771 28.222184181213382 29.190890312194828
decision_type=2 2 2 2 2 2 2 2 2 2 2 2 2 2 2 2 2 2 2 2 2 2 2 2 2 2 2 2 2 2
left_child=1 -1 7 5 -5 6 -4 8 10 -10 26 12 18 14 17 16 -15 -11 28 -20 21 22 23 27 -23 -26 -2 -21 -12 -30
right_child=2 -3 3 4 -6 -7 -8 -9 9 13 11 -13 -14 15 -16 -17 -18 -19 19 20 -22 24 -24 -25 25 -27 -28 -29 29 -31
leaf_value=-0.0008855689196988391 0.0093982114548578303 -0.038030620566868754 0.0067663936591600658 0.020826667719502253 -0.0042832889258691987 -0.025202830460849913 -0.035828235953992843 -0.00035522875689268977 -0.050010516216204975 -0.0043701692447799872 0.016078917636592114 0.026677601946568055 -0.043901775008052479 -0.032156735264963494 0.02196332959619968 0.022932860635973457 0.0035107709394722368 -0.052840133748470852 -0.059160450258811059 0.013300534470143153 0.024028270077868941 0.024560123424150496 -0.054245746398056342 0.031513703318216395 -0.044762878050826682 0.0026270685671702034 0.040205831119725588 -0.049256248801574004 -0.028655451617272093 0.012089283620558812
leaf_weight=816.02139574463945 6.7312421057140437 2.4898845360148689 8.2189996456727386 8.4878465067595226 48.187435254920274 9.0915585975162667 0.9172832849435516 155.98911778738693 1.5044964062981296 2.6987130269408217 32.661859939500573 9.5068203629925829 4.7885025462601325 3.1221943888231172 1.4661089768633244 8.4067875109612924 122.13154763972125 3.0157682626886526 2.2310379625123451 0.71537751052529253 7.2039922298863521 5.1721354408655342 2.1735443202778697 1.9952136045321822 1.2310559796169389 10.810529267415403 7.7560213394463062 1.2163261799141762 5.7130108021665391 19.296788954176009
leaf_count=179386 50 147 208 141 1144 458 73 3029 56 35 407 71 288 149 20 52 2065 121 83 14 91 61 107 18 68 138 37 47 147 164
internal_value=-6.04829e-11 -0.00104483 0.00173526 -0.00360635 -0.000226852 -0.0135558 -0.000622861 0.00269984 0.0045163 0.00150692 0.0080675 0.00515568 0.00275172 0.00240594 -0.0212935 0.00382781 0.00237403 -0.0340097 0.00567559 -0.00223378 0.00367284 -0.00334646 -0.0231131 0.0016314 0.00454311 -0.00527861 0.0274227 -0.0294547 0.0101285 0.00203805
internal_weight=1310.95 818.511 492.441 74.9031 56.6753 18.2278 9.13628 417.538 261.549 142.346 119.203 104.716 95.2094 140.841 7.18059 133.661 125.254 5.71448 90.4209 32.7492 30.5182 23.3142 6.10046 3.92692 17.2137 12.0416 14.4873 1.9317 57.6717 25.0098
internal_count=188875 179533 9342 2024 1285 739 281 7318 4289 2498 1791 1704 1633 2442 176 2266 2214 156 1345 627 544 453 186 79 267 206 87 61 718 311
is_linear=0
shrinkage=0.05


Tree=170
num_leaves=31
num_cat=0
split_feature=6 6 3 6 6 6 3 6 6 3 6 3 6 6 6 3 3 6 6 3 6 3 3 6 6 3 3 3 6 3
split_gain=0.862027 1.67634 0.974776 1.45936 1.93052 2.19042 2.07957 2.64644 1.67917 1.57562 1.53503 1.31464 1.28262 1.49078 1.66131 1.74087 1.35773 1.69986 1.36563 1.27496 2.01023 1.20472 1.15243 1.12496 4.7031 1.23167 2.88112 1.20902 3.23903 0.973409
threshold=26.139769554138187 25.577019691467289 11.500000000000002 32.305309295654304 32.034280776977546 31.649561882019047 12.500000000000002 30.485410690307621 32.622304916381843 15.500000000000002 30.110941886901859 42.500000000000007 40.578989028930671 40.450315475463874 39.577598571777351 3.5000000000000004 1.5000000000000002 41.409038543701179 42.525291442871101 29.500000000000004 29.726751327514652 13.500000000000002 8.5000000000000018 27.429511070251468 28.46920204162598 33.500000000000007 32.500000000000007 34.500000000000007 28.674489021301273 32.500000000000007
decision_type=2 2 2 2 2 2 2 2 2 2 2 2 2 2 2 2 2 2 2 2 2 2 2 2 2 2 2 2 2 2
left_child=1 -1 12 4 5 6 10 19 -5 -6 -4 -9 13 14 -2 -16 -14 -18 -19 21 23 -8 -15 29 25 26 -25 28 -26 -21
right_child=2 -3 3 8 9 -7 7 11 -10 -11 -12 -13 16 22 15 -17 17 18 -20 20 -22 -23 -24 24 27 -27 -28 -29 -30 -31
leaf_value=-0.0008497665091894114 0.00014662508363702756 -0.036630340908440355 0.0075668384251580791 -0.035628130724551156 -0.0026123785896358426 -0.043856325668270267 -0.016038907768560286 -0.047910155682643479 0.0012328735423993299 0.036425015671755871 0.043157841120436712 0.0106350833162389 0.0096500581065015953 -0.0058735238391383372 0.0047135991796253109 -0.050426020009574461 -0.050390759470766239 0.0048504084155021297 -0.027077623959652915 -0.0041950930615327082 -0.044529148340549052 0.014134078728581224 0.036028551692002787 -0.049152551505081632 0.022440438305590241 -0.058470108723147077 0.026468059669846795 0.011613473252841858 -0.051909537041195199 0.020135400753200226
leaf_weight=815.30742119740353 140.15175496000302 2.2874290496110907 6.925027954624964 2.1380743659101418 3.3768445984460405 1.2291082143783558 2.7843591105192891 2.5825600211974229 200.37715889652463 8.4944978244602662 5.2298703258857131 0.8819527132436632 4.3235189635306623 2.0899829245172432 2.2190916007384649 2.3638985557481647 2.6832377642858765 6.6937121972441656 5.2325925631448627 5.7385495128110078 1.4162796463351686 39.039328422746621 3.9172350466251373 1.4287405800350852 2.1335253231227425 2.9670676363166422 1.6997177254961571 20.329693160019815 1.8874820489436386 11.245622762857236
leaf_count=179386 2580 147 50 64 24 79 51 182 3842 55 25 32 74 51 48 131 243 148 340 73 85 412 18 53 30 149 19 245 79 160
internal_value=1.4099e-09 -0.000994497 0.00165271 0.0032657 0.00762558 0.00537825 0.00635104 0.00370597 0.000670558 0.0259804 0.0249972 -0.0339626 -0.00140865 0.000166425 -0.000917819 -0.0276652 -0.0133284 -0.0203111 -0.0101689 0.00550007 -2.06419e-05 0.0117977 0.0226926 0.00220039 -0.00355323 -0.0394442 -0.0116078 0.00663262 -0.0158475 0.0121385
internal_weight=1309.18 817.595 491.58 321.905 119.39 107.519 106.29 94.1349 202.515 11.8713 12.1549 3.46451 169.675 150.742 144.735 4.58299 18.9331 14.6095 11.9263 90.6704 48.8467 41.8237 6.00722 47.4304 30.4462 6.09553 3.12846 24.3507 4.02101 16.9842
internal_count=188875 179533 9342 5709 1803 1724 1645 1570 3906 79 75 214 3633 2828 2759 179 805 731 488 1356 893 463 69 808 575 221 72 354 109 233
is_linear=0
shrinkage=0.05


Tree=171
num_leaves=31
num_cat=0
split_feature=6 6 6 10 11 6 6 6 6 6 10 6 6 10 6 10 10 10 6 6 10 6 6 6 6 10 10 10 10 10
split_gain=0.747411 1.51378 0.93303 1.05738 0.915632 2.2608 2.03639 3.95041 3.00236 3.77106 1.58271 1.69306 2.73428 1.63138 1.51917 1.19193 1.90984 1.87597 1.05857 2.34262 1.77573 2.78169 1.01492 1.0086 2.26756 2.70083 0.949898 3.58032 3.51761 2.47398
threshold=26.139769554138187 25.577019691467289 26.451423645019535 0.011173533275723459 1.0000000180025095e-35 27.111596107482914 34.19945144653321 34.620792388916023 33.566234588623054 33.15819168090821 0.013793759513646366 40.450315475463874 36.820848464965827 0.013423423748463394 35.542776107788093 0.012121656909585001 0.013793759513646366 0.013245614245533945 34.19945144653321 34.620792388916023 0.014578848611563446 31.649561882019047 42.525291442871101 27.79000282287598 29.726751327514652 0.014718532562255861 0.012739370577037336 0.01183473411947489 0.011696306522935631 0.011428944766521456
decision_type=2 2 2 2 2 2 2 2 2 2 2 2 2 2 2 2 2 2 2 2 2 2 2 2 2 2 2 2 2 2
left_child=1 -1 3 -2 6 -6 8 -8 9 26 13 12 14 -9 -12 -10 17 -17 20 -20 21 -7 -21 -22 25 -25 27 28 29 -4
right_child=2 -3 4 -5 5 18 7 10 15 -11 11 -13 -14 -15 -16 16 -18 -19 19 22 23 -23 -24 24 -26 -27 -28 -29 -30 -31
leaf_value=-0.00079249397457081523 -0.015928419066346598 -0.035624401734572632 0.003765544281187052 0.022506260971470741 -0.047718739327348741 -0.0035681718173629067 -0.055746632895028028 -0.00063087569353982207 0.051979140595157784 -0.05462280661090551 -0.036660674786025881 0.0042062218061079369 -0.061601702675478258 0.012397266429192266 0.014689631129591253 -0.042134935619208794 0.035678752483149959 0.013095546693707293 0.027434664843334029 0.0011384938939858218 0.017789301859355393 -0.061412126788973148 -0.017903649711229108 0.010047002927357551 -0.0003642311321360918 -0.056564199603248003 0.01065485120782516 -0.034307360011772862 0.044100928976619921 -0.049117925153084413
leaf_weight=814.95320042300091 1.4493818124756206 2.1319287405349305 59.53609482205502 8.508563631679861 1.6577494908124197 5.2812604205973903 2.2075296370312563 145.53168457088032 3.2455569617450228 1.6380102359689761 1.1799780931323747 5.7483114106580615 2.8105876627159887 27.761137072709971 3.272718801163137 1.2017782712355236 5.4969469327479601 4.145914719440043 7.2227853415533891 84.124429368363053 4.3483400065451852 2.5766547964885831 6.6248021763749412 1.9884638674848236 34.652456948999316 3.1494336871910491 55.85349033982493 5.2400459399214006 4.3744753329083315 1.2967236945405591
leaf_count=179386 30 147 1088 116 70 139 89 2914 9 69 36 162 144 374 57 56 32 43 66 1599 65 94 340 31 673 183 659 148 16 40
internal_value=2.55762e-09 -0.000926812 0.00153757 0.015969 0.00120709 -0.00200111 0.00268036 -0.000729249 0.00717932 0.00465144 0.0002168 -0.0159517 -0.0304835 0.00151536 -0.00314611 0.0283032 0.0174273 -0.00399881 -0.00118302 0.00187923 -0.00687949 -0.0273273 -0.000431591 -0.00271445 -0.00533631 -0.0333476 0.00584322 0.00193262 0.00531906 0.00186213
internal_weight=1309.21 817.085 492.125 9.95795 482.167 151.626 330.541 188.512 142.029 127.939 186.304 13.0116 7.26328 173.293 4.4527 14.0902 10.8446 5.34769 149.969 97.972 51.9966 7.85792 90.7492 44.1387 39.7904 5.1379 126.301 70.4473 65.2073 60.8328
internal_count=188875 179533 9342 146 9196 3260 5936 3776 2160 2020 3687 399 237 3288 93 140 131 99 3190 2005 1185 233 1939 952 887 214 1951 1292 1144 1128
is_linear=0
shrinkage=0.05


Tree=172
num_leaves=31
num_cat=0
split_feature=6 6 6 10 3 6 6 6 6 6 3 3 6 6 6 6 6 10 6 6 3 6 3 6 6 10 6 6 6 10
split_gain=0.695545 1.31987 1.11709 1.00617 0.7492 2.25467 1.18898 1.2378 1.45211 1.63667 1.33865 1.19537 1.5723 1.19562 1.11655 2.77377 1.10805 2.38571 2.2192 2.07381 1.44847 1.76535 1.42326 1.32802 1.33894 0.997539 0.877558 1.29981 2.29472 1.7164
threshold=26.139769554138187 25.577019691467289 26.451423645019535 0.011173533275723459 11.500000000000002 27.111596107482914 40.578989028930671 40.450315475463874 39.577598571777351 40.033845901489265 3.5000000000000004 1.5000000000000002 41.409038543701179 42.525291442871101 34.19945144653321 34.620792388916023 33.566234588623054 0.012121656909585001 32.305309295654304 32.034280776977546 15.500000000000002 32.622304916381843 35.500000000000007 27.111596107482914 29.726751327514652 0.014578848611563446 32.622304916381843 30.485410690307621 30.110941886901859 0.015418956056237222
decision_type=2 2 2 2 2 2 2 2 2 2 2 2 2 2 2 2 2 2 2 2 2 2 2 2 2 2 2 2 2 2
left_child=1 -1 3 -2 5 -4 7 8 26 -10 -11 -8 -13 -14 16 -16 18 -18 19 22 -20 -22 -6 -24 -25 -9 27 28 -7 -29
right_child=2 -3 4 -5 14 6 11 25 9 10 -12 12 13 -15 15 -17 17 -19 20 -21 21 -23 23 24 -26 -27 -28 29 -30 -31
leaf_value=-0.00077193650181254755 -0.015342021529822232 -0.034050124558086037 -0.047087132037722745 0.022710901665979076 0.0073266742173680888 -0.0077449485206143006 0.0090120941688017955 0.033544867742894967 -0.049844689700944612 0.026733816252416272 -0.029692059574793834 -0.048794233643924989 0.0045429416650235683 -0.02570722717827862 -0.049719160770108295 0.00074650741165885586 0.050996348380754314 0.0033374162381750883 -0.043777528538825355 0.025316544397359454 -0.042906251683369145 0.010855397825728377 -0.044833579726162892 0.0021223944827186928 -0.029999685613570966 -0.0055572774129341159 0.0032740794960790542 -0.034177619017576835 0.024974874417317525 -0.00042162063639397164
leaf_weight=814.11068244541138 1.3645438104867924 1.9912098951172073 1.6832712339237321 9.1574542485177499 77.516467450346681 18.160954711296657 4.330576466163623 3.930684268474578 2.0666492129676035 1.5252379104495051 0.81257176399230946 2.5254301235545418 6.6570096826180798 4.9747871800791472 1.7639205511659373 182.06703677195765 3.1917790481820685 7.4434973713941872 2.5855521783232671 11.968331237789242 1.0485692550428209 5.0433371714316308 1.0585300507955278 20.753242001635957 2.8226976442383593 2.0614852649159729 94.618647601208067 6.4615218383260054 6.4426532255019984 7.6541404351592064
leaf_count=179386 30 147 76 116 1072 475 74 18 108 18 53 243 148 340 80 3497 9 116 81 79 39 84 46 332 181 51 1480 277 58 161
internal_value=1.6807e-09 -0.000894705 0.00148383 0.0168728 0.00111301 -0.00162543 -0.000868112 0.00069849 -0.000340847 -0.0257502 0.00410157 -0.0124586 -0.0191876 -0.00940562 0.00252842 -4.10597e-06 0.00599158 0.0207941 0.00455194 0.00645223 -0.0185235 -0.00314353 0.00401802 -0.00627288 -0.00278772 0.0212217 0.000683917 -0.00556876 0.00146381 -0.0171124
internal_weight=1307.79 816.102 491.691 10.522 481.169 163.906 162.222 143.735 137.742 4.40446 2.33781 18.4878 14.1572 11.6318 317.263 183.831 133.432 10.6353 122.797 114.119 8.67746 6.09191 102.151 24.6345 23.5759 5.99217 133.338 38.7193 24.6036 14.1157
internal_count=188875 179533 9342 146 9196 3580 3504 2699 2630 179 71 805 731 488 5616 3577 2039 125 1914 1710 204 123 1631 559 513 69 2451 971 533 438
is_linear=0
shrinkage=0.05


Tree=173
num_leaves=31
num_cat=0
split_feature=6 6 6 6 10 3 3 3 6 6 6 3 10 10 6 3 3 3 10 3 10 6 3 3 3 6 3 6 6 3
split_gain=0.656184 0.66413 0.464955 1.30487 2.04946 1.88913 1.70854 1.74895 0.863946 0.911724 2.10535 0.964917 1.0959 0.845219 0.963072 0.755584 1.62679 0.747554 1.58257 1.55058 1.28971 1.60062 1.55228 1.30673 0.784324 1.08123 1.44286 1.74122 1.71596 0.714206
threshold=2.2950463294982915 1.5870165824890139 26.139769554138187 25.224988937377933 0.011561079882085325 27.500000000000004 31.500000000000004 32.500000000000007 40.993413925170906 42.525291442871101 42.76966857910157 12.500000000000002 0.015651676803827289 0.011428944766521456 41.721260070800788 17.500000000000004 15.500000000000002 15.500000000000002 0.014965224079787733 5.5000000000000009 0.012385687325149776 44.293878555297859 23.500000000000004 27.500000000000004 19.500000000000004 45.787614822387702 17.500000000000004 44.293878555297859 43.633155822753913 21.500000000000004
decision_type=2 2 2 2 2 2 2 2 2 2 2 2 2 2 2 2 2 2 2 2 2 2 2 2 2 2 2 2 2 2
left_child=1 -1 3 -2 5 -5 -7 -8 29 11 -11 12 -10 14 -13 16 -15 18 -12 -20 21 22 -19 -23 25 26 28 -28 -22 -4
right_child=2 -3 8 4 -6 6 7 -9 9 10 17 13 -14 15 -16 -17 -18 20 19 -21 24 23 -24 -25 -26 -27 27 -29 -30 -31
leaf_value=-0.0045014440860509522 -0.00034171706252187045 -0.031757210953577933 0.00093883790917991092 0.03565490153518977 -0.051121099004703387 -0.049264110849454909 0.032950972166346133 -0.028407386618715499 0.0062845868625951351 0.021156816546775547 -0.037795418979037668 0.013931169474693555 -0.035532309081485074 -0.041083710065928092 -0.030965070392514726 -0.049903715636505426 0.016921544138916406 0.0013249014177501601 -0.017502025868449372 0.028811497902592239 0.029932475661205899 -0.032970297539002311 -0.050845261821885646 0.0050423513268700107 0.022574186825781942 0.026301743006380957 -0.055529068949793627 0.0017823258473703273 -0.01409566956276001 0.0054606989097218525
leaf_weight=38.6210740382121 767.05016057112516 1.4258189986612695 293.86697258832282 1.4099979740567494 2.2658149648923427 1.3774193013086913 1.5951130399480464 1.1329538212157784 8.0747746424749494 8.5343254641629738 3.7228628220036608 2.4184735091403113 0.89454892836511213 1.225148715544492 0.84062024345621456 2.6573163690045476 1.7887483178637922 2.1899328082799938 3.4725772037636489 2.0349351060576737 3.3123489022254962 1.6889986507594574 2.8372848993167281 13.228004461620001 5.2324826885014764 2.3130186945199958 1.5536433011293409 2.6307571036741138 3.6691260254010558 123.579733870989
leaf_count=166080 11172 1987 5224 16 128 76 18 56 208 141 268 65 73 69 61 219 44 33 150 32 16 126 160 226 31 8 22 32 40 2094
internal_value=2.2781e-10 -0.00622189 0.000201475 -0.000561567 -0.0197266 -0.000962838 -0.0180593 0.00668439 0.00140243 -0.00353232 -0.000342295 -0.0130372 -0.00103181 -0.023777 -0.00220037 -0.033988 -0.0110186 -0.00452831 -0.0165527 0.00140789 -0.00131204 -0.0099214 -0.0316699 -0.00106267 0.00790234 0.00104101 -0.00592357 -0.0261034 0.00792646 0.00228733
internal_weight=1306.64 40.0469 1266.6 774.831 7.7813 5.51548 4.10549 2.72807 491.767 74.3199 56.4203 17.8996 8.96932 8.93031 3.25909 5.67121 3.0139 47.886 9.23038 5.50751 38.6556 19.9442 5.02722 14.917 18.7114 13.4789 11.1659 4.1844 6.98147 417.447
internal_count=188875 168067 20808 11466 294 166 150 74 9342 2024 1285 739 281 458 126 332 113 1144 450 182 694 545 193 352 149 118 110 54 56 7318
is_linear=0
shrinkage=0.05


Tree=174
num_leaves=31
num_cat=0
split_feature=6 6 6 3 3 3 3 3 6 3 3 3 6 6 7 3 6 6 6 3 3 6 3 3 3 6 3 3 6 6
split_gain=0.683508 1.61006 2.02965 1.80474 3.39799 1.78028 1.51599 2.03675 3.7757 1.63844 1.40483 2.01311 2.65503 2.46875 1.18848 1.08229 2.47816 1.16933 2.38612 1.13838 2.33582 2.30311 4.25264 4.4746 1.65879 3.38088 1.60942 3.5467 2.24372 1.73342
threshold=24.571588516235355 21.659376144409183 21.154217720031742 22.500000000000004 23.500000000000004 2.5000000000000004 25.500000000000004 26.500000000000004 22.755928993225101 29.500000000000004 7.5000000000000009 8.5000000000000018 23.637259483337406 23.119680404663089 0.46234834194183355 11.500000000000002 26.139769554138187 34.19945144653321 34.620792388916023 30.500000000000004 24.500000000000004 26.817957878112797 19.500000000000004 22.500000000000004 25.500000000000004 28.222184181213382 12.500000000000002 13.500000000000002 29.424094200134281 27.429511070251468
decision_type=2 2 2 2 2 2 2 2 2 2 2 2 2 2 2 2 2 2 2 2 2 2 2 2 2 2 2 2 2 2
left_child=1 2 -1 5 -5 -3 -6 -8 9 -9 -7 -12 13 -13 -10 16 -2 19 -19 20 21 22 -17 -24 -22 -26 -23 28 -28 -29
right_child=15 3 -4 4 6 10 7 8 14 -11 11 12 -14 -15 -16 17 -18 18 -20 -21 24 26 23 -25 25 -27 27 29 -30 -31
leaf_value=-0.00080380540765927807 -0.047663642917571414 0.00024034437316260414 0.01277713782114568 0.033262805139413446 -0.037829023881993745 -0.056120294690172927 0.025235167297544953 0.031170972759671851 -0.035702879057381044 -0.003835496589857627 0.023605553247142849 -0.029879351160150676 -0.058418035965791149 0.018318263928512612 0.016652909043822463 -0.059422122834437513 -0.0010636909292327322 -0.047136616538532239 0.00090614021989827661 0.00065802615786658269 0.038882410028550245 0.020064109526169036 0.031406152114594139 -0.051862174630074975 0.018092841141611294 -0.045912590075656727 0.004103543612912596 0.032637149793306029 -0.06116913218558815 0.0032231321445815963
leaf_weight=697.88587590456837 1.9036956657655526 8.3477708082646149 27.638329989742488 4.9765004888176909 2.731956688687208 2.7911777626723078 4.1019397871568826 3.9012534720823195 9.4927093358710373 9.9431130771117733 1.6463668886572111 4.9727527657523733 3.2522834627889088 3.8896246296353638 0.6297260522842415 2.8632709928788227 167.71065149242349 1.6217505815438915 181.01450132390892 62.584515570459189 8.1272959343623388 17.404480703058653 4.4035094967111945 1.3141322496812788 21.303013701646709 1.3185472856275726 1.9801410227082659 4.8165699681267133 2.334564782679081 38.316489811753854
leaf_count=177301 86 51 313 48 108 112 55 31 381 161 21 173 125 64 2 91 3633 80 3497 1208 51 114 38 54 297 49 32 35 79 585
internal_value=-1.47154e-09 -0.000929254 -0.000269574 -0.00868486 -0.00136793 -0.0187394 -0.00783328 -0.00371283 -0.00947962 0.00746442 -0.0277797 -0.0186189 -0.0257195 -0.0090133 -0.0312414 0.0014067 -0.00186301 0.00299474 0.000225175 0.00600844 0.00918573 0.00422135 -0.0187744 0.00739657 0.0205351 0.0125764 0.00750293 0.00257628 -0.0360779 0.00717282
internal_weight=1305.22 786.201 725.524 60.6772 35.7772 24.9 30.8007 28.0687 23.9668 13.8444 16.5522 13.761 12.1147 8.86238 10.1224 519.017 169.614 349.403 182.636 166.767 104.182 73.4332 8.58091 5.71764 30.7489 22.6216 64.8522 47.4478 4.31471 43.1331
internal_count=188875 178946 177614 1332 786 546 738 630 575 192 495 383 362 237 383 9929 3719 6210 3577 2633 1425 1028 183 92 397 346 845 731 111 620
is_linear=0
shrinkage=0.05


Tree=175
num_leaves=31
num_cat=0
split_feature=6 6 3 6 10 6 3 10 10 3 10 3 10 6 3 6 10 6 10 10 3 6 3 6 3 3 6 6 10 6
split_gain=0.70569 2.02328 2.65422 1.23839 1.97929 1.51829 1.91711 2.26466 1.71538 1.36051 7.07586 2.50664 1.8443 1.51078 1.50214 1.3845 4.57816 1.96396 1.51484 2.73639 1.36503 1.53112 1.03045 2.81199 3.14402 3.8178 2.81004 2.60004 2.12301 1.19789
threshold=20.022215843200687 19.662629127502445 44.500000000000007 21.659376144409183 0.0093025267124176043 23.925033569335941 12.500000000000002 0.015881994739174846 0.013423423748463394 12.500000000000002 0.012385687325149776 22.500000000000004 0.014389234129339458 20.829440116882328 7.5000000000000009 21.154217720031742 0.010695492848753931 20.829440116882328 0.0099504948593676108 0.0094788861460983771 3.5000000000000004 21.380851745605472 21.500000000000004 26.817957878112797 8.5000000000000018 19.500000000000004 24.167681694030765 26.139769554138187 0.016159754246473316 36.183538436889656
decision_type=2 2 2 2 2 2 2 2 2 2 2 2 2 2 2 2 2 2 2 2 2 2 2 2 2 2 2 2 2 2
left_child=1 -1 -3 9 -5 6 7 -6 -8 12 11 13 -2 -11 20 16 17 18 19 -13 21 -14 23 24 26 -26 -7 28 -28 -24
right_child=3 2 -4 4 5 22 8 -9 -10 10 -12 15 14 -15 -16 -17 -18 -19 -20 -21 -22 -23 29 -25 25 -27 27 -29 -30 -31
leaf_value=-0.0008993318754399644 0.036429482753180129 -0.058085114231470725 0.008579125921070678 -0.048381980120428679 -0.05629821280702868 0.031348221694440986 -0.0068947333233697885 -0.0039476751649767479 0.02750533863262274 0.050544612108916934 -0.059479704002165561 0.022003249860443819 -0.029332828698519726 -0.00042605474021255676 -0.020747517455855194 0.015785700455867104 -0.042260313342078332 -0.025523346198754873 0.028525041858879011 -0.026028621005896382 0.022082777717531404 0.021207938235940499 0.0072692397393738731 0.00081723009621595974 -0.062722700344710905 0.0059064231266745121 -0.061596229038371586 0.0088235949090609746 0.0059258525999926186 -0.0011032464615760092
leaf_weight=647.14206042482056 7.0385639318265047 2.5019530689460217 2.2095272382721305 1.073555112350731 3.1401042733341447 3.5019561769440797 31.30956794769736 4.4506920073181391 3.0918672520201644 3.9131353090051553 3.2661215916450592 5.4906152971088975 2.5632510036230114 2.0411468585953116 3.0182658229023209 12.518718389794229 5.0393254149239501 2.9497663481160989 7.8284991886466733 4.4593202080577612 11.340040525421498 1.6693181116133926 118.85823644724587 330.16875486040954 5.1225309914443633 2.789634763263166 2.6654557795263809 4.7026310982182622 1.4675859073176978 66.015380058248411
leaf_count=176558 42 133 21 33 145 34 808 35 36 23 179 37 42 40 35 139 119 28 96 37 75 10 1968 6266 199 43 72 75 11 1536
internal_value=-1.8688e-09 -0.00116224 -0.0307935 0.00116287 0.000382317 0.00055651 -0.00848562 -0.0296361 -0.00311337 0.00724708 0.00212767 0.00789013 0.0163002 0.035523 0.00720865 0.00279784 -0.00386609 0.00698346 0.0134489 6.53934e-05 0.0135521 -0.00915602 0.00128034 -0.000315029 -0.017946 -0.0405781 -0.00147775 -0.0163525 -0.0411366 0.00428971
internal_weight=1303.35 651.854 4.71148 651.494 578.358 577.284 41.9922 7.5908 34.4014 73.1361 47.5066 44.2405 25.6294 5.95428 18.5909 38.2862 25.7675 20.7282 17.7784 9.94994 15.5726 4.23257 535.292 350.419 20.2498 7.91217 12.3376 8.83567 4.13304 184.874
internal_count=188875 176712 154 12163 11261 11228 1024 180 844 902 698 519 204 63 162 456 317 198 170 74 127 52 10204 6700 434 242 192 158 83 3504
is_linear=0
shrinkage=0.05


Tree=176
num_leaves=31
num_cat=0
split_feature=6 6 3 6 3 10 6 3 3 6 3 10 10 6 3 3 6 6 10 10 6 10 10 6 10 3 10 10 3 6
split_gain=0.789039 1.6352 2.19952 1.2255 1.5425 3.64474 3.67046 2.31325 2.14087 1.28013 1.69865 2.00628 1.57968 1.17516 1.11221 1.38646 1.34352 1.23601 1.01703 2.70427 1.42008 2.49073 1.97356 1.64356 2.6787 1.79991 1.43786 0.949404 1.03946 1.72857
threshold=20.022215843200687 19.662629127502445 44.500000000000007 21.659376144409183 10.500000000000002 0.012385687325149776 20.280011177062992 9.5000000000000018 22.500000000000004 23.925033569335941 12.500000000000002 0.015881994739174846 0.013423423748463394 20.829440116882328 7.5000000000000009 3.5000000000000004 21.380851745605472 20.594759941101078 0.0093025267124176043 0.009569597430527212 21.380851745605472 0.010695492848753931 0.011561079882085325 20.280011177062992 0.010362972505390646 40.500000000000007 0.010362972505390646 0.012539633549749853 36.500000000000007 22.074252128601078
decision_type=2 2 2 2 2 2 2 2 2 2 2 2 2 2 2 2 2 2 2 2 2 2 2 2 2 2 2 2 2 2
left_child=1 -1 -3 4 7 8 -7 14 13 10 11 -5 27 -6 15 16 -2 -17 -10 -20 21 23 -23 26 25 -25 -21 28 -12 -30
right_child=3 2 -4 9 5 6 -8 -9 18 -11 12 -13 -14 -15 -16 17 -18 -19 19 20 -22 22 -24 24 -26 -27 -28 -29 29 -31
leaf_value=-0.00099736119294378854 -0.028135561427387042 -0.054804935220578804 0.0067364964469185176 -0.054223246927540047 0.046031338978522351 0.019546029262568178 -0.059216000267987672 0.045138450065240976 0.021881182762827342 0.0011092283037562641 0.0027751571838190146 -0.0042734579759920411 0.026194526740075441 0.00063089218525403637 -0.017111757138059246 0.045392128661915394 0.019129089037503575 0.010033235378692757 -0.033931331056856626 0.0016997267386886104 0.020904055951155267 -0.056720051066327708 -0.0043661153965131655 0.027175845137967149 -0.051925618487541514 -0.018840891502481596 0.046179115916658131 -0.035373758612756705 -0.055903394522603136 -0.0053358631833339085
leaf_weight=646.2967880503893 2.5789045738056364 2.2566160529386243 2.268195335753262 2.9232428632676593 3.849143461091443 1.6352006818924554 3.3692001994058955 4.8546393923461428 4.705287446267902 536.58794193679205 19.79422319133301 4.5100152669474483 3.1723947271239004 2.0585062387399375 2.7004345804452887 2.9872669205069533 1.6918460857123134 8.7227029800415021 4.28647856414318 3.3873725887388018 8.4765540692023951 2.0380442528985432 4.8768999525345862 4.1924489140510541 1.3453740701079366 2.6967651359736919 3.1278572287410498 1.6381086311303068 1.2205621153116215 8.1958340861383459
leaf_count=176558 42 133 21 145 23 38 170 14 18 10223 424 35 36 40 34 10 10 65 50 29 82 67 73 46 50 22 19 95 45 258
internal_value=2.26151e-10 -0.00123048 -0.02832 0.00122897 0.00726117 0.00217959 -0.0345112 0.0175371 0.00691728 0.000449892 -0.00790969 -0.0280174 -0.00284181 0.0325932 0.00843537 0.0135058 -0.0093349 0.0219151 0.00232562 -0.000889249 0.00474845 -0.00221601 -0.0250131 0.00938119 -0.00544975 0.00905779 0.0263569 -0.00655653 -0.00382307 -0.0166281
internal_weight=1302.44 650.822 4.52481 651.623 73.5809 50.0451 5.0044 23.5358 45.0407 578.042 41.4544 7.43326 34.0211 5.90765 18.6812 15.9807 4.27075 11.71 39.1331 34.4278 30.1413 21.6648 6.91494 14.7498 8.23459 6.88921 6.51523 30.8487 29.2106 9.4164
internal_count=188875 176712 154 12163 902 727 208 175 519 11261 1038 180 858 63 161 127 52 75 456 438 388 306 140 166 118 68 48 822 727 303
is_linear=0
shrinkage=0.05


Tree=177
num_leaves=31
num_cat=0
split_feature=6 6 3 6 3 10 3 10 6 6 3 10 6 3 10 10 3 6 3 10 6 10 10 6 6 10 3 10 3 6
split_gain=0.808628 1.39801 1.85089 1.32988 1.63901 5.10947 1.62636 1.6109 1.57686 2.92373 3.52146 2.56033 1.23772 1.5489 1.72946 1.47924 1.00385 2.03121 1.27988 1.74883 0.993027 0.988248 3.16973 0.936795 0.896743 2.59952 5.79304 3.04398 2.79348 4.33043
threshold=20.022215843200687 19.662629127502445 44.500000000000007 21.659376144409183 12.500000000000002 0.012385687325149776 22.500000000000004 0.0093025267124176043 20.280011177062992 20.829440116882328 6.5000000000000009 0.014578848611563446 23.925033569335941 12.500000000000002 0.015881994739174846 0.013423423748463394 25.500000000000004 21.154217720031742 27.500000000000004 0.010695492848753931 20.829440116882328 0.009569597430527212 0.0093025267124176043 21.154217720031742 14.014347553253176 0.010256679728627207 34.500000000000007 0.014578848611563446 18.500000000000004 17.719470977783207
decision_type=2 2 2 2 2 2 2 2 2 2 2 2 2 2 2 2 2 2 2 2 2 2 2 2 2 2 2 2 2 2
left_child=1 24 -3 4 8 6 20 -5 -2 10 -10 -11 13 14 -9 -15 17 -8 -18 21 -6 22 -20 -13 -1 -26 27 28 29 -27
right_child=3 2 -4 7 5 -7 16 12 9 11 -12 23 -14 15 -16 -17 18 -19 19 -21 -22 -23 -24 -25 25 26 -28 -29 -30 -31
leaf_value=0.00010467171824367518 0.048996377807719121 -0.052145608873531805 0.005075723618190771 -0.04492657012356685 0.040956263827493733 -0.054025138021860541 -0.051686167410242193 -0.052334774532186462 0.010764557174888903 0.045356232073087831 -0.059122173181929333 -0.01499415545532338 0.0012339238725516044 -0.006449108492128027 -0.0052578036901309274 0.02488947384862044 0.025516446064090231 0.011257664809783333 0.018497120661413971 -0.034231810739245611 -0.00025436036923511934 0.01107875570676119 -0.034734175522551959 0.014787956417132934 0.0051157020414902589 -0.011640168594088601 -0.060999260989041251 0.0036781331310726155 -0.0055450100291218113 -0.060545499332291822
leaf_weight=470.85551970367442 2.5713157467544105 2.0738149974786202 2.317771059460938 0.95098824054002662 3.9198253916110835 2.7731860453495747 1.418460467597469 2.7364889169111839 4.2399489469826248 6.2875687819905606 1.8535643154755232 2.8604280501604062 536.19006060013635 30.934638615610311 4.6151356715708971 3.2789629171602419 5.3808643650263539 2.1217349600046873 4.7943561701104098 2.2056523151695719 2.0622311197221279 18.82327748881653 4.4850487755611539 7.7639110991731286 52.892274215875659 15.434067592839712 3.9719914257293558 49.165725036524236 47.77018791543378 5.8234305646474231
leaf_count=173589 8 133 21 33 23 179 48 145 36 33 34 27 10204 808 35 36 39 29 18 65 40 207 50 66 792 265 202 531 986 193
internal_value=-1.14238e-10 -0.00124671 -0.0266055 0.00124296 0.00752809 0.00196742 0.00649667 0.000432426 0.0174939 0.0120785 -0.0158318 0.0224573 0.000584584 -0.00762407 -0.0269494 -0.00282416 0.00247336 -0.0197916 0.00516117 0.000847769 0.0287478 0.00468264 -0.00810745 0.00616951 -0.00103343 -0.00407781 -0.00806741 -0.00579175 -0.012493 -0.0271559
internal_weight=1302.57 650.305 4.39159 652.268 73.5614 47.9846 45.2115 578.706 25.5767 23.0054 6.09351 16.9119 577.755 41.5652 7.35162 34.2136 39.2294 3.5402 35.6892 30.3083 5.98206 28.1027 9.2794 10.6243 645.913 175.058 122.165 118.193 69.0277 21.2575
internal_count=188875 176712 154 12163 902 698 519 11261 204 196 70 126 11228 1024 180 844 456 77 379 340 63 275 68 93 176558 2969 2177 1975 1444 458
is_linear=0
shrinkage=0.05


Tree=178
num_leaves=31
num_cat=0
split_feature=3 10 3 10 3 3 10 10 10 10 10 10 4 4 4 7 10 10 3 10 10 10 5 5 5 5 10 4 7 7
split_gain=0.64762 0.448667 0.945845 1.01101 0.965568 1.03469 0.819063 0.71103 0.514995 0.391199 0.725936 0.409693 0.998435 1.42783 1.17635 1.05644 0.425324 0.729488 1.07232 1.16002 0.359585 0.828088 0.52865 0.800068 0.708671 0.525687 0.323826 0.807601 0.328735 1.05254
threshold=49.500000000000007 0.0063092110212892303 99.500000000000014 0.0053619688842445621 128.50000000000003 162.50000000000003 0.0044742955360561618 0.0039761590305715808 0.003960411762818695 0.028383218683302406 0.025135437026619915 0.024722602218389515 73.500000000000014 59.500000000000007 48.500000000000007 0.58115878701210033 0.018374931998550895 0.019843111746013168 7.5000000000000009 0.022608106024563316 0.022421040572226051 0.014965224079787733 21.500000000000004 20.500000000000004 7.5000000000000009 9.5000000000000018 0.011696306522935631 27.500000000000004 0.535648673772812 0.53171458840370189
decision_type=2 2 2 2 2 2 2 2 2 2 2 2 2 2 2 2 2 2 2 2 2 2 2 2 2 2 2 2 2 2
left_child=9 2 -2 4 -4 -6 7 8 -7 10 11 12 13 14 15 -1 -14 -18 -19 -20 21 22 23 24 -3 -22 27 28 29 -24
right_child=1 20 3 -5 5 6 -8 -9 -10 -11 -12 -13 16 -15 -16 -17 17 18 19 -21 25 -23 26 -25 -26 -27 -28 -29 -30 -31
leaf_value=-0.046951625111271211 0.027531010033561062 0.012689531098281553 0.029242992784730661 -0.032378084454317363 -0.031708298271685587 -0.01567966920340624 0.044557482172853248 -0.025920559471724544 0.023676571673880729 0.019939150187461056 -0.029595738580093046 0.022203967856482491 0.00019130693856713615 -0.054810478310370427 0.019687497020106186 0.013063997089534402 0.024330247674886216 0.01999684198235506 -0.050462283209087203 0.010763296915633068 -0.015993052611434664 -0.039295055737192872 0.019013130583128639 0.031014981767610972 -0.027796913703626903 0.014086024269239626 -0.02968522633920187 -0.013684182400178345 0.022098042813989013 -0.031334777945697348
leaf_weight=0.87618434207979612 1.8805257945095926 1.3419251211089434 1.611803023919492 1.5248076474676961 1.558048598371897 0.42087825842827498 0.17745703410764679 1.0152163647017003 1.5264438408885326 1.5048331464640785 1.0465262137004163 1.1134048502426583 1247.482248072969 0.99864816869376127 2.0381196599337272 0.63457508012652397 3.7323751444928339 1.3731429353356364 0.78455126692278987 0.85633851354941726 1.3256226622543179 1.4970424586153956 1.4729652642854629 1.1172892766007962 1.1280211008979675 2.951124534063637 1.3276450259090768 14.922607275439068 1.6195077600277725 0.79618427655077528
leaf_count=45 543 295 1078 15713 18265 4215 533 14827 527 15 40 9 26597 32 16 3 28 6 41 25 336 6788 371 474 6931 455 12210 77781 584 92
internal_value=-1.717e-09 -0.00624642 0.00285469 -0.00551411 0.004519 -0.00760678 0.00912262 -0.00370896 0.0127365 0.000198821 0.00015948 0.000207649 0.000170583 -0.0209949 -0.00152188 -0.0265799 0.000263989 0.011944 -0.00563444 -0.0265336 -0.00923901 -0.0114498 -0.00817473 0.0078987 -0.00848269 0.00349871 -0.011276 -0.00854393 0.00994583 -0.00283383
internal_weight=1301.66 39.2151 9.71518 7.83465 6.30985 4.69804 3.14 2.96254 1.94732 1262.44 1260.94 1259.89 1258.78 4.54753 3.54888 1.51076 1254.23 6.74641 3.01403 1.64089 29.4999 25.2232 23.7261 3.58724 2.46995 4.27675 20.1389 18.8113 3.88866 2.26915
internal_count=188875 162018 55701 55158 39445 38367 20102 19569 4742 26857 26842 26802 26793 96 64 48 26697 100 72 66 106317 105526 98738 7700 7226 791 91038 78828 1047 463
is_linear=0
shrinkage=0.05


Tree=179
num_leaves=31
num_cat=0
split_feature=6 6 3 10 10 10 3 10 6 3 10 3 6 3 7 7 7 7 7 3 10 3 3 6 6 3 10 3 10 6
split_gain=0.998145 2.16612 2.37571 4.63801 2.03749 1.51949 1.32197 1.53476 1.06893 1.13853 1.50309 2.71102 0.962694 1.89829 0.971711 0.956542 2.26564 1.27938 1.18604 0.891029 0.879458 2.19207 1.73469 1.7266 1.62944 3.57578 1.99887 1.30702 1.18785 1.10165
threshold=20.022215843200687 21.659376144409183 12.500000000000002 0.012385687325149776 0.015418956056237222 0.0093025267124176043 1.5000000000000002 0.015651676803827289 23.925033569335941 1.5000000000000002 0.015881994739174846 12.500000000000002 19.662629127502445 44.500000000000007 0.53642636537551891 0.52635166049003612 0.47553408145904547 0.49752710759639746 0.49947692453861242 22.500000000000004 0.009569597430527212 36.500000000000007 35.500000000000007 22.442245483398441 23.119680404663089 23.500000000000004 0.011561079882085325 13.500000000000002 0.011173533275723459 22.755928993225101
decision_type=2 2 2 2 2 2 2 2 2 2 2 2 2 2 2 2 2 2 2 2 2 2 2 2 2 2 2 2 2 2
left_child=12 2 4 19 -2 -3 -6 -8 9 -7 11 -11 14 -14 15 16 -1 -18 -19 -4 -13 22 24 -23 26 -26 -22 -28 -27 -25
right_child=1 5 3 -5 6 8 7 -9 -10 10 -12 20 13 -15 -16 -17 17 18 -20 -21 21 23 -24 29 25 28 27 -29 -30 -31
leaf_value=-0.00092809633603366769 0.029176298788952944 -0.044064123601855992 0.022977506031659971 -0.051996745895711141 0.018581260198958404 -0.044901323738465372 0.0075218911478817183 -0.048715508373033706 0.0010959040489160745 -0.050460350864213979 0.018908027007652067 0.017353258031550727 -0.049693293615058455 0.0085820816426319339 -0.020331053358144849 0.01906202598976111 -0.056671377291498973 0.025456618668569908 -0.027481994935314148 0.0037809870857731668 0.006489270862384819 -0.062201934268396798 0.041732993927852575 0.013433670920666647 0.030048574879560842 0.009665285361308798 0.017001925008829154 -0.038930551101501558 -0.042278678302786178 -0.029339778100432319
leaf_weight=630.56846139938625 19.215293294517327 0.91948155639693041 6.3091965629719189 2.6050856986839781 2.9093951769173136 0.92762903869151969 1.9973419699817898 1.3958943104371426 537.02319811606139 2.5441472711972883 4.6749679045751682 3.2237145232502362 1.9220964773267031 2.2008830020204186 5.5817366845903953 4.881692530784675 1.8552982980681907 0.95447244023671407 1.3315744492329029 38.664520606165752 5.4322230430698344 1.8241669464769064 1.2866501329190203 2.1595439088559942 6.7688463479280454 1.1815070724114778 0.64526449516415585 6.0993855609558523 2.2882661391049623 2.0096564169507474
leaf_count=137026 133 33 63 179 17 18 18 36 10204 145 23 34 133 21 15037 2792 10970 858 9875 456 78 73 9 28 90 26 8 235 103 154
internal_value=-9.26302e-10 0.00138067 0.00943014 0.00268565 0.0214299 0.000349966 -0.00294826 -0.0214356 0.000496579 -0.00718059 -0.00523855 -0.00885293 -0.00138664 -0.0229824 -0.00121328 -0.00101496 -0.00119912 -0.0342587 -0.00435845 0.00691522 -0.00424446 -0.00707804 0.000172575 -0.0316767 -0.0038934 0.0102774 -0.0156843 -0.0320751 -0.0263858 -0.00887146
internal_weight=1301.4 652.105 73.0967 47.5788 25.5179 579.009 6.30263 3.39324 578.089 41.066 40.1383 35.4634 649.296 4.12298 645.173 639.591 634.71 4.14135 2.28605 44.9737 32.9192 29.6955 23.7021 5.99337 22.4155 10.2386 12.1769 6.74465 3.46977 4.1692
internal_count=188875 12163 902 698 204 11261 71 54 11228 1024 1006 983 176712 154 176558 161521 158729 21703 10733 519 838 804 549 255 540 219 321 243 129 182
is_linear=0
shrinkage=0.05


Tree=180
num_leaves=31
num_cat=0
split_feature=6 6 3 10 10 3 6 6 3 6 10 3 3 3 3 6 6 6 10 6 6 6 6 10 6 10 3 10 6 3
split_gain=0.899457 1.7358 1.56871 4.16187 2.48114 1.53095 1.16568 1.19897 1.15926 0.951853 2.52037 5.05508 2.76647 2.19446 2.11623 3.75445 4.67587 1.95735 5.84049 1.94922 4.19626 1.75022 5.14577 1.69651 2.04752 4.93824 1.642 1.31375 1.27839 1.90825
threshold=20.022215843200687 21.659376144409183 12.500000000000002 0.012385687325149776 0.014389234129339458 7.5000000000000009 20.594759941101078 21.154217720031742 22.500000000000004 14.014347553253176 0.010256679728627207 34.500000000000007 8.5000000000000018 38.500000000000007 18.500000000000004 17.719470977783207 15.160224437713625 18.853606224060062 0.015418956056237222 18.853606224060062 15.160224437713625 17.427235603332523 16.651162147521976 0.015418956056237222 16.651162147521976 0.014718532562255861 3.5000000000000004 0.012385687325149776 13.250360488891603 19.500000000000004
decision_type=2 2 2 2 2 2 2 2 2 2 2 2 2 2 2 2 2 2 2 2 2 2 2 2 2 2 2 2 2 2
left_child=9 2 4 8 -2 6 -6 -8 -4 28 13 12 17 19 15 16 -14 23 -19 20 -11 22 -18 24 25 -12 -25 -16 -1 -30
right_child=1 -3 3 -5 5 -7 7 -9 -10 10 11 -13 14 -15 27 -17 21 18 -20 -21 -22 -23 -24 26 -26 -27 -28 -29 29 -31
leaf_value=-0.00086065177185747251 0.040878962692769867 0.00037818522137269541 0.024665872180154615 -0.050150332512987963 0.037891471048240116 -0.021021611402226179 -0.011171130067635336 0.017433889221997775 0.0032007111931291621 0.040205056196097912 0.027077037711685993 -0.058728302177520064 -0.056745737295233169 0.0004455706181855834 -0.009871687720282277 -0.058145205574834005 0.014917058341169978 -0.067814719304533741 0.017246292779848068 0.050703142412961692 -0.049917360403199967 0.03450204943459486 -0.059786426270113803 0.0032943625657044931 0.022738678312210537 -0.055209624694219264 -0.031464589736222764 0.013164513193681827 0.023168977825723601 -0.00081720091352386346
leaf_weight=437.61015952385424 7.322096400428566 579.7696748249582 6.6081480123102656 2.4507738705724469 2.9190304428339067 2.9463920611888161 5.2506983717903486 8.1100482344627363 38.826674756594002 1.8783398279920214 3.1943377573043135 3.8123092925525262 3.2148214764893082 49.016855673500686 43.204887436790159 5.3786400809549368 7.3360017053782922 2.5596004920080295 3.9503806531429291 3.4417242910712957 1.3430720735341308 2.5073093959945245 2.1989642204716802 14.125121819917696 18.909399770607706 2.2684371419163654 3.4121874896591171 6.3102934938506214 13.226471884554483 19.721003028455016
leaf_count=173140 42 11261 63 179 17 35 52 58 456 14 19 227 105 759 952 209 79 37 45 12 46 25 56 165 130 67 61 115 132 317
internal_value=-1.27328e-09 0.00130715 0.00844198 0.00290633 0.0179588 0.00764033 0.013744 0.00619719 0.00678662 -0.00131839 -0.00442102 -0.00841203 -0.00631662 0.00434473 -0.0125943 -0.0256962 -0.0113839 0.00284942 -0.0207747 0.0292274 -0.000292831 0.00414831 -0.00635085 0.00691769 0.015207 -0.0103483 -0.00480113 -0.00673343 -0.00013744 0.00921069
internal_weight=1302.82 654.204 74.4339 47.8856 26.5483 19.2262 16.2798 13.3607 45.4348 648.62 178.063 122.383 118.57 55.68 70.1509 20.6357 15.2571 48.4195 6.50998 6.66314 3.22141 12.0423 9.53497 41.9095 24.3722 5.46277 17.5373 49.5152 470.558 32.9475
internal_count=188875 12163 902 698 204 162 127 110 519 176712 3123 2292 2065 831 1541 474 265 524 82 72 60 160 135 442 216 86 226 1067 173589 449
is_linear=0
shrinkage=0.05


Tree=181
num_leaves=31
num_cat=0
split_feature=7 7 7 7 10 10 7 4 4 4 4 7 10 7 4 10 10 10 3 7 3 10 3 3 3 3 3 3 3 3
split_gain=0.570009 0.909235 0.818705 0.784175 0.763123 0.688173 0.677848 1.11434 0.738627 0.661749 1.28568 0.803002 0.619631 0.608719 0.584152 0.661427 0.401447 0.803043 1.6563 1.16624 0.453002 0.536324 0.594841 0.576636 0.868652 0.882998 0.904822 0.962065 0.872066 0.608331
threshold=0.53642636537551891 0.5560242533683778 0.53322264552116405 0.55700722336769115 0.011561079882085325 0.024016422219574455 0.47553408145904547 59.500000000000007 58.500000000000007 27.500000000000004 26.500000000000004 0.48541562259197241 0.023384617641568187 0.63366886973381054 9.5000000000000018 0.024295845068991188 0.022421040572226051 0.019843111746013168 7.5000000000000009 0.46858306229114538 49.500000000000007 0.0076046728063374766 72.500000000000014 98.500000000000014 99.500000000000014 126.50000000000001 128.50000000000003 162.50000000000003 163.50000000000003 191.50000000000003
decision_type=2 2 2 2 2 2 2 2 2 2 2 2 2 2 2 2 2 2 2 2 2 2 2 2 2 2 2 2 2 2
left_child=2 -2 6 -3 -4 -5 12 8 9 10 -8 -11 16 14 -7 -16 17 19 -19 20 -1 22 -22 -24 -25 -26 -27 -28 -29 -30
right_child=1 3 4 5 -6 13 7 -9 -10 11 -12 -13 -14 -15 15 -17 -18 18 -20 -21 21 -23 23 24 25 26 27 28 29 -31
leaf_value=0.00022923915899191179 -0.038712489016797323 0.034373356064011283 -0.015321142549504771 -0.030882084863488053 0.035865666570533437 0.024513992306751782 -0.029484362992102428 -0.045344640144660456 0.025127850504090922 0.010610476450420092 0.024426140881102183 -0.03710537152200568 -0.030260269185005347 -0.026591833552099393 0.015314438953304522 -0.032280015531649796 0.014766427413468128 0.017908545797359995 -0.053043420712687264 0.03490437959733695 0.032061006891967565 -0.012118976979969304 -0.024388601873126831 0.026837960183300494 -0.031137588646308018 0.02817567784441883 -0.03127828309583032 0.044509653807225824 -0.025601718474686775 0.0085715157077992776
leaf_weight=1251.5791388477137 1.4558822902954478 0.27538640881357412 0.35242925139118542 1.2201273548789684 1.8334936777828259 2.0842415351799 0.76276673207030432 1.1383170648950898 0.86256993434608364 0.73397179881249108 2.0358222448121519 1.9607476947994653 0.67736193264135991 0.31767079041310342 0.59477657250681637 0.48044544455478899 3.6800993493307024 0.74894704669713863 0.97933417898457265 1.409774760007166 0.43628592622735851 15.215449943898419 1.3430058953090327 1.8634369211431465 1.3739513275650077 1.6166647573481894 1.5132853305931346 0.18769319174862165 0.99316809338051859 2.8411083821511056
leaf_count=26618 4516 215 562 9880 298 139 1307 8619 416 1340 225 11764 80 145 10 144 35 3 122 3426 547 40419 14179 543 14636 1078 18265 533 14827 13984
internal_value=-1.28546e-09 -0.0138108 7.90913e-05 -0.0012592 0.0253943 -0.00901487 1.67481e-05 -0.0140615 -0.00305601 -0.0106698 0.00583884 -0.0247546 0.000109618 0.00384221 0.0125596 -0.0112594 0.000149121 9.56884e-05 -0.0270022 0.00015331 8.77649e-05 -0.00615854 0.00164864 -0.00191155 0.00288026 -0.00462369 0.00366471 -0.00671004 0.00692147 -0.00374501
internal_weight=1302.57 6.42853 1296.14 4.97265 2.18592 4.69726 1293.95 7.4942 6.35588 5.49331 2.79859 2.69472 1286.46 3.47713 3.15946 1.07522 1285.78 1282.1 1.72828 1280.37 1278.96 27.384 12.1686 11.7323 10.3893 8.52587 7.15192 5.53525 4.02197 3.83428
internal_count=188875 15049 173826 10533 860 10318 172966 23671 15052 14636 1532 13104 149295 438 293 154 149215 149180 125 149055 145629 119011 78592 78045 63866 63323 48687 47609 29344 28811
is_linear=0
shrinkage=0.05


Tree=182
num_leaves=31
num_cat=0
split_feature=6 3 6 10 10 6 6 10 6 3 10 6 10 6 6 3 3 10 10 5 7 7 7 7 7 7 6 6 6 3
split_gain=0.660339 0.449255 2.00348 2.46968 1.52 3.0628 0.881557 0.745742 1.93535 0.612561 0.537001 0.513403 1.12914 0.638424 1.51307 0.492399 0.63603 0.442631 0.939507 0.487636 0.592618 0.419601 0.474588 0.676047 0.442584 1.17086 0.413392 0.995071 1.89223 0.827767
threshold=3.2873064279556279 18.500000000000004 0.92583191394805919 0.022608106024563316 0.013793759513646366 2.5422707796096806 0.894496649503708 0.016159754246473316 1.4858037233352663 127.50000000000001 0.0076046728063374766 0.41625617444515234 0.0068260179832577714 0.71164748072624218 0.74124696850776683 30.500000000000004 29.500000000000004 0.011428944766521456 0.012385687325149776 21.500000000000004 0.53085750341415416 0.55700722336769115 0.5560242533683778 0.53642636537551891 0.535648673772812 0.53171458840370189 40.993413925170906 42.525291442871101 42.76966857910157 12.500000000000002
decision_type=2 2 2 2 2 2 2 2 2 2 2 2 2 2 2 2 2 2 2 2 2 2 2 2 2 2 2 2 2 2
left_child=1 4 6 -4 -1 7 11 8 -6 10 -8 12 -3 15 -15 16 -13 -14 19 -19 -21 22 23 24 25 -22 -2 29 -29 -28
right_child=26 2 3 -5 5 -7 9 -9 -10 -11 -12 13 17 14 -16 -17 -18 18 -20 20 21 -23 -24 -25 -26 -27 27 28 -30 -31
leaf_value=0.019945217042242527 0.00046651437971783548 0.015024743654117545 -0.053613068022060485 0.012816616456443518 -0.019706721919585668 -0.053856572301991069 0.047084729618777549 -0.018190286065227428 0.024444901601492802 -0.012450682099732756 -0.0093788180805172029 -0.023004495446440839 -0.021358446200488074 0.030673879365248648 -0.02769515674514399 -0.035509572265152958 0.019168821570454082 0.03040938204993722 -0.016268297961674387 -0.023732048816798346 0.024510650127069534 -0.016634892382941521 0.043301517416225788 -0.02240424431503267 0.03564888593346318 -0.029839327637967112 -0.0021630093424505055 0.019676769634770247 -0.0041259555120879282 -0.023331052612675634
leaf_weight=5.9311361543150296 1173.4523924623427 6.2900118345628568 3.5724884599894713 1.5434608641953671 2.9241601582616514 1.9643632374791202 0.89936336548998841 2.2106443166267136 6.0796777415089309 0.29555959509161756 0.17152035421895562 0.71975310611014609 3.8600627652062931 1.3238711151498139 1.136330802031807 2.8834005660582989 0.86572880877065472 1.0919922380853675 5.5584150165095707 0.78401459108135707 1.2170150581514483 0.3941402369437127 0.19425563897493692 0.69396638563739532 0.60547613115704724 0.79189305554245937 9.1267713711131382 9.0874264664016646 47.462804270209745 8.841661246493457
leaf_count=445 18335 12071 20580 34 246 36 913 18 40 604 335 784 44687 1044 9611 47874 85 474 22077 3776 43 937 75 1408 52 267 281 141 1144 458
internal_value=1.90971e-09 -0.00536171 -0.00865992 -0.0347528 0.000791633 -0.00862717 -0.00319337 0.00305598 0.0095693 0.0263319 0.0378793 -0.00546048 -0.00137957 -0.0163424 0.00350157 -0.0259095 -0.00146906 -0.00868032 -0.00297958 0.0103285 0.00111541 0.00994021 0.015961 0.00467766 0.0160761 0.000289672 0.000236123 -0.00335001 -2.54979e-05 -0.01326
internal_weight=1301.97 54.0027 34.8927 5.11595 19.11 13.1788 29.7768 11.2145 9.00384 1.36644 1.07088 28.4103 21.4812 6.92908 2.4602 4.46888 1.58548 15.1912 11.3312 5.77275 4.68076 3.89675 3.50261 3.30835 2.61438 2.00891 1247.97 74.5187 56.5502 17.9684
internal_count=188875 168516 167731 20614 785 340 147117 304 286 1852 1248 145265 85867 59398 10655 48743 869 73796 29109 7032 6558 2782 1845 1770 362 310 20359 2024 1285 739
is_linear=0
shrinkage=0.05


Tree=183
num_leaves=31
num_cat=0
split_feature=6 6 3 10 10 3 6 3 6 3 6 6 6 6 10 6 3 6 6 3 3 6 6 6 6 6 10 6 6 10
split_gain=0.613021 1.52447 1.33894 3.67882 2.35362 1.04475 2.15246 2.19351 1.24937 1.5205 1.89556 3.82826 1.40744 2.56218 1.35141 1.96083 1.05524 1.33513 1.00067 0.974637 1.36236 6.21999 3.92899 2.6024 1.10471 4.43664 1.57996 1.18506 6.91287 3.19598
threshold=20.022215843200687 21.659376144409183 12.500000000000002 0.012385687325149776 0.014389234129339458 11.500000000000002 28.674489021301273 3.5000000000000004 40.578989028930671 1.5000000000000002 33.15819168090821 32.622304916381843 40.033845901489265 39.577598571777351 0.015881994739174846 38.06505203247071 1.5000000000000002 41.409038543701179 42.525291442871101 11.500000000000002 13.500000000000002 8.8021216392517108 8.1066393852233904 5.4190740585327157 18.853606224060062 19.381326675415043 0.015418956056237222 9.3855566978454608 6.504176378250123 0.014389234129339458
decision_type=2 2 2 2 2 2 2 2 2 2 2 2 2 2 2 2 2 2 2 2 2 2 2 2 2 2 2 2 2 2
left_child=19 2 4 -4 -2 6 7 -3 9 10 11 -8 13 14 -11 -16 -10 -18 -19 24 21 22 23 -21 26 -26 27 28 -1 -30
right_child=1 5 3 -5 -6 -7 8 -9 16 12 -12 -13 -14 -15 15 -17 17 18 -20 20 -22 -23 -24 -25 25 -27 -28 -29 29 -31
leaf_value=0.010216894677941424 0.038669819512720513 -0.0019332754136174531 0.0062025149003753733 -0.048397489867701933 0.0065121294358891982 0.0016422591789959234 -0.044068598668148613 -0.029288946804972363 0.0077038243798801297 -0.00011809557173879045 -0.041454871071903848 0.041516942525330461 0.021579089987391473 -0.046503738943463047 0.00086766303217291219 0.034554369613550372 -0.047002245468108633 0.0028864170204997404 -0.024946312904441197 0.013588528778460333 -0.0017682459477165369 -0.04655996027538567 0.050999106782899761 -0.032930926908949242 -0.059972342877341094 0.014213583366571761 -0.0033051494765321682 0.01003730592223759 -0.068251455204694833 -0.012938828346885861
leaf_weight=39.850452108235913 7.4122926648706224 15.271464893128725 45.602410378167406 2.3063869337493079 19.265666336752474 397.78840556251089 1.2751309856030268 13.363043184624983 4.3868520574178573 101.55325512988929 3.5175061509871739 2.0949545418843627 7.9551643542945376 1.7731527881696809 10.557255435036497 6.3743807006103443 2.3592892498709253 6.7664981149137002 4.8747801112476736 5.6793021310440981 422.10000273041032 7.9955649811454341 2.7536836229264727 4.5628024144098163 2.3964335415512314 4.2435526541376021 73.290190234030888 71.631926847519935 3.1589482743293038 8.768870620056985
leaf_count=363 42 180 519 179 162 7299 73 477 74 1826 151 6 128 98 184 34 243 148 340 137 174453 195 7 38 53 45 637 650 35 99
internal_value=-2.73123e-09 0.00107785 0.00775673 0.0026382 0.0165213 0.000206953 -0.00291986 -0.0152571 -0.000534389 0.00116072 -0.0201635 0.00646011 0.00245343 0.00102073 0.00211519 0.0147697 -0.0124066 -0.0188013 -0.00981995 -0.00109128 -0.00240484 -0.0145432 0.00707414 -0.00822145 0.00176881 -0.0169061 0.00248154 0.00591705 0.000134767 -0.031734
internal_weight=1300.93 654.498 74.5868 47.9088 26.678 579.911 182.123 28.6345 153.488 135.101 6.88759 3.37009 128.213 120.258 118.485 16.9316 18.3874 14.0006 11.6413 646.432 443.091 20.9914 12.9958 10.2421 203.34 6.63999 196.7 123.41 51.7783 11.9278
internal_count=188875 12163 902 698 204 11261 3962 657 3305 2500 230 79 2270 2142 2044 218 805 731 488 176712 174830 377 182 175 1882 98 1784 1147 497 134
is_linear=0
shrinkage=0.05


Tree=184
num_leaves=31
num_cat=0
split_feature=6 7 3 3 6 6 6 6 10 3 10 10 6 3 3 3 6 3 6 3 6 6 6 3 10 3 6 6 10 3
split_gain=0.778076 0.469891 1.74242 1.15605 0.667301 0.476293 1.46269 1.32526 1.76789 1.02232 1.21582 1.1905 1.73059 1.36514 1.24677 0.84718 0.581457 0.550808 0.830672 0.830367 1.51811 0.495127 2.44942 3.47052 1.93402 0.781679 2.17015 1.35486 1.75904 2.37778
threshold=3.2873064279556279 0.46288169920444494 12.500000000000002 16.500000000000004 9.9389123916625994 42.76966857910157 42.525291442871101 42.13920974731446 0.014578848611563446 15.500000000000002 0.014965224079787733 0.012385687325149776 44.293878555297859 23.500000000000004 27.500000000000004 5.5000000000000009 44.856470108032234 19.500000000000004 45.787614822387702 17.500000000000004 43.633155822753913 38.06505203247071 37.290193557739265 26.500000000000004 0.015651676803827289 2.5000000000000004 38.594190597534187 38.594190597534187 0.014718532562255861 9.5000000000000018
decision_type=2 2 2 2 2 2 2 2 2 2 2 2 2 2 2 2 2 2 2 2 2 2 2 2 2 2 2 2 2 2
left_child=-1 5 -3 -4 -5 6 7 21 -9 10 -7 12 13 -11 -14 16 -12 18 19 20 -13 22 -2 24 -24 26 -23 -27 29 -29
right_child=1 2 3 4 -6 9 -8 8 -10 11 15 17 14 -15 -16 -17 -18 -19 -20 -21 -22 25 23 -25 -26 27 -28 28 -30 -31
leaf_value=-0.0058347589242183509 0.00037736141451495523 -0.044156266527537846 0.027177352452761608 -0.027516360480257258 0.0047677021820194425 -0.037721334906646038 0.019534288272635258 -0.047890051994888515 0.0083257542219732396 -0.0005839588050346135 -0.029805269489043808 0.027451540860345854 -0.031616738071068337 -0.049896763686750334 0.0059303662020326192 0.022593310895715504 0.00472604803330391 0.020528796980857422 0.0244885106689227 -0.019554908815106811 -0.013870089827362962 0.039019900960391887 -0.048567755438273505 0.03178039141965313 -0.00048644897543532306 -0.014156059904476388 -0.0016208915968493457 0.024776238984100626 -0.013457918573887255 0.0027629038809731292
leaf_weight=53.732425201604201 1031.8188879169102 1.7814340759068708 2.0402068956755102 1.9961821224424054 2.9101943253772333 3.597090821946038 9.0485331709496659 2.2313147420063606 2.0183150982484221 2.2589357048273113 1.5790731105953457 3.256198877468707 1.6207292955368746 2.8126008212566376 13.138872685609384 1.40936440275982 1.8677684054709969 5.0811202647164455 2.2523668035864821 4.0860782917588949 3.7459988798946142 4.4809518950060001 6.1429667240008694 1.6264117434620846 2.9862068612128496 10.706131432205437 8.0091925934029842 13.415299199259605 12.21666907877079 84.733991567525663
leaf_count=168516 15832 29 14 42 61 268 140 117 40 33 95 16 126 160 226 30 54 30 8 54 40 18 242 19 33 276 159 155 404 1638
internal_value=-2.19626e-09 0.000256325 -0.0106902 0.00236874 -0.0108021 0.000342194 0.000538243 0.000376213 -0.0246909 -0.0045571 -0.0192832 -0.000894508 -0.00917615 -0.0316459 6.2805e-05 -0.00151655 -0.0142386 0.00803417 0.00217561 -0.00400769 0.00637472 0.000487684 0.000119165 -0.0225755 -0.0344408 0.00334205 0.014771 0.00205166 0.00373689 0.00599129
internal_weight=1298.6 1244.87 8.72802 6.94658 4.90638 1236.14 1189.43 1180.39 4.24963 46.7062 8.4533 38.2529 19.8311 5.07154 14.7596 4.85621 3.44684 18.4218 13.3406 11.0883 7.0022 1176.14 1042.57 10.7556 9.12917 133.562 12.4901 121.072 110.366 98.1493
internal_count=188875 20359 146 117 103 20213 19073 18933 157 1140 447 693 545 193 352 179 149 148 118 110 56 18776 16126 294 275 2650 177 2473 2197 1793
is_linear=0
shrinkage=0.05


Tree=185
num_leaves=31
num_cat=0
split_feature=6 6 10 3 6 10 3 3 4 4 7 7 6 10 10 10 10 6 3 10 10 3 6 10 10 6 6 10 3 6
split_gain=0.63239 0.741714 1.02625 1.74979 0.730761 1.85893 1.56932 3.36491 0.680566 0.60511 0.765603 0.601132 0.582359 1.79405 2.7438 2.16571 1.06721 0.699406 6.55093 0.906415 0.646249 0.628163 2.02848 1.20533 1.56644 1.26928 0.800899 0.788062 1.89603 1.9552
threshold=5.4190740585327157 6.1512548923492441 0.011050061322748663 9.5000000000000018 5.0148561000823983 0.013793759513646366 26.500000000000004 27.500000000000004 25.500000000000004 27.500000000000004 0.46904338896274572 0.46858306229114538 4.6214363574981698 0.01197647722437978 0.013072453904896976 0.010929288342595102 0.014578848611563446 4.1475377082824716 48.500000000000007 0.022750681266188625 0.022421040572226051 26.500000000000004 0.92583191394805919 0.01197647722437978 0.012739370577037336 3.2873064279556279 0.894496649503708 0.014578848611563446 6.5000000000000009 3.6468113660812382
decision_type=2 2 2 2 2 2 2 2 2 2 2 2 2 2 2 2 2 2 2 2 2 2 2 2 2 2 2 2 2 2
left_child=4 2 -2 -4 8 6 -6 -8 -1 -10 11 12 17 15 -15 -14 -16 19 -19 20 21 23 26 25 -25 -11 -23 -26 29 -29
right_child=1 -3 3 -5 5 -7 7 -9 9 10 -12 -13 13 14 16 -17 -18 18 -20 -21 -22 22 -24 24 27 -27 -28 28 -30 -31
leaf_value=-0.024884579654850591 0.01946448060064452 0.00010331001013685952 0.013678563175839828 -0.0099298222878063513 -0.061766925164672339 0.0025488343181541136 0.036977582868053603 -0.047076705042872369 0.014887332927949283 -0.02119949572483798 -0.024034587528919779 0.036272190229471778 0.0086700711411318177 0.043092285209766934 -0.017036598773261063 -0.05624304433025662 0.011699159403153572 -0.061602585149149604 0.026687954133786714 -0.039427878346333441 0.0231587959379893 -0.0037248843900024894 -0.033593939297831589 -0.041198247071156477 0.0095344866893569795 0.038772936907969985 0.027353846963378822 -0.0068708459767061626 -0.032963563401526064 0.033466899856420047
leaf_weight=2.1901459647551738 10.710757655164342 1145.3066559442523 14.64632754790364 14.77348950342275 1.9256824301555733 6.6395580405369401 1.3829132728278639 1.3991455073701216 4.4166241341044943 0.45629633391217739 2.8914174296487536 0.051188057954276611 2.3517315430654011 4.259745771996676 4.6432041302323324 1.3414314836263654 6.5614967881701887 3.1518826158717266 3.4107414571044501 0.59161542377842025 1.6213690247677721 19.176731254130125 5.0220252975450412 1.2830659484170599 15.430880249768959 2.745474711060524 1.3107049851241743 10.939306907472202 3.7090029332903205 3.026817221674718
leaf_count=13640 102 19306 62 132 31 42 4 71 1086 404 27968 215 41 17 20 24 43 116 31 66 10 101740 20435 549 666 7 1841 119 72 15
internal_value=-3.99654e-10 0.000340313 0.0069373 0.00188664 -0.00357531 -0.0150695 -0.0360107 -0.00656507 -0.00214301 -0.00139152 -0.00230528 -0.00136198 -0.00177703 0.00577187 0.0133 -0.0218679 -0.000629089 -0.00384069 -0.0182546 -0.00213895 -0.00120336 -0.00218087 -0.00808213 0.00192943 -0.00112724 0.0272148 -0.000556107 0.00158818 -0.00548824 0.00352342
internal_weight=1297.37 1185.44 40.1306 29.4198 111.93 11.3473 4.70774 2.78206 100.583 98.3928 93.9761 91.0847 91.0335 19.1576 15.4644 3.69316 11.2047 71.8759 6.56262 65.3133 64.7217 63.1003 25.5095 37.5908 34.3891 3.20177 20.4874 33.106 17.6751 13.9661
internal_count=188875 19602 296 194 169273 148 106 75 169125 155485 154399 126431 126216 145 80 65 63 126071 147 125924 125858 125848 124016 1832 1421 411 103581 872 206 134
is_linear=0
shrinkage=0.05


Tree=186
num_leaves=31
num_cat=0
split_feature=6 6 3 4 4 7 10 10 7 3 6 10 10 6 6 3 6 10 6 10 6 6 6 10 3 5 10 6 10 10
split_gain=0.609849 0.794249 5.54592 0.534272 0.577363 0.816677 0.871786 0.605651 0.614427 0.457622 1.57826 1.16906 1.44322 1.20614 0.777374 0.570348 0.56629 1.0165 0.590493 0.47852 0.47628 1.03794 0.817656 1.06529 0.951589 0.640415 0.620941 0.419905 1.62879 2.02818
threshold=4.6214363574981698 4.1475377082824716 48.500000000000007 25.500000000000004 27.500000000000004 0.46904338896274572 0.022750681266188625 0.022421040572226051 0.46858306229114538 26.500000000000004 0.92583191394805919 0.01197647722437978 0.012739370577037336 3.2873064279556279 0.894496649503708 127.50000000000001 3.2873064279556279 0.0099504948593676108 3.6468113660812382 0.0076046728063374766 0.74124696850776683 0.71164748072624218 0.41625617444515234 0.0068260179832577714 30.500000000000004 39.500000000000007 0.010152545757591726 5.0148561000823983 0.01197647722437978 0.010929288342595102
decision_type=2 2 2 2 2 2 2 2 2 2 2 2 2 2 2 2 2 2 2 2 2 2 2 2 2 2 2 2 2 2
left_child=1 3 -3 -1 -5 6 7 8 9 11 14 13 -13 -6 20 19 -12 18 -18 -16 21 22 23 -11 -24 26 -25 28 29 -2
right_child=27 2 -4 4 5 -7 -8 -9 -10 10 16 12 -14 -15 15 -17 17 -19 -20 -21 -22 -23 24 25 -26 -27 -28 -29 -30 -31
leaf_value=-0.022798549210292958 0.0095965521307119807 -0.060550448322025267 0.020954439572588 0.014035808376912227 -0.020858628690523812 -0.026227693982544199 -0.038485020397032561 0.023045213775739884 0.036301557957649187 0.015003211442465851 -0.043651918890639574 -0.040435047076095056 0.00089732300345478052 0.037727363589074421 0.046076608828742517 -0.011681315175767381 0.026744612389581118 -0.034782361087823351 -0.017779373091082427 -0.008658151367783631 -0.02668104914646038 0.030386843421928069 0.010591204483577666 0.032247292602472694 -0.035192717675618254 -0.031849370264059769 -0.0075869598922487487 0.00016243026534486479 0.014865550370150133 -0.053376320925144688
leaf_weight=2.13375462584463 2.3741708614834383 3.0323359500034703 3.5522815225122031 4.4510441418606197 0.44959851065505008 2.5577409601478385 0.56338364956172782 1.5875883448461525 0.053372822600066594 6.1901062793895267 2.4383921998278302 1.252412139881925 33.301873235963285 2.700616717338562 0.89033432641008292 0.28477996264700767 1.2541386732773392 0.81359455190977303 0.29425475141033519 0.15628795605880441 1.0577309094969667 1.3101300727576006 1.0817840192466968 0.17156167953362444 2.761459422637472 1.6197980402921528 4.9603390625625252 1197.7750678699958 14.854328677058218 1.2612552642822263
leaf_count=13640 41 117 31 1086 404 27964 66 10 215 9854 20266 549 872 7 913 604 59 58 52 324 9563 1028 334 545 47867 12877 19672 19750 83 24
internal_value=-1.77686e-09 -0.00417582 -0.0196146 -0.00256606 -0.00166486 -0.00288549 -0.00158732 -0.000684186 -0.00163227 -0.00223122 -0.00729912 0.0012681 -0.0016959 0.0263547 -0.000742713 0.0266282 -0.0303253 -0.00767584 0.0146269 0.0376664 -0.00387228 -0.00121157 -0.00524782 0.00121897 -0.0227796 -0.0117239 -0.00121352 0.000281026 0.00756122 -0.0190526
internal_weight=1297.19 80.9207 6.58462 74.3361 72.2023 67.7513 65.1935 64.6302 63.0426 62.9892 25.2847 37.7045 34.5543 3.15022 20.4843 1.3314 4.80038 2.36199 1.54839 1.04662 19.1529 18.0952 16.785 12.9418 3.84324 6.7517 5.1319 1216.26 18.4898 3.63543
internal_count=188875 168977 148 168829 155189 154103 126139 126073 126063 125848 124016 1832 1421 411 103581 1841 20435 169 111 1237 101740 92177 91149 42948 48201 33094 20217 19898 148 65
is_linear=0
shrinkage=0.05


Tree=187
num_leaves=31
num_cat=0
split_feature=7 4 7 7 10 7 3 3 4 4 4 7 7 3 5 4 4 7 7 7 7 4 4 3 3 3 10 5 5 3
split_gain=0.486359 0.497155 0.872391 0.834702 0.738424 0.671315 0.82676 0.764711 0.922634 1.13083 1.00882 0.56207 1.0489 0.578801 0.473036 0.372056 0.963472 0.636954 1.31367 0.869123 0.374844 0.368488 0.443926 0.311412 1.09592 1.17879 0.631382 0.534662 0.654828 0.538095
threshold=0.63366886973381054 7.5000000000000009 0.53642636537551891 0.53322264552116405 0.011561079882085325 0.47079765796661383 13.500000000000002 16.500000000000004 27.500000000000004 95.500000000000014 26.500000000000004 0.5560242533683778 0.55700722336769115 9.5000000000000018 6.5000000000000009 87.500000000000014 95.500000000000014 0.45409813523292547 0.46858306229114538 0.44952273368835455 0.45982684195041662 20.500000000000004 21.500000000000004 5.5000000000000009 6.5000000000000009 7.5000000000000009 0.014578848611563446 20.500000000000004 21.500000000000004 192.50000000000003
decision_type=2 2 2 2 2 2 2 2 2 2 2 2 2 2 2 2 2 2 2 2 2 2 2 2 2 2 2 2 2 2
left_child=1 -1 3 5 -5 14 -7 -8 10 -10 -9 -4 -13 -14 -3 17 -17 19 -19 -16 23 -15 -23 -18 -25 -26 27 -27 -29 -30
right_child=-2 2 11 4 -6 6 7 8 9 -11 -12 12 13 21 15 16 20 18 -20 -21 -22 22 -24 24 25 26 -28 28 29 -31
leaf_value=0.021424229135245686 -0.028982125150391277 -0.025559256607439601 -0.038481020864556945 -0.015045392417643903 0.035483066192712187 -0.043300403925298936 0.019936189828355849 -0.0256977410007041 -0.039367425346870481 0.017020075190948596 0.023962900545858711 0.035805745793759912 0.014388982754714071 -0.040662990589408095 -0.015075618213567449 -0.037429584337178454 -0.0018053300182408394 -0.025758729427420024 0.030664436413381176 0.043760622716346662 0.022296484901896438 0.017703541781859906 -0.020634111147754111 0.0077294797845329473 -0.010451161568130654 -0.025886098189749518 0.0055188180779071174 0.02837886110271802 0.00010645417688855997 -0.020577625002615618
leaf_weight=1.7103385197478918 0.44594800552476854 0.79365178592888597 1.3889081799284202 0.34349317334090246 1.8868602973270752 0.88044597097905253 1.3906269557774065 0.62397920523108052 2.6330479737789574 0.5500554025770733 1.9118515468362598 0.28246805063645331 0.44627931341528926 0.86528023693790634 0.30119087173989045 0.70938291549100441 182.56288497470814 1.5516089582124553 0.74126722105575016 1.2810918296272573 0.90497523831709159 0.5417747862466058 0.48461452971332553 47.985756104579195 24.927098002983257 0.98366314996746851 54.740407805693394 1.0426236409475667 959.44735812929594 2.154652855002495
leaf_count=1966 1933 3291 4496 562 298 27 5 1294 23980 508 224 211 3 5155 1666 3140 2731 4080 792 840 579 206 1088 543 546 6518 1412 474 99317 20990
internal_value=3.50369e-10 3.23091e-05 -1.24752e-05 6.83195e-05 0.0254527 4.65669e-06 -0.0136109 -0.0050481 -0.0131863 -0.027884 0.00793132 -0.020838 -0.00344062 -0.0174886 0.000100197 0.000136066 8.33046e-05 0.0139225 -0.00374482 0.03106 0.000133503 -0.0273844 -0.00164767 0.000100281 0.000420435 7.71805e-05 0.000344888 4.55579e-05 9.88909e-05 3.87786e-05
internal_weight=1296.51 1296.07 1294.36 1290.35 2.23035 1288.12 7.99001 7.10956 5.71893 3.1831 2.53583 4.00933 2.62042 2.33795 1280.13 1279.33 1275.46 3.87516 2.29288 1.58228 1274.75 1.89167 1.02639 1273.84 1091.28 1043.3 1018.37 963.628 962.645 961.602
internal_count=188875 186942 184976 173817 860 172957 26038 26011 26006 24488 1518 11159 6663 6452 146919 143628 136250 7378 4872 2506 133110 6449 1294 132531 129800 129257 128711 127299 120781 120307
is_linear=0
shrinkage=0.05


Tree=188
num_leaves=31
num_cat=0
split_feature=6 6 10 3 6 10 3 10 6 6 10 10 10 6 3 3 6 6 10 3 10 10 3 3 6 6 3 6 6 6
split_gain=0.549482 0.866298 0.825697 1.92503 0.823249 1.65985 1.5197 2.90304 0.67588 0.553427 1.59783 2.06313 1.97121 0.825077 5.6144 0.678487 0.540253 1.26261 1.40667 1.04846 3.27891 2.39798 1.08015 1.04703 1.94618 1.50348 1.34141 5.89739 1.55608 3.44448
threshold=5.4190740585327157 6.1512548923492441 0.011050061322748663 9.5000000000000018 5.0148561000823983 0.013793759513646366 26.500000000000004 0.011428944766521456 5.824183702468873 4.6214363574981698 0.01197647722437978 0.013072453904896976 0.010929288342595102 4.1475377082824716 48.500000000000007 9.5000000000000018 20.022215843200687 21.659376144409183 0.0093025267124176043 12.500000000000002 0.012385687325149776 0.014389234129339458 22.500000000000004 11.500000000000002 32.622304916381843 40.912498474121101 9.5000000000000018 35.798055648803718 35.244302749633796 33.850103378295906
decision_type=2 2 2 2 2 2 2 2 2 2 2 2 2 2 2 2 2 2 2 2 2 2 2 2 2 2 2 2 2 2
left_child=4 2 8 -4 9 6 -6 -8 -2 13 12 -12 -11 -1 -15 -13 -3 19 -19 21 22 -18 -21 24 -20 26 -26 28 29 -28
right_child=1 16 3 -5 5 -7 7 -9 -10 10 11 15 -14 14 -16 -17 17 18 23 20 -22 -23 -24 -25 25 -27 27 -29 -30 -31
leaf_value=-0.0020121701280248075 0.00035512107438672997 -0.0011890100077631793 0.015238590452257825 -0.0095328294761998708 -0.060737762519942284 0.0016583859988375379 -0.045382888239676442 0.032467577821708372 0.026507539841114782 0.0083219442948131144 0.038774653321007581 0.0089291133684022816 -0.053723175882936541 -0.060744153724686695 0.021713697710745678 -0.015184596154899655 0.037146061787635735 -0.042915974324759534 -0.01016310191967134 0.023098112073202184 -0.046792861025577413 0.0048551839923618775 0.0024047115881573747 0.0017837012238879632 0.0051026118918298374 -0.013598811144797197 0.022990484098683525 -0.052076972852563699 0.03493726672487836 -0.04782807992478514
leaf_weight=73.417109475581128 3.5686428039189177 493.1636511786528 14.590975135040937 14.833636602852492 1.9122479632496814 6.3454679457936436 1.3290833681821823 1.4884006958454847 7.2342601688578725 2.3846093776373922 4.2224419089034191 7.247858025133608 1.2982561411336062 3.0014499754470298 3.4799220307031646 3.5141469039954245 7.4148791718762395 0.8850868227891614 59.062101234216243 6.5940337437205008 2.1639959026942952 19.34457741305232 39.052980068838224 395.59327758435393 92.83194132888093 14.729461738606913 3.5285828206688148 4.5205839478658154 3.4068986494094133 1.7747369306161997
leaf_count=168829 47 7143 62 132 31 42 71 4 55 41 17 32 24 117 31 34 42 33 1429 63 179 162 456 7266 1521 676 46 210 28 52
internal_value=1.94199e-09 0.000314559 0.00743527 0.00284786 -0.00336985 -0.0157024 -0.0352183 -0.00652477 0.0186304 -0.00184032 0.00570977 0.0129876 -0.0203514 -0.00365308 -0.0194869 0.000433647 5.79076e-05 0.00100302 0.000205854 0.00707985 0.00253368 0.0148186 0.0058251 0.000346513 -0.002807 0.000843729 0.00295772 -0.0113926 0.012911 -0.00453666
internal_weight=1293.94 1184.29 40.2275 29.4246 109.641 11.0752 4.72973 2.81748 10.8029 98.5658 18.6673 14.9844 3.68287 79.8985 6.48137 10.762 1144.07 650.903 576.333 74.5705 47.811 26.7595 45.647 575.448 179.854 120.792 106.063 13.2308 8.71022 5.30332
internal_count=188875 19602 296 194 169273 148 106 75 102 169125 148 83 65 168977 148 66 19306 12163 11261 902 698 204 519 11228 3962 2533 1857 336 126 98
is_linear=0
shrinkage=0.05


Tree=189
num_leaves=31
num_cat=0
split_feature=6 3 3 6 6 6 3 6 6 6 6 6 6 6 6 10 10 6 6 3 6 6 6 3 6 6 6 6 6 6
split_gain=0.536383 0.991679 4.35118 6.35656 1.41438 0.890909 1.524 0.876282 1.07055 2.85456 1.459 1.12221 3.37094 1.0072 0.764234 1.67365 0.75268 1.09701 1.277 0.677953 0.860424 1.60512 0.66503 3.27776 0.723323 2.54306 0.979895 0.717657 1.55864 0.760901
threshold=20.022215843200687 5.5000000000000009 4.5000000000000009 20.594759941101078 20.829440116882328 19.662629127502445 44.500000000000007 42.13920974731446 36.820848464965827 36.183538436889656 37.290193557739265 33.850103378295906 33.15819168090821 31.649561882019047 24.167681694030765 0.015651676803827289 0.015651676803827289 35.798055648803718 34.912736892700202 2.5000000000000004 26.451423645019535 30.110941886901859 41.721260070800788 3.5000000000000004 38.594190597534187 39.118282318115241 38.06505203247071 39.328422546386726 40.033845901489265 40.264278411865241
decision_type=2 2 2 2 2 2 2 2 2 2 2 2 2 2 2 2 2 2 2 2 2 2 2 2 2 2 2 2 2 2
left_child=5 2 4 -4 -2 -1 -7 8 9 11 -10 12 13 14 -6 -16 -13 18 -18 -17 -21 -22 23 24 26 -26 -12 -27 -29 -30
right_child=1 -3 3 -5 7 6 -8 -9 10 -11 22 16 -14 -15 15 19 17 -19 -20 20 21 -23 -24 -25 25 27 -28 28 29 -31
leaf_value=-0.00085531061627980146 -0.042483249353208602 0.0017816769312598857 0.042589512239274048 -0.057043781078194078 0.0049770913645017434 -0.047013658202221947 0.005978004373899698 -0.02019457852271507 0.036570630193813868 -0.054094245586571825 -0.0026046974555726382 0.029407518474673301 -0.055675530366420457 0.014368409574369285 -0.047735179172632813 -0.012029616259930438 0.0067281661367738915 0.023293234497903381 -0.042528308252865174 0.028586195576643006 -0.040184483339180815 0.01700635671520994 0.031001558424372362 -0.050149600594790712 -0.050373239391164976 0.029436370521285244 0.031809920886147175 -0.038424411132279852 0.034445005383246345 -0.0001021474830625692
leaf_weight=640.43255905494698 0.93580196145921846 563.15677959454115 1.257067210972308 6.3834759328019572 12.251376095227899 1.7709877807646979 2.2707742750644684 3.698391471989452 3.4383421037346151 1.5119597688317288 3.0311365723610022 3.8059805510565621 1.8681491310708214 8.8658057199791056 1.6450654977525108 8.6695045538799587 2.9157853089272976 2.7115466580726206 1.1082857577130196 2.0294384881854048 1.0518176946643509 2.1273620603606105 1.1673107291571785 1.6803868002025399 1.0842503894746176 2.2953417189419252 4.6773525765165687 0.97049960261210788 1.44184960052371 4.57249372638762
leaf_count=176558 25 10259 2 378 128 133 21 156 29 56 33 47 68 122 89 174 60 28 53 15 48 23 20 95 42 15 27 45 12 114
internal_value=1.96444e-09 0.00101228 -0.00392079 -0.0376196 -0.0002575 -0.00102149 -0.0219609 0.000772377 0.00205975 -0.00210694 0.0104506 0.000544343 -0.00347332 0.000596701 -0.00414588 -0.0112115 0.0142502 0.00299112 -0.0126025 -0.00396465 0.00923457 -0.00700286 0.00468524 0.00171122 0.00890968 -1.43011e-05 0.0195322 0.0101971 0.000979984 0.0119099
internal_weight=1294.83 650.353 87.1958 7.64054 79.5552 644.474 4.04176 78.6194 74.921 50.5621 24.359 49.0501 38.5085 36.6404 27.7746 15.5232 10.5416 6.73562 4.02407 13.8781 5.20862 3.17918 20.9206 19.7533 18.0729 10.3644 7.70849 9.28018 6.98484 6.01434
internal_count=188875 12163 1904 380 1524 176712 154 1499 1343 911 432 855 667 599 477 349 188 141 113 260 86 71 403 383 288 228 60 186 171 126
is_linear=0
shrinkage=0.05


Tree=190
num_leaves=31
num_cat=0
split_feature=6 10 6 6 6 6 6 10 3 6 6 6 6 6 3 3 3 6 3 6 6 3 6 6 6 6 6 6 6 10
split_gain=0.512736 0.697624 1.77082 1.49902 2.85663 3.07911 2.54025 1.62927 1.48549 1.21618 4.88793 1.11901 2.84368 0.883375 2.36164 2.99488 2.16438 2.1227 2.24937 1.86859 6.10156 1.7462 3.86967 3.92604 2.14371 3.17362 3.27406 3.73732 1.26572 1.78119
threshold=19.061475753784183 0.015418956056237222 18.586188316345218 12.204383850097658 9.3855566978454608 8.8021216392517108 12.486545562744142 0.015651676803827289 5.5000000000000009 11.973258018493654 16.651162147521976 9.3855566978454608 4.1475377082824716 14.014347553253176 37.500000000000007 8.5000000000000018 34.500000000000007 14.561655044555666 43.500000000000007 15.906307220458986 17.427235603332523 28.500000000000004 18.361026763916019 14.846392631530763 14.846392631530763 18.853606224060062 17.719470977783207 16.36031532287598 18.586188316345218 0.0091326101683080214
decision_type=2 2 2 2 2 2 2 2 2 2 2 2 2 2 2 2 2 2 2 2 2 2 2 2 2 2 2 2 2 2
left_child=1 8 3 4 5 -3 -5 -6 9 11 -11 12 -1 -10 15 -15 21 -16 19 -19 -21 22 23 -17 -23 26 27 -26 29 -20
right_child=-2 2 -4 6 7 -7 -8 -9 13 10 -12 -13 -14 14 17 16 -18 18 28 20 -22 24 -24 -25 25 -27 -28 -29 -30 -31
leaf_value=0.034481526399602731 0.00095843673862180435 -0.0076739337929509367 -0.047586936967851511 0.039971327260680853 -0.062183012488613888 0.029926276397093377 -0.00079442674789789659 -0.016510758268681942 0.00035897168835949124 -0.055414054740640484 0.022685906359072191 0.038515077123737917 -0.02615194864890466 0.0070028628530057757 -0.043204690200452922 -0.055734894926160197 -0.052610492134938881 0.033352048254690875 0.015921455224337459 -0.042798428379552056 0.024107885587060979 0.031401068449640759 -0.056850383106473328 -0.0053875161786636891 -0.03723198939830593 0.036743094456507266 -0.060603735600294972 0.016649182001914328 0.016483288635195568 -0.018651527037948045
leaf_weight=3.0716369804576988 671.06009138674926 43.361205045544011 1.395941950380801 3.4927142462693181 2.2433283440768701 5.2153796097263685 25.331897873395064 7.9592989123775624 385.39077240666529 1.9405967104830768 5.2944103426998481 5.0121830683201551 2.7177049726014957 20.254110350739211 1.2547865500382602 3.4515228830277911 2.6683734099497078 9.2705638417974132 4.0876854900270763 3.7988759959407608 10.818543055094777 3.3381322575733092 4.6507200824926249 32.132175720471423 4.2285003717115632 2.3456903388723722 2.3892374029383054 7.4111883584409952 4.6495738616213194 14.223202314820808
leaf_count=26 12617 5823 41 10 24 30 292 89 167447 44 37 22 34 169 87 141 159 92 21 134 123 60 153 589 122 24 84 116 24 241
internal_value=-3.05593e-09 -0.0010316 -0.00510425 -0.00389786 -0.00843147 -0.00311481 0.0053198 -0.0312074 -0.000345069 0.013373 -0.0024476 0.0232793 0.00635865 -0.00084916 -0.0043799 -0.00945374 -0.0148033 0.00437555 0.00652625 0.0169592 0.00509276 -0.0122848 -0.0181366 -0.0116611 -4.2269e-05 -0.00789068 -0.0173019 -0.00432195 -0.00458293 -0.0105087
internal_weight=1294.46 623.4 88.9998 87.6038 58.7792 48.5766 28.8246 10.2026 534.4 18.0365 7.23501 10.8015 5.78934 516.364 130.973 82.8697 62.6155 48.1032 46.8484 23.888 14.6174 59.9472 40.2344 35.5837 19.7127 16.3746 14.0289 11.6397 22.9605 18.3109
internal_count=188875 176258 6309 6268 5966 5853 302 113 169949 163 81 82 60 169786 2339 1617 1448 722 635 349 257 1289 883 730 406 346 322 238 286 262
is_linear=0
shrinkage=0.05


Tree=191
num_leaves=31
num_cat=0
split_feature=7 4 7 7 6 10 4 7 3 7 4 4 6 4 7 4 6 4 10 6 6 6 10 3 10 3 6 3 3 3
split_gain=0.485306 0.485298 0.808189 0.791927 0.738454 0.706537 0.704038 0.9216 1.96479 1.00153 0.740246 1.45209 1.16354 0.697851 0.692584 0.614326 1.10634 0.930293 0.553214 0.477349 1.48166 1.14891 1.57383 0.933549 1.05865 0.929968 1.67755 1.26144 1.19753 0.764903
threshold=0.63366886973381054 7.5000000000000009 0.53642636537551891 0.53322264552116405 9.9389123916625994 0.011561079882085325 95.500000000000014 0.45409813523292547 13.500000000000002 0.44952273368835455 62.500000000000007 58.500000000000007 22.755928993225101 87.500000000000014 0.45982684195041662 27.500000000000004 44.996938705444343 26.500000000000004 0.011696306522935631 42.76966857910157 42.525291442871101 42.13920974731446 0.014578848611563446 15.500000000000002 0.014965224079787733 20.500000000000004 44.293878555297859 23.500000000000004 27.500000000000004 5.5000000000000009
decision_type=2 2 2 2 2 2 2 2 2 2 2 2 2 2 2 2 2 2 2 2 2 2 2 2 2 2 2 2 2 2
left_child=1 -1 3 6 18 -5 7 9 -9 -3 11 15 -12 -11 19 17 -17 -10 -4 20 21 -8 -23 24 -21 -25 27 -27 -28 -26
right_child=-2 2 4 5 -6 -7 14 8 10 13 12 -13 -14 -15 -16 16 -18 -19 -20 23 -22 22 -24 25 29 26 28 -29 -30 -31
leaf_value=0.021190649706899486 -0.029044894149146183 -0.021900180588666038 -0.0029834090112903469 -0.014846969762219626 0.0073784453251640866 0.03455923725281209 0.00019862401233152803 -0.059155056924168864 -0.02484412345538576 0.041936881424175024 -0.04436426809571295 0.041246005050195142 0.0082809093335533285 -0.014603365581406486 0.026593596616862131 -0.037084658403288923 0.01893100040934409 0.023141766199041208 -0.046429977529505333 -0.036700878232350069 0.01940809061381913 -0.046011007354445271 0.0078161560490618356 0.0069301335848277945 -0.014462750066182355 -0.00099908138356535675 -0.030874283056163129 -0.048775473281376436 0.0062513718366518133 0.020630360772549677
leaf_weight=1.7044225691188319 0.43659220759127393 0.50721005209925252 1.2738558275414105 0.33964128342722633 1.2927626844029871 1.8939361740449383 1211.5370372406651 1.2737694287206967 0.60104557636441325 1.2297172395628875 1.4480878325257447 0.95910484290152442 1.3718007879797367 0.17344723028872966 1.4658947610132589 1.8841750912379214 0.54885488748550404 1.8909364871433327 1.365436603461603 3.4556963895447534 9.0171884591691178 2.1127636916935435 1.9667776776477692 17.250289579853415 3.3740075745154172 2.2650362616404918 1.5706390826962877 2.7218618402257562 13.01765683875419 1.4162956257350741
leaf_count=1966 1933 2990 2653 562 19 298 134386 34 1294 840 13965 2088 17 419 1088 14175 1 224 8487 268 140 117 40 147 149 33 126 160 226 30
internal_value=-2.86762e-09 3.22943e-05 -1.20805e-05 6.53875e-05 -0.0202135 0.0247783 3.10333e-06 -0.0116243 -0.0175973 0.0148994 -0.00604639 0.00440039 -0.0232905 0.0317794 0.000120897 -0.00852529 -0.0226148 0.00776774 -0.0320422 6.94292e-05 0.00025719 9.9297e-05 -0.0236306 -0.00492706 -0.0191368 -0.00132339 -0.00857998 -0.030867 0.000530074 -0.00231614
internal_weight=1291.37 1290.93 1289.22 1285.29 3.93206 2.23358 1283.06 11.8881 9.97777 1.91037 8.70401 5.88412 2.81989 1.40316 1271.17 4.92501 2.43303 2.49198 2.63929 1269.71 1224.63 1215.62 4.07954 45.0715 8.246 36.8255 19.5752 4.9869 14.5883 4.7903
internal_count=188875 186942 184976 173817 11159 860 172957 36047 31798 4249 31764 17782 13982 1259 136910 15694 14176 1518 11140 135822 134683 134543 157 1139 447 692 545 193 352 179
is_linear=0
shrinkage=0.05


Tree=192
num_leaves=31
num_cat=0
split_feature=7 4 7 7 6 10 4 7 3 7 4 4 6 4 7 10 7 7 4 6 4 6 6 6 10 3 10 3 6 10
split_gain=0.475619 0.456493 0.769632 0.765074 0.6848 0.681708 0.64231 0.866472 2.05834 0.92204 0.771962 1.30623 1.12722 0.70727 0.658705 0.541397 0.639047 0.759069 0.513695 0.99488 0.856865 0.468319 1.53319 1.07568 1.43693 0.864391 0.880493 0.87631 1.63963 1.77285
threshold=0.63366886973381054 7.5000000000000009 0.53642636537551891 0.53322264552116405 9.9389123916625994 0.011561079882085325 95.500000000000014 0.45409813523292547 13.500000000000002 0.44952273368835455 62.500000000000007 58.500000000000007 22.755928993225101 87.500000000000014 0.45982684195041662 0.011696306522935631 0.5560242533683778 0.55700722336769115 27.500000000000004 44.996938705444343 26.500000000000004 42.76966857910157 42.525291442871101 42.13920974731446 0.014578848611563446 15.500000000000002 0.014965224079787733 20.500000000000004 45.290647506713874 0.010152545757591726
decision_type=2 2 2 2 2 2 2 2 2 2 2 2 2 2 2 2 2 2 2 2 2 2 2 2 2 2 2 2 2 2
left_child=1 -1 3 6 15 -5 7 9 -9 -3 11 18 -12 -11 21 16 -4 -18 20 -20 -10 22 23 -8 -25 26 -23 -27 29 -29
right_child=-2 2 4 5 -6 -7 14 8 10 13 12 -13 -14 -15 -16 -17 17 -19 19 -21 -22 25 -24 24 -26 27 -28 28 -30 -31
leaf_value=0.020619584195489621 -0.028865835059562292 -0.02106181040852002 -0.022928509713319847 -0.014662495257543316 0.0068040312541168442 0.03392789027662705 0.00018448656743568539 -0.059287072345165392 -0.023963166072359557 0.041395041308692065 -0.043940863136294223 0.040617520863869459 0.0081835908161831047 -0.014979650733391331 0.026095522550157429 -0.045884749427705145 0.043722314045091706 -0.014838057583781589 -0.034521144094859534 0.018671706050088745 0.022412444880302557 -0.03525697758855998 0.019746586872269049 -0.044890595109162983 0.0070646166526396777 0.006568842035500737 -0.0032814575544668268 0.018064347335192736 0.011839516795646777 -0.025486122491468095
leaf_weight=1.6869080434717023 0.4254481447269417 0.4859841901316021 0.72058882857982076 0.33470722364745542 1.2929229972651226 1.8974649685405891 1211.5062968117791 1.28722409531474 0.57567754179035557 1.1986901698110157 1.3930545838452428 0.93396756994616215 1.3629179866984484 0.17856547544943158 1.43487509606848 1.3086763447035989 0.21076415991046815 0.33439951112814015 1.7839176145130298 0.53824031352996815 1.8724049064549009 3.2803160888142866 9.0011995946988446 2.028302397113293 1.9541727304458616 17.238207693211734 4.7945616932120174 2.1259589139372137 6.0421023683156809 11.326438134070484
leaf_count=1966 1933 2990 2103 562 19 298 134386 34 1294 840 13965 2088 17 419 1088 8487 59 491 14175 1 224 268 140 117 40 147 179 19 108 418
internal_value=-2.57009e-09 3.18662e-05 -1.10587e-05 6.40845e-05 -0.0198558 0.0243597 2.84469e-06 -0.0112259 -0.0170859 0.0146906 -0.00507663 0.00563675 -0.0228478 0.0308593 0.000114188 -0.0314025 -0.00278628 0.021446 -0.00706436 -0.0202827 0.00772006 6.42977e-05 0.000249785 8.92889e-05 -0.0230954 -0.00489944 -0.0187248 -0.00144452 -0.00850519 -0.0178299
internal_weight=1290.55 1290.13 1288.44 1284.58 3.86735 2.23217 1282.34 11.6106 9.7474 1.86324 8.46018 5.70421 2.75597 1.37726 1270.73 2.57443 1.26575 0.545164 4.77024 2.32216 2.44808 1269.3 1224.49 1215.49 3.98248 44.8076 8.07488 36.7327 19.4945 13.4524
internal_count=188875 186942 184976 173817 11159 860 172957 36047 31798 4249 31764 17782 13982 1259 136910 11140 2653 550 15694 14176 1518 135822 134683 134543 157 1139 447 692 545 437
is_linear=0
shrinkage=0.05


Tree=193
num_leaves=31
num_cat=0
split_feature=6 6 11 6 6 3 10 10 10 3 3 6 6 10 3 10 10 3 3 6 10 3 10 6 6 6 10 6 6 10
split_gain=0.471692 2.29194 1.28386 1.07245 2.04716 0.743906 0.853845 3.1862 1.0241 1.28646 1.36857 2.52267 1.36547 0.746938 0.668984 1.80885 0.609162 2.65814 0.830751 1.49727 3.73172 2.34271 2.01437 1.35889 2.22416 1.85223 1.72294 0.780187 3.29697 1.70092
threshold=29.190890312194828 28.94754791259766 1.0000000180025095e-35 30.485410690307621 30.903332710266117 35.500000000000007 0.010582306887954475 0.011696306522935631 0.012270400300621988 15.500000000000002 10.500000000000002 29.726751327514652 29.424094200134281 0.010256679728627207 3.5000000000000004 0.014718532562255861 0.010256679728627207 34.500000000000007 29.500000000000004 44.676586151123054 0.012739370577037336 16.500000000000004 0.016159754246473316 39.328422546386726 40.033845901489265 44.856470108032234 0.010811126790940763 33.566234588623054 33.15819168090821 0.012739370577037336
decision_type=2 2 2 2 2 2 2 2 2 2 2 2 2 2 2 2 2 2 2 2 2 2 2 2 2 2 2 2 2 2
left_child=1 -1 -3 5 -5 6 -2 -8 -9 10 11 -10 -12 -7 -13 -16 -6 18 19 27 -21 22 -22 -20 -25 26 -26 28 29 -18
right_child=3 2 -4 4 16 13 7 8 9 -11 12 14 -14 -15 15 -17 17 -19 23 20 21 -23 -24 24 25 -27 -28 -29 -30 -31
leaf_value=-0.00044842067919091444 0.03206711037836539 -0.053464719955941535 -0.0016614680752665555 -0.038505520778212426 0.011541102837190315 0.004487490828437881 -0.047755838098403822 0.034140620973067942 -0.045082615720029202 -0.010310572946848161 0.03760570206668977 0.023392589126861624 0.0076678832241557707 -0.027771877203904911 0.016731460773099945 -0.042832366016607559 -0.041505920038744502 -0.048015791911540352 -0.023977496012503274 -0.057978148457194172 -0.048591893241682581 0.022982492983363342 0.0092816779333125734 0.037866320811440257 -0.046434198562817559 0.025607953749604014 0.0013058922339270244 0.0019033177119966154 -0.039908718288064651 0.0027567398447538639
leaf_weight=883.2104201989473 3.434797652065753 2.1911467420868567 2.0188351992983371 2.3368746407795689 11.824830298544837 4.7916030422784379 1.41954188607633 3.5837680213153353 1.5813496437185728 6.5774086788296691 6.6554520633071652 3.9339106045663357 8.8987110555171949 1.6749854490044525 2.8360136048868303 0.91629757429473091 1.3055734871886659 1.8074431605637062 1.7007425269112015 2.8177104745991519 2.2086861280258727 4.7455733167007565 2.3242990942671895 5.7121898550540235 1.5093681686557809 4.4864640822634092 7.447667330969125 265.19898614753401 4.9482736815698436 36.035870735067874
leaf_count=180874 18 106 40 154 198 83 50 13 104 63 27 48 63 35 26 55 71 100 38 154 207 28 17 20 78 55 165 5157 153 675
internal_value=-1.75656e-09 -0.000643983 -0.0337102 0.00141715 0.000476929 0.00849119 0.0110185 0.00822819 0.011764 0.00823506 0.0133584 -0.00183632 0.0219758 -0.00646876 0.0112269 -0.00376605 0.000841931 0.000439725 0.000836854 0.000191273 -0.0163678 0.00067972 -0.0226028 0.0102678 0.014347 0.00242381 -0.0105944 0.000893636 -0.00533579 0.000167008
internal_weight=1290.13 887.42 4.20998 402.714 356.411 46.3038 39.8373 36.4025 34.9829 31.3991 24.8217 9.26757 15.5542 6.46659 7.68622 3.75231 354.074 342.249 340.441 319.585 12.0963 9.27856 4.53299 20.8564 19.1557 13.4435 8.95704 307.489 42.2897 37.3414
internal_count=188875 181020 146 7855 7270 585 467 449 399 386 323 233 90 118 129 81 7116 6918 6818 6462 406 252 224 356 318 298 243 6056 899 746
is_linear=0
shrinkage=0.05


Tree=194
num_leaves=31
num_cat=0
split_feature=7 5 4 7 10 4 4 7 3 7 7 4 4 6 7 6 7 7 7 7 6 6 3 6 10 6 6 3 10 3
split_gain=0.466462 0.446685 0.42485 0.649262 0.416446 0.593589 1.01462 1.26686 1.57693 0.711617 0.613958 0.562804 1.22734 1.03287 0.990482 1.06959 0.7098 1.09843 0.701796 0.590473 0.447865 1.63211 1.04126 1.00182 1.55389 0.71184 1.89164 3.38618 1.52012 1.00399
threshold=0.63366886973381054 6.5000000000000009 7.5000000000000009 0.5846354365348817 0.029637762345373634 95.500000000000014 87.500000000000014 0.45409813523292547 12.500000000000002 0.44952273368835455 0.45982684195041662 62.500000000000007 58.500000000000007 22.755928993225101 0.53085750341415416 44.996938705444343 0.53642636537551891 0.5560242533683778 0.55700722336769115 0.58296939730644237 42.76966857910157 42.525291442871101 15.500000000000002 41.721260070800788 0.014578848611563446 38.06505203247071 37.290193557739265 26.500000000000004 0.014965224079787733 2.5000000000000004
decision_type=2 2 2 2 2 2 2 2 2 2 2 2 2 2 2 2 2 2 2 2 2 2 2 2 2 2 2 2 2 2
left_child=1 -1 -3 4 5 6 7 9 -9 -4 20 12 14 -13 15 -10 -16 -18 -19 -20 21 23 -22 25 -25 26 -7 28 -28 -27
right_child=-2 2 3 -5 -6 10 -8 8 11 -11 -12 13 -14 -15 16 -17 17 18 19 -21 22 -23 -24 24 -26 29 27 -29 -30 -31
leaf_value=-0.025051516715116542 -0.028690281117663932 0.019978700855983956 -0.013652826228196101 -0.032661809453200706 0.022971069549099846 3.7275223685774593e-05 -0.044201140304851047 -0.050273992252542733 -0.038260374817108402 0.04079567248804656 0.025455425295162839 -0.042379789400003413 0.039151504574935748 0.0085437070817310033 0.018193115526492831 0.01738956190713457 -0.034723965153023124 0.041781709610914458 -0.02580359613581637 0.017848753768864665 -0.019939144398874613 0.020287835488043044 -0.00095150872556469871 -0.033898324084078252 0.0068731915784757307 0.016928610818002131 -0.050773827660250008 0.0316255619812554 -0.0088644340804635482 0.0022497427642154439
leaf_weight=0.77250436360736685 0.41517537814070138 1.6730751049035451 0.27439895670795422 0.51745614302490039 0.98086684290319581 1066.828854623433 0.86569327610550217 1.083675387315451 2.131311703965816 1.1675816716960978 1.3927688317594391 1.1500200425052782 0.92342285235372301 1.3392042198684064 3.8880732525758503 0.52994707133620966 1.2175108841965996 0.24380932574058523 0.66751903443400784 0.51557972884165792 8.0654166745953244 9.1127487141638976 36.030568865593523 4.322163783479481 3.6602869564667344 11.998808389129406 4.3764226133935136 1.7372978525236238 4.4799706004559994 117.41035570578606
leaf_count=3294 1933 1966 1666 2358 6 128153 4376 29 15054 840 1088 11337 2097 18 1494 2 4488 210 3904 184 447 140 692 226 79 168 212 19 63 2332
internal_value=2.05923e-10 3.14657e-05 6.59173e-05 2.45369e-05 6.30454e-05 2.77218e-05 -0.00925408 -0.00463876 -0.00992926 0.0290866 0.000151887 -0.00302114 0.00270078 -0.0203862 -0.00444192 -0.0254557 0.0063618 -0.0112526 0.0148303 -0.00731839 0.000104057 0.000284133 -0.0047896 0.000117515 -0.016519 0.000241142 -0.000180992 -0.0202688 -0.0326243 0.00373014
internal_weight=1289.77 1289.36 1288.58 1286.91 1286.39 1285.41 15.9977 15.1321 13.6901 1.44198 1269.42 12.6064 10.1172 2.48922 9.19375 2.66126 6.53249 2.64442 1.42691 1.1831 1268.02 1223.93 44.096 1214.81 7.98245 1206.83 1077.42 10.5937 8.85639 129.409
internal_count=188875 186942 183648 181682 179324 179318 45699 41323 38817 2506 133619 38788 27433 11355 25336 15056 10280 8786 4298 4088 132531 131392 1139 131252 305 130947 128447 294 275 2500
is_linear=0
shrinkage=0.05


Tree=195
num_leaves=31
num_cat=0
split_feature=4 4 7 4 7 4 7 7 7 7 7 10 3 10 7 4 10 5 10 3 3 10 10 3 10 3 10 3 3 10
split_gain=0.581684 1.109 2.00196 1.06034 0.971303 0.939748 0.860158 0.73418 0.798965 0.674231 0.58367 0.5705 1.27288 0.537817 0.580392 0.43672 0.53584 0.426262 0.291277 0.474411 0.470593 0.753779 0.439632 0.827746 0.875738 1.13982 1.28497 0.97663 0.945505 0.666983
threshold=95.500000000000014 62.500000000000007 0.45409813523292547 58.500000000000007 0.52635166049003612 87.500000000000014 0.53642636537551891 0.5560242533683778 0.55700722336769115 0.44952273368835455 0.45982684195041662 0.019843111746013168 27.500000000000004 0.024016422219574455 0.63366886973381054 9.5000000000000018 0.024295845068991188 6.5000000000000009 0.009569597430527212 37.500000000000007 33.500000000000007 0.010471491608768703 0.010929288342595102 27.500000000000004 0.012270400300621988 14.500000000000002 0.013245614245533945 13.500000000000002 16.500000000000004 0.011173533275723459
decision_type=2 2 2 2 2 2 2 2 2 2 2 2 2 2 2 2 2 2 2 2 2 2 2 2 2 2 2 2 2 2
left_child=1 3 5 4 -1 9 -6 -8 -9 -3 17 12 -4 -10 15 -15 -17 -2 -19 20 22 -22 -20 24 -24 27 28 -26 -27 -25
right_child=10 2 11 -5 6 -7 7 8 13 -11 -12 -13 -14 14 -16 16 -18 18 19 -21 21 -23 23 29 25 26 -28 -29 -30 -31
leaf_value=-0.027054997000975547 -0.024571916161247823 -0.013080357253173004 0.014516182035043779 0.03391012832203915 0.016627399653268839 -0.023534141325065053 -0.033736117274392761 0.036062020239925434 -0.027954569448539315 0.040832213417943908 0.024952588578823369 -0.063535540059870388 -0.040723594839576084 0.023122240181456973 -0.026210710853927552 0.014781097987062678 -0.028559437063783267 -0.002536764985825642 0.004810606474307629 0.0031357647059668567 0.00052892161433248832 -0.010018182066308589 0.0037549686629077131 -0.00082386144435715096 0.00018909913686887526 0.0053326572356100933 -0.015697802779711407 0.0079063705003685116 -0.0042366445943117503 -0.010256007882428871
leaf_weight=2.7433752129045397 0.74990443146634689 0.25900551238737524 1.2196677317842848 0.97646629319342615 4.6634161385513817 0.40063967595960903 1.1784271287292538 0.30876464191351249 1.0254070273058458 1.1269509447665766 1.3647491675496883 1.2572801642236298 1.2503524687472234 1.9409985158272325 0.27449249662458886 0.547163654879114 0.42619151413782674 94.243983755509817 49.32996968070438 133.22902822316246 39.147104890424089 28.736298929576151 162.00547590401766 42.933828399851336 468.32773025872302 31.721376679794048 19.150154062692309 43.934924948611297 122.50810148604069 32.530840614468616
leaf_count=13913 3291 1562 8 2188 2770 1743 4510 215 9880 744 1088 94 13900 139 145 10 144 88896 1082 23508 1084 1091 3255 1085 7079 546 557 542 2715 1091
internal_value=2.90789e-10 -0.00833496 -0.0253952 -0.000415426 -0.00519475 0.0134275 0.0024627 -0.00987544 0.00132391 0.0294976 0.000135091 -0.042908 -0.0171242 -0.00764917 0.00399505 0.0128093 -0.00905182 8.87577e-05 0.000122699 0.000338249 -2.2681e-05 -0.00401648 0.000259954 1.18308e-05 0.000460758 -0.000321943 -0.00381398 0.000865096 -0.00224679 -0.00497077
internal_weight=1289.51 19.5986 5.5139 14.0847 13.1082 1.7866 10.3649 5.70144 4.52302 1.38596 1269.91 3.7273 2.47002 4.21425 3.18885 2.91435 0.973355 1268.55 1267.8 1173.55 1040.33 67.8834 972.442 923.112 847.648 685.642 173.38 512.263 154.229 75.4647
internal_count=188875 51965 18051 33914 31726 4049 17813 15043 10533 2306 136910 14002 13908 10318 438 293 154 135822 132531 43635 20127 2175 17952 16870 14694 11439 3818 7621 3261 2176
is_linear=0
shrinkage=0.05


Tree=196
num_leaves=31
num_cat=0
split_feature=4 4 6 10 3 4 6 4 5 10 10 4 4 6 6 6 6 6 6 6 3 10 3 6 10 3 4 6 3 10
split_gain=0.62023 0.947448 1.53804 1.23773 0.841001 0.626192 0.702008 0.811738 0.568136 0.522949 1.93707 0.517555 0.475449 0.42295 1.11842 0.898221 0.854596 0.648066 0.459597 0.677927 1.2309 0.540983 0.694779 0.507122 1.65094 0.661224 0.456533 0.451169 2.26209 1.50754
threshold=95.500000000000014 29.500000000000004 36.494224548339851 0.0082305916585028189 5.5000000000000009 25.500000000000004 9.9389123916625994 6.5000000000000009 7.5000000000000009 0.022073076106607917 0.021353199146687988 62.500000000000007 86.500000000000014 0.70710679888725292 0.74124696850776683 0.29025129973888403 0.229654535651207 0.894496649503708 0.92583191394805919 1.9933357834815981 5.5000000000000009 0.0076046728063374766 127.50000000000001 2.5422707796096806 0.016159754246473316 14.500000000000002 99.500000000000014 3.2873064279556279 12.500000000000002 0.012739370577037336
decision_type=2 2 2 2 2 2 2 2 2 2 2 2 2 2 2 2 2 2 2 2 2 2 2 2 2 2 2 2 2 2
left_child=1 5 3 11 -5 6 7 -1 -6 10 -10 -3 -13 15 -15 16 -2 -16 21 20 -20 22 -19 24 25 -21 -25 28 -28 -30
right_child=13 2 -4 4 8 -7 -8 -9 9 -11 -12 12 -14 14 17 -17 -18 18 19 23 -22 -23 -24 26 -26 -27 27 -29 29 -31
leaf_value=0.0036940753508131054 -0.0086800850930307642 0.038513860046086069 0.015602477157072229 0.011277595616974308 0.0019502490330342796 0.013189264565542914 0.012345179143346584 -0.041203085086499447 -0.04139859179404988 -0.06457960084508356 0.021162823087378595 -0.021699374333706237 0.018650175802760571 0.031550922600013388 -0.027513784605184274 -0.018807465716758152 0.018520548131646809 0.045194807653618219 0.0025141724908210247 0.028121739631838706 -0.039500163845071518 -0.013378042911849171 -0.011558462921599819 0.022530204243576695 -0.034502190575721417 -0.015381711435872074 -0.049131622474781977 0.00023482823171086035 -0.035171032368452246 0.01525813320502745
leaf_weight=1.5186154205402997 6.014182299168171 0.043503164869889033 1.9302207818254826 0.48063213285058726 0.65767367712032854 5.2181899951538089 1.5327166598290203 1.3084878447043595 2.9046882682096116 1.7726544273627949 1.0774781032596363 0.74374798382541429 0.30907694360985161 1.8475856451623247 1.1090560613538389 7.9432746384395605 3.9362238433895982 0.89010198420146369 3.8847313156584269 5.150598098000045 2.0075549287739705 0.27580077616585175 0.28202008923108224 1.2833503363654006 0.59946214762749139 0.37204468513937161 1.7316043263563168 1225.8698531593254 0.91989666345762078 5.632256887271069
leaf_count=3280 29438 540 17 5 133 2188 19 10376 17468 120 63 12898 4858 1373 9621 52829 729 913 31 26 20094 340 604 6 18 412 34 20179 217 46
internal_value=1.44204e-09 -0.00862818 -0.0187116 -0.0278152 -0.0350697 0.00259664 -0.0101768 -0.0224224 -0.0395963 -0.0439301 -0.0236209 0.0127679 -0.00653915 0.000139177 0.000251044 -0.00728616 0.00278874 0.000179598 0.000226183 0.000183563 -0.0154546 0.0218703 0.0325049 0.000270158 0.0135741 0.0232821 0.000193306 0.000151857 -0.0108293 0.00445848
internal_weight=1289.25 19.4977 9.91968 7.98945 6.89313 9.57801 4.35982 2.8271 6.41249 5.75482 3.98217 1.09633 1.05282 1269.75 1251.86 17.8937 9.95041 1250.01 1248.9 1247.45 5.89229 1.44792 1.17212 1241.56 6.1221 5.52264 1235.44 1234.15 8.28376 6.55215
internal_count=188875 51965 36102 36085 17789 15863 13675 13656 17784 17651 17531 18296 17756 136910 53914 82996 30167 52541 42920 41063 20125 1857 1517 20938 456 438 20482 20476 297 263
is_linear=0
shrinkage=0.05


Tree=197
num_leaves=31
num_cat=0
split_feature=4 4 7 4 6 4 7 6 7 7 7 6 4 7 7 7 5 6 6 3 6 10 6 3 3 3 6 6 10 6
split_gain=0.583133 1.63618 1.09796 1.08614 1.2914 1.02925 0.869799 1.08483 0.82582 0.697581 0.875418 0.659606 0.740881 0.731591 0.620143 0.534683 0.40149 0.400797 1.4992 1.04964 0.932276 1.18903 0.681688 1.25656 2.19429 0.862876 1.62919 4.76878 0.519311 1.04884
threshold=95.500000000000014 87.500000000000014 0.45409813523292547 62.500000000000007 22.755928993225101 58.500000000000007 0.52635166049003612 44.996938705444343 0.53642636537551891 0.5560242533683778 0.55700722336769115 9.9389123916625994 6.5000000000000009 0.63366886973381054 0.44952273368835455 0.45982684195041662 6.5000000000000009 42.76966857910157 42.525291442871101 15.500000000000002 42.13920974731446 0.014578848611563446 45.290647506713874 38.500000000000007 20.500000000000004 18.500000000000004 43.633155822753913 44.856470108032234 0.014965224079787733 45.290647506713874
decision_type=2 2 2 2 2 2 2 2 2 2 2 2 2 2 2 2 2 2 2 2 2 2 2 2 2 2 2 2 2 2
left_child=1 2 14 5 -5 6 7 -4 -8 -10 -11 12 13 -12 -1 16 -2 18 20 28 -18 -22 23 24 25 26 -21 -28 -19 -30
right_child=15 -3 3 4 -6 -7 8 -9 9 10 11 -13 -14 -15 -16 -17 17 19 -20 22 21 -23 -24 -25 -26 -27 27 -29 29 -31
leaf_value=-0.012385392705209056 -0.024025262820887617 -0.049541129840726388 -0.038936605010517315 -0.052181058807642379 0.0045617486648846326 0.03343018584293584 0.015747579683658045 0.01727781606016909 -0.03370310193267561 0.037193564714765801 0.020404078270703549 0.012998741734131175 -0.040026255832668757 -0.026782415239277543 0.039921994782952434 0.024155476664426228 0.00022150974864660434 -0.033201032108670675 0.019487205315738672 0.016716957114106291 -0.042574367373088978 0.0056213219317152209 0.010790159112618278 0.024468293878760074 -0.024135346621116716 0.016949038687437117 -0.065461438989955656 0.022970511878145604 0.0052938206416248256 -0.039779480528948613
leaf_weight=0.25023145989690121 0.72355421326937985 1.1654052715525711 2.1711782214661137 1.5188460455292401 1.4198122366797177 0.93824397389471315 4.6531888914601023 0.52571447938680638 1.1499171999644202 0.30893899958937243 1.1839439661271205 1.4909480046480892 1.1405292697563676 0.32732491407205078 1.0959988687300208 1.3124208209082997 1209.8494175267142 3.099250227911396 9.090588756836949 3.4936349615454727 1.8537593423388892 1.9473637808114288 8.7068570996634644 2.3615563390776506 10.784096766728906 6.5102620609104633 2.1209652535617352 2.2332539912313223 4.188660238403827 0.75618276698514808
leaf_count=1666 3291 4376 13800 11348 21 2099 2770 2 4510 215 1462 14 7044 1798 840 1088 131095 268 140 23 117 40 133 19 418 48 33 18 149 30
internal_value=-8.46615e-10 -0.00839897 -0.00331477 -0.00738993 -0.0305681 -0.000762566 -0.00545815 -0.0262691 0.00186263 -0.0103097 0.000806782 -0.00861131 -0.0209938 0.00358878 0.0290644 0.000134513 9.06253e-05 0.000123334 0.000294117 -0.00449757 0.00013443 -0.0218551 -0.000673059 -0.0045532 -0.00811083 0.0047127 -0.00620642 -0.0242862 -0.0197357 -0.00713092
internal_weight=1288.37 19.3402 18.1748 16.8286 2.93866 13.8899 12.9517 2.69689 10.2548 5.6016 4.45169 4.14275 2.6518 1.51127 1.34623 1269.03 1267.72 1267 1222.74 44.2547 1213.65 3.80112 36.2106 27.5038 25.1422 14.3581 7.84785 4.35422 8.04409 4.94484
internal_count=188875 51965 47589 45083 11369 33714 31615 13802 17813 15043 10533 10318 10304 3260 2506 136910 135822 132531 131392 1139 131252 157 692 559 540 122 74 51 447 179
is_linear=0
shrinkage=0.05


Tree=198
num_leaves=31
num_cat=0
split_feature=4 7 6 10 3 7 6 6 10 7 7 6 4 7 7 4 7 10 10 3 6 6 6 6 10 6 6 6 3 6
split_gain=0.883129 1.11119 1.5616 1.56123 1.00471 0.805852 0.740275 1.16246 0.975247 0.656645 0.908042 0.652775 0.727045 0.709618 0.503357 0.473337 0.571716 0.387669 0.407294 0.453138 0.708507 1.23548 0.758776 1.49761 0.979457 1.29649 0.669699 0.627455 0.514551 0.501718
threshold=95.500000000000014 0.52635166049003612 36.494224548339851 0.0082305916585028189 3.5000000000000004 0.53642636537551891 7.7992205619812021 7.5765991210937509 0.018893036991357807 0.5560242533683778 0.55700722336769115 9.9389123916625994 6.5000000000000009 0.63366886973381054 0.45982684195041662 62.500000000000007 0.45022207498550421 0.023384617641568187 0.022421040572226051 49.500000000000007 0.41625617444515234 14.561655044555666 6.504176378250123 5.4190740585327157 0.0076046728063374766 0.73574799299240123 0.92583191394805919 0.229654535651207 98.500000000000014 0.56629496812820446
decision_type=2 2 2 2 2 2 2 2 2 2 2 2 2 2 2 2 2 2 2 2 2 2 2 2 2 2 2 2 2 2
left_child=1 2 3 15 -5 -3 7 -6 -8 -7 -11 12 13 -12 17 -1 -17 18 19 29 27 22 23 24 25 -22 -27 -21 -29 -2
right_child=14 5 -4 4 6 9 8 -9 -10 10 11 -13 -14 -15 -16 16 -18 -19 -20 20 21 -23 -24 -25 -26 26 -28 28 -30 -31
leaf_value=0.038650564236894842 -0.025439339205797773 0.014959637745753821 0.013179315585817947 0.01227354559737524 -0.032279086128143009 -0.033633643687538989 -0.0065095128990800668 0.02171789597542732 -0.071745779611280466 0.037110745171721859 0.019809955615059077 0.012295307577903624 -0.040523870763593435 -0.026743343514366399 0.023619760734352804 0.022601147750762246 -0.021975388771837356 -0.025020949435757944 0.016539651152787882 -0.0079992474587511318 -0.031120235300164667 0.0072791673433769757 -0.048094032457742825 0.02360805782549788 -0.047105748364935807 0.023510717970179677 -0.018004953508258949 -0.016362228924162885 0.018721068765944444 0.00028195073637949286
leaf_weight=0.046925389683564744 0.89888783383139426 4.6800846253404398 1.9335468076169489 0.43707219511270512 1.8904775061937473 1.1243987910588655 0.94905393390217829 0.68434253893792618 2.3793813455267809 0.31897529182970163 1.1727812968329083 1.4871531515382228 1.1334342195250433 0.32150478643598046 1.2836503174016787 0.24361773171131262 0.75948341478988368 0.53103215611190435 2.7813304766896172 5.8620127953372521 2.0469895356422949 4.387626016046851 1.5267224580456966 1.3513555461540816 1.7657383224577641 2.2842453706634847 0.54002099230365264 0.46231625393920683 5.0496844352273911 1238.452224430268
leaf_count=537 716 2795 20 4 15732 4516 37 3 44 215 1462 14 7044 1798 1088 3007 14737 70 18 28355 42737 32 120 27 11539 9918 11911 797 3679 25903
internal_value=-2.83676e-09 -0.0102792 -0.0218579 -0.031503 -0.0400837 0.00127202 -0.0451766 -0.015867 -0.058946 -0.0107767 0.000142569 -0.00941831 -0.0217089 0.00308755 0.000166396 0.0145882 -0.0052709 0.000124057 0.00015431 0.000105234 -0.0063924 -0.0135821 -0.0229792 -0.0133626 -0.0229957 -0.0077217 0.0129402 0.00278316 0.0137177 0.000242801
internal_weight=1288.79 19.5622 9.3239 7.39035 6.34033 10.2383 5.90326 2.57482 3.32844 5.55825 4.43385 4.11487 2.62772 1.49429 1269.22 1.05003 1.0031 1267.94 1267.41 1264.63 25.2767 13.9027 9.51507 7.98835 6.63699 4.87126 2.82427 11.374 5.512 1239.35
internal_count=188875 51965 34121 34101 15820 17844 15816 15735 81 15049 10533 10318 10304 3260 136910 18281 17744 135822 135752 135734 109115 76284 76252 76132 76105 64566 21829 32831 4476 26619
is_linear=0
shrinkage=0.05


Tree=199
num_leaves=31
num_cat=0
split_feature=4 4 7 4 6 4 7 7 6 6 6 5 6 4 6 6 6 3 6 3 3 6 3 3 6 6 3 10 3 3
split_gain=0.507392 2.03985 0.999669 1.0807 1.30957 0.928855 0.576228 0.48071 0.443472 0.990684 0.377917 0.369964 0.365289 0.41659 0.83539 0.345991 1.47496 1.27556 0.853002 1.09056 0.810497 1.60832 1.07904 1.06408 0.51853 1.53772 3.24373 1.45645 1.53504 2.19653
threshold=95.500000000000014 87.500000000000014 0.45409813523292547 62.500000000000007 22.755928993225101 58.500000000000007 0.44952273368835455 0.45982684195041662 9.9389123916625994 5.4190740585327157 8.4790754318237322 6.5000000000000009 11.018282413482668 9.5000000000000018 44.996938705444343 42.76966857910157 42.525291442871101 15.500000000000002 42.13920974731446 8.5000000000000018 20.500000000000004 44.293878555297859 27.500000000000004 23.500000000000004 38.06505203247071 37.290193557739265 26.500000000000004 0.010811126790940763 30.500000000000004 22.500000000000004
decision_type=2 2 2 2 2 2 2 2 2 2 2 2 2 2 2 2 2 2 2 2 2 2 2 2 2 2 2 2 2 2
left_child=1 2 6 5 -5 8 -1 11 9 -4 -7 -2 -10 -14 -15 16 18 -17 24 -20 -19 23 -23 -22 25 -13 -27 -26 29 -29
right_child=7 -3 3 4 -6 10 -8 -9 12 -11 -12 15 13 14 -16 17 -18 20 19 -21 21 22 -24 -25 27 26 -28 28 -30 -31
leaf_value=-0.01168391667322133 -0.023278259851940663 -0.052137422506829983 -0.0013787449420158673 -0.051602941908961912 0.0055742394489205968 0.040760535126468676 0.039557392259843935 0.023155308927456254 0.025671944655509007 -0.040034887141630206 -0.0086384591313744871 2.689595666975706e-05 0.016018864939666734 -0.036185373522200602 0.016902425841856805 -0.020739531111486013 0.019303660539891895 0.0077123718940700255 0.0051494475772210242 -0.041425401911627587 -0.00087864067026437512 -0.028773920807320504 0.0071145673616123846 -0.046496452170176512 -0.03957094651511095 -0.031067730840468662 0.030982007148729031 0.0051519399552629056 0.022542430074121156 -0.012493950933204739
leaf_weight=0.23998136802948167 0.69253241910155239 1.3079280855822606 8.4513829674811003 1.449704443181868 1.3958912724629042 0.78824489467933645 1.0564206767794528 1.2616046732164239 1.0116578964516514 1.0858483033953223 0.11104847199749202 1066.5997181640651 0.74610256310552348 0.74154664046363883 0.51103455387055874 8.2508773368317616 9.0973687577061337 17.152262676507235 1.9434713087975972 1.7678302242420612 2.0744995931163457 1.4684304874390353 12.929902355186639 2.5034171096049249 0.97585539426654477 8.598477900028227 1.8326268168166269 103.34934479134972 9.0419640028849226 20.24428702304067
leaf_count=1666 3291 4376 31533 11348 21 2094 840 1088 4 23 5 128153 4 49 2 447 140 147 40 117 33 126 226 160 47 275 19 1965 65 571
internal_value=-2.06647e-09 -0.00792276 -0.00200702 -0.00602384 -0.029399 0.000615338 0.0291146 0.000124045 -0.00401565 -0.00916159 0.033324 8.29184e-05 0.0105067 -0.00317065 -0.016638 0.000114015 0.000272814 -0.00417328 0.000114478 -0.0211197 6.67401e-05 -0.00688413 0.0018235 -0.0296881 0.000196949 -0.000168574 -0.0184096 0.00312277 0.00373064 0.00218451
internal_weight=1288.68 18.8968 17.5889 16.2925 2.8456 13.4469 1.2964 1269.78 12.5476 9.53723 0.899293 1268.52 3.01034 1.99868 1.25258 1267.83 1223.45 44.3794 1214.35 3.7113 36.1285 18.9762 14.3983 4.57792 1210.64 1077.03 10.4311 133.611 132.636 123.594
internal_count=188875 51965 47589 45083 11369 33714 2506 136910 31615 31556 2099 135822 59 55 51 132531 131392 1139 131252 157 692 545 352 193 131095 128447 294 2648 2601 2536
is_linear=0
shrinkage=0.05


end of trees

feature_importances:
itemcf_score=2696
itemcf_rank=1355
rrf_score=1171
two_tower_score=336
two_tower_rank=231
popularity_rank=155
popularity_score=22
is_itemcf_top10=13
is_itemcf_top50=5
recall_source_count=1
is_tt_top20=1

parameters:
[boosting: gbdt]
[objective: lambdarank]
[metric: ndcg]
[tree_learner: serial]
[device_type: cpu]
[data_sample_strategy: bagging]
[data: ]
[valid: ]
[num_iterations: 200]
[learning_rate: 0.05]
[num_leaves: 31]
[num_threads: 32]
[seed: 42]
[deterministic: 1]
[force_col_wise: 1]
[force_row_wise: 0]
[histogram_pool_size: -1]
[max_depth: -1]
[min_data_in_leaf: 20]
[min_sum_hessian_in_leaf: 0.001]
[bagging_fraction: 0.9]
[pos_bagging_fraction: 1]
[neg_bagging_fraction: 1]
[bagging_freq: 0]
[bagging_seed: 400]
[bagging_by_query: 0]
[feature_fraction: 0.9]
[feature_fraction_bynode: 1]
[feature_fraction_seed: 30056]
[extra_trees: 0]
[extra_seed: 12879]
[early_stopping_round: 0]
[early_stopping_min_delta: 0]
[first_metric_only: 0]
[max_delta_step: 0]
[lambda_l1: 0]
[lambda_l2: 1]
[linear_lambda: 0]
[min_gain_to_split: 0]
[drop_rate: 0.1]
[max_drop: 50]
[skip_drop: 0.5]
[xgboost_dart_mode: 0]
[uniform_drop: 0]
[drop_seed: 17869]
[top_rate: 0.2]
[other_rate: 0.1]
[min_data_per_group: 100]
[max_cat_threshold: 32]
[cat_l2: 10]
[cat_smooth: 10]
[max_cat_to_onehot: 4]
[top_k: 20]
[monotone_constraints: ]
[monotone_constraints_method: basic]
[monotone_penalty: 0]
[feature_contri: ]
[forcedsplits_filename: ]
[refit_decay_rate: 0.9]
[cegb_tradeoff: 1]
[cegb_penalty_split: 0]
[cegb_penalty_feature_lazy: ]
[cegb_penalty_feature_coupled: ]
[path_smooth: 0]
[interaction_constraints: ]
[verbosity: -1]
[saved_feature_importance_type: 0]
[use_quantized_grad: 0]
[num_grad_quant_bins: 4]
[quant_train_renew_leaf: 0]
[stochastic_rounding: 1]
[linear_tree: 0]
[max_bin: 255]
[max_bin_by_feature: ]
[min_data_in_bin: 3]
[bin_construct_sample_cnt: 200000]
[data_random_seed: 175]
[is_enable_sparse: 1]
[enable_bundle: 1]
[use_missing: 1]
[zero_as_missing: 0]
[feature_pre_filter: 1]
[pre_partition: 0]
[two_round: 0]
[header: 0]
[label_column: ]
[weight_column: ]
[group_column: ]
[ignore_column: ]
[categorical_feature: ]
[forcedbins_filename: ]
[precise_float_parser: 0]
[parser_config_file: ]
[objective_seed: 16083]
[num_class: 1]
[is_unbalance: 0]
[scale_pos_weight: 1]
[sigmoid: 1]
[boost_from_average: 1]
[reg_sqrt: 0]
[alpha: 0.9]
[fair_c: 1]
[poisson_max_delta_step: 0.7]
[tweedie_variance_power: 1.5]
[lambdarank_truncation_level: 50]
[lambdarank_norm: 1]
[label_gain: ]
[lambdarank_position_bias_regularization: 0]
[eval_at: 1,2,3,4,5]
[multi_error_top_k: 1]
[auc_mu_weights: ]
[num_machines: 1]
[local_listen_port: 12400]
[time_out: 120]
[machine_list_filename: ]
[machines: ]
[gpu_platform_id: -1]
[gpu_device_id: -1]
[gpu_device_id_list: ]
[gpu_use_dp: 0]
[num_gpu: 1]

end of parameters

pandas_categorical:[]
