user_id,user_idx
100,0
1000,1
1001000,2
1001500,3
1001700,4
1001800,5
1002200,6
1003200,7
100400,8
1004800,9
100600,10
1006400,11
1006900,12
100700,13
1007100,14
1007200,15
100800,16
1008100,17
1008500,18
1009000,19
1009200,20
1011000,21
1011100,22
1011400,23
1012000,24
1012500,25
101300,26
1013600,27
1014800,28
101500,29
1015600,30
1016400,31
1016500,32
1016700,33
1017100,34
1018000,35
105000,36
106100,37
106200,38
106400,39
106600,40
106800,41
107800,42
108800,43
109100,44
109200,45
109300,46
109900,47
110200,48
110300,49
111200,50
111400,51
111700,52
112300,53
112900,54
113000,55
113100,56
113900,57
114200,58
114300,59
114900,60
11500,61
115000,62
116300,63
117100,64
117200,65
11800,66
118200,67
118500,68
118600,69
11900,70
119500,71
120600,72
120700,73
120900,74
122300,75
123000,76
123400,77
12400,78
124200,79
124800,80
124900,81
12500,82
125800,83
126400,84
126500,85
126900,86
12700,87
127000,88
127500,89
127800,90
127900,91
128000,92
128600,93
129300,94
129600,95
129900,96
130600,97
130800,98
131000,99
131700,100
133200,101
133300,102
133800,103
133900,104
134100,105
134700,106
135800,107
137000,108
137400,109
138100,110
138800,111
139600,112
14000,113
140200,114
140600,115
141000,116
141200,117
143600,118
14400,119
145600,120
145700,121
145900,122
146200,123
146400,124
146800,125
147300,126
149800,127
15000,128
150200,129
150500,130
150800,131
151100,132
151200,133
151300,134
152100,135
152300,136
153900,137
154500,138
154600,139
155600,140
155900,141
156800,142
157300,143
157600,144
158200,145
1600,146
160000,147
160100,148
160800,149
161600,150
162100,151
162400,152
162900,153
16400,154
164700,155
164800,156
165400,157
16600,158
166200,159
166800,160
16700,161
167200,162
167700,163
167800,164
167900,165
168000,166
170200,167
170400,168
170800,169
171100,170
171300,171
171600,172
172900,173
17300,174
175100,175
175300,176
175500,177
175800,178
176200,179
176300,180
176800,181
177200,182
177600,183
177900,184
178000,185
178100,186
178200,187
178300,188
179900,189
18100,190
181400,191
181500,192
181700,193
182100,194
182900,195
183200,196
184800,197
186100,198
186200,199
186300,200
186600,201
186900,202
18800,203
188800,204
189400,205
189800,206
190000,207
190400,208
190700,209
191400,210
192400,211
193600,212
193700,213
194000,214
194700,215
194900,216
19500,217
195000,218
197000,219
197200,220
198400,221
198600,222
198800,223
198900,224
200600,225
200800,226
201700,227
201800,228
202600,229
202700,230
203100,231
204200,232
204700,233
20700,234
207800,235
209200,236
210100,237
210600,238
210800,239
211900,240
212000,241
212100,242
212200,243
212800,244
213500,245
214100,246
214600,247
214900,248
215300,249
215700,250
217000,251
217300,252
217400,253
218300,254
219200,255
219900,256
220100,257
220300,258
220400,259
22100,260
221000,261
221500,262
221700,263
222000,264
222300,265
222600,266
222700,267
222800,268
223300,269
225200,270
226000,271
226900,272
22900,273
229300,274
229800,275
230100,276
230200,277
230400,278
231500,279
231900,280
232200,281
232600,282
232900,283
233100,284
233600,285
23400,286
234600,287
235100,288
235200,289
235600,290
235700,291
236500,292
236800,293
237200,294
237400,295
237500,296
237800,297
237900,298
23800,299
239700,300
239900,301
240200,302
241100,303
241800,304
242400,305
242500,306
242900,307
243300,308
244600,309
245100,310
246600,311
246700,312
246900,313
247000,314
247900,315
249000,316
249300,317
249400,318
249700,319
250400,320
250800,321
251700,322
251800,323
252700,324
252900,325
253200,326
253300,327
253400,328
253600,329
253700,330
253800,331
254000,332
254900,333
255200,334
255300,335
255800,336
256300,337
257000,338
257100,339
257800,340
259800,341
260200,342
260700,343
261200,344
26200,345
262000,346
262300,347
263200,348
263400,349
263900,350
264300,351
265200,352
265300,353
265900,354
26600,355
266200,356
26700,357
267000,358
267400,359
267900,360
268000,361
268700,362
268800,363
26900,364
270000,365
270100,366
270700,367
271000,368
27200,369
272100,370
272500,371
273200,372
273600,373
274500,374
274700,375
276000,376
276600,377
277000,378
278700,379
278800,380
279500,381
279700,382
280500,383
280700,384
280800,385
281000,386
281600,387
282400,388
282500,389
283600,390
283800,391
283900,392
284000,393
284100,394
284200,395
284300,396
284800,397
285000,398
28600,399
286600,400
287300,401
28800,402
288100,403
289500,404
289800,405
290200,406
290400,407
290800,408
290900,409
291000,410
292100,411
292400,412
292900,413
293100,414
293700,415
293800,416
294900,417
296600,418
296900,419
297200,420
297900,421
298000,422
298600,423
299100,424
299400,425
299500,426
299600,427
300,428
300100,429
300700,430
300800,431
301000,432
301200,433
301600,434
302000,435
302300,436
303000,437
304600,438
305400,439
305500,440
30600,441
306100,442
306900,443
307300,444
307400,445
307600,446
307700,447
307800,448
308300,449
308400,450
309000,451
309100,452
3100,453
310700,454
31100,455
311200,456
311600,457
31200,458
312100,459
312200,460
312900,461
313500,462
313800,463
314000,464
314300,465
314700,466
314800,467
31500,468
316400,469
316600,470
316700,471
316900,472
317000,473
317200,474
318100,475
318200,476
319000,477
319200,478
319400,479
3200,480
320600,481
320900,482
321100,483
321600,484
321700,485
322200,486
322500,487
322700,488
324100,489
324300,490
324400,491
324600,492
324800,493
325300,494
326000,495
326400,496
326500,497
326700,498
327200,499
328400,500
329200,501
329500,502
329900,503
330400,504
330700,505
331300,506
332300,507
333000,508
333200,509
334000,510
33500,511
335200,512
335600,513
335700,514
33600,515
336500,516
336900,517
337000,518
337500,519
337900,520
33800,521
338800,522
339400,523
34000,524
340100,525
340700,526
340900,527
341100,528
341900,529
342300,530
342600,531
343000,532
343100,533
343300,534
344600,535
345000,536
346700,537
347100,538
347200,539
347800,540
348100,541
348900,542
349400,543
350600,544
351400,545
351700,546
351800,547
351900,548
35200,549
352300,550
352900,551
35300,552
353900,553
354100,554
354500,555
355200,556
357100,557
358100,558
358200,559
358300,560
358700,561
359300,562
359700,563
3600,564
360000,565
36200,566
362000,567
362400,568
362900,569
363800,570
363900,571
364000,572
364100,573
364900,574
365000,575
365100,576
36700,577
367800,578
368200,579
36900,580
369100,581
3700,582
37000,583
370100,584
371000,585
371200,586
372100,587
372800,588
372900,589
373900,590
374400,591
375100,592
37600,593
376600,594
377300,595
377600,596
378100,597
378500,598
379000,599
379100,600
379300,601
381100,602
381400,603
381600,604
382200,605
382600,606
383300,607
383400,608
384700,609
385000,610
385100,611
385300,612
385400,613
385500,614
385800,615
38600,616
386000,617
386800,618
386900,619
38700,620
387000,621
387800,622
38800,623
388500,624
3900,625
390400,626
390500,627
390800,628
390900,629
391200,630
393500,631
394200,632
39500,633
395300,634
395800,635
396400,636
39700,637
398900,638
399000,639
399100,640
399600,641
399800,642
400,643
4000,644
400100,645
400300,646
400500,647
400800,648
400900,649
40100,650
401800,651
402000,652
402500,653
402700,654
403300,655
403600,656
403900,657
404500,658
404800,659
405000,660
405400,661
40800,662
408300,663
408400,664
408700,665
409000,666
409300,667
409500,668
409700,669
410500,670
410600,671
410900,672
411000,673
411400,674
412000,675
412200,676
412300,677
412400,678
412700,679
413400,680
413600,681
414000,682
414300,683
414800,684
415000,685
415600,686
416100,687
416300,688
416500,689
416700,690
416800,691
416900,692
41700,693
417900,694
41800,695
419300,696
419900,697
420000,698
420300,699
421200,700
421300,701
421500,702
422100,703
422400,704
423200,705
423400,706
423800,707
424500,708
424800,709
42500,710
425100,711
425300,712
425600,713
425900,714
42600,715
426100,716
427600,717
42800,718
429500,719
429700,720
430100,721
430200,722
431300,723
431400,724
431500,725
432000,726
432100,727
432900,728
433000,729
433200,730
43400,731
434200,732
435900,733
436100,734
436300,735
436400,736
436700,737
43700,738
437800,739
439000,740
439600,741
439800,742
440000,743
440400,744
440800,745
441100,746
442100,747
442400,748
442500,749
443700,750
44400,751
444900,752
446400,753
446700,754
446900,755
447400,756
447700,757
448700,758
449200,759
452100,760
452200,761
452700,762
453200,763
453800,764
453900,765
454800,766
454900,767
455200,768
455800,769
457000,770
457900,771
458600,772
45900,773
460500,774
460700,775
461400,776
46200,777
462700,778
462800,779
462900,780
463600,781
464200,782
46500,783
465000,784
465100,785
465600,786
466400,787
466500,788
467500,789
467600,790
467700,791
467800,792
468900,793
469900,794
470000,795
470500,796
470900,797
471500,798
471900,799
47200,800
472000,801
472100,802
472300,803
473300,804
473700,805
47500,806
475500,807
475700,808
476100,809
476200,810
476400,811
476600,812
477000,813
477100,814
477500,815
477900,816
478500,817
480300,818
480500,819
480800,820
481300,821
481600,822
481900,823
482400,824
482600,825
482800,826
48300,827
483100,828
483600,829
485400,830
485700,831
487700,832
48800,833
488000,834
488800,835
48900,836
490600,837
491300,838
491500,839
491600,840
491900,841
492100,842
492600,843
493500,844
49400,845
494900,846
495400,847
495500,848
495800,849
497700,850
498500,851
498700,852
499300,853
499500,854
499700,855
500800,856
500900,857
501000,858
501500,859
502100,860
502500,861
502600,862
50300,863
503600,864
504000,865
504100,866
505100,867
505900,868
506000,869
506100,870
506300,871
507000,872
509300,873
509400,874
509900,875
510400,876
511100,877
511300,878
51200,879
512300,880
512700,881
512900,882
513000,883
514700,884
514800,885
514900,886
515100,887
515600,888
516100,889
517800,890
519700,891
52000,892
520000,893
520200,894
521100,895
521300,896
522000,897
522500,898
522600,899
52300,900
523300,901
523500,902
524800,903
525600,904
526000,905
527700,906
52800,907
528100,908
528300,909
528800,910
529900,911
530100,912
531400,913
532600,914
532700,915
53300,916
533400,917
534000,918
534400,919
534800,920
535500,921
535900,922
53600,923
536000,924
536500,925
536800,926
537100,927
537600,928
537700,929
53800,930
538200,931
53900,932
539000,933
539600,934
540600,935
541100,936
541200,937
541400,938
541600,939
542000,940
542100,941
542200,942
542600,943
54300,944
543100,945
543900,946
544300,947
544600,948
544800,949
545100,950
545300,951
545500,952
545800,953
54600,954
546000,955
546300,956
546700,957
546900,958
547300,959
54800,960
548300,961
549500,962
549800,963
550300,964
550600,965
551200,966
552000,967
552200,968
552700,969
553300,970
553400,971
553900,972
555000,973
555100,974
555600,975
555800,976
556000,977
556500,978
556800,979
55700,980
557300,981
557600,982
558000,983
558100,984
558800,985
559300,986
559400,987
559500,988
559600,989
559700,990
560700,991
56200,992
562500,993
56300,994
563000,995
563100,996
563300,997
563400,998
563900,999
565000,1000
565100,1001
566200,1002
566500,1003
566600,1004
567200,1005
569100,1006
569700,1007
570500,1008
570900,1009
57100,1010
571900,1011
572200,1012
573100,1013
573500,1014
574000,1015
574700,1016
575700,1017
575800,1018
575900,1019
576000,1020
576800,1021
577600,1022
577800,1023
578200,1024
579400,1025
579700,1026
5800,1027
580700,1028
582000,1029
583400,1030
583600,1031
584100,1032
584800,1033
585400,1034
585500,1035
58600,1036
586100,1037
586500,1038
586600,1039
586900,1040
587100,1041
587200,1042
587300,1043
587600,1044
59000,1045
590000,1046
590500,1047
59100,1048
591300,1049
591800,1050
592900,1051
59300,1052
593000,1053
593500,1054
593700,1055
594600,1056
595100,1057
595500,1058
595600,1059
596900,1060
597200,1061
597500,1062
598000,1063
598100,1064
598300,1065
599700,1066
599900,1067
600700,1068
601000,1069
601400,1070
601700,1071
601800,1072
602000,1073
602200,1074
603100,1075
603500,1076
604300,1077
60600,1078
606200,1079
606400,1080
60700,1081
607400,1082
608000,1083
608200,1084
608300,1085
608700,1086
609800,1087
61000,1088
610500,1089
61100,1090
611700,1091
613000,1092
613100,1093
613300,1094
613500,1095
613800,1096
613900,1097
614700,1098
615000,1099
616000,1100
616300,1101
616900,1102
61700,1103
617100,1104
617200,1105
61800,1106
618700,1107
619100,1108
619500,1109
619600,1110
619700,1111
62000,1112
620500,1113
620600,1114
620700,1115
621100,1116
622500,1117
622800,1118
622900,1119
623000,1120
623200,1121
623300,1122
624100,1123
624400,1124
624800,1125
626200,1126
626500,1127
627700,1128
628200,1129
629100,1130
629400,1131
629500,1132
629800,1133
630000,1134
630400,1135
630800,1136
63100,1137
631400,1138
63200,1139
632500,1140
632600,1141
633100,1142
633200,1143
635300,1144
635500,1145
63600,1146
636000,1147
636200,1148
636400,1149
637000,1150
637900,1151
63800,1152
638300,1153
638600,1154
639500,1155
640800,1156
64100,1157
641100,1158
641400,1159
641500,1160
642100,1161
643600,1162
64400,1163
644200,1164
644900,1165
64500,1166
645200,1167
645300,1168
645600,1169
646000,1170
646100,1171
646700,1172
646800,1173
646900,1174
647600,1175
648100,1176
648400,1177
648500,1178
649000,1179
649600,1180
6500,1181
650000,1182
650400,1183
650700,1184
650800,1185
651400,1186
651500,1187
652200,1188
652700,1189
652900,1190
653000,1191
653300,1192
654400,1193
654600,1194
655900,1195
656300,1196
656500,1197
657000,1198
657700,1199
658200,1200
658600,1201
660400,1202
660800,1203
660900,1204
661400,1205
661600,1206
66200,1207
662200,1208
663300,1209
663800,1210
664000,1211
664300,1212
664800,1213
665200,1214
666600,1215
666700,1216
667200,1217
667600,1218
669800,1219
671200,1220
671700,1221
67200,1222
672100,1223
673000,1224
673300,1225
673600,1226
673700,1227
674300,1228
674600,1229
674700,1230
674800,1231
675700,1232
675800,1233
676100,1234
676300,1235
676400,1236
676500,1237
676600,1238
676700,1239
677400,1240
677500,1241
678000,1242
678700,1243
678800,1244
679300,1245
679500,1246
679600,1247
680000,1248
680100,1249
680600,1250
680800,1251
681500,1252
681700,1253
682100,1254
682700,1255
683000,1256
683300,1257
683400,1258
684200,1259
684900,1260
686100,1261
686300,1262
686800,1263
687500,1264
68800,1265
688400,1266
688500,1267
688600,1268
688800,1269
68900,1270
689500,1271
689900,1272
69000,1273
690300,1274
691500,1275
691800,1276
692600,1277
692800,1278
693400,1279
693600,1280
694100,1281
694400,1282
694500,1283
695300,1284
696300,1285
696700,1286
697700,1287
697800,1288
698600,1289
699000,1290
700400,1291
700600,1292
700700,1293
700800,1294
701000,1295
70200,1296
702500,1297
70300,1298
703200,1299
705700,1300
706400,1301
706700,1302
706900,1303
70700,1304
707100,1305
707200,1306
707600,1307
708300,1308
708800,1309
70900,1310
710000,1311
710100,1312
710200,1313
710400,1314
710800,1315
711100,1316
711200,1317
711900,1318
712000,1319
712500,1320
714400,1321
714500,1322
715300,1323
715800,1324
715900,1325
716600,1326
717200,1327
717300,1328
718700,1329
71900,1330
719300,1331
719400,1332
719900,1333
720000,1334
72100,1335
721000,1336
721200,1337
721600,1338
72200,1339
722000,1340
722600,1341
722900,1342
723100,1343
723600,1344
723700,1345
724600,1346
72500,1347
725000,1348
725800,1349
726500,1350
72700,1351
727200,1352
727300,1353
727400,1354
728000,1355
728100,1356
728300,1357
728800,1358
729600,1359
731100,1360
732600,1361
733100,1362
734600,1363
735200,1364
735800,1365
736000,1366
738000,1367
738100,1368
738200,1369
738900,1370
740200,1371
741000,1372
741900,1373
74200,1374
743500,1375
743600,1376
744000,1377
744400,1378
744600,1379
744900,1380
745000,1381
745600,1382
746300,1383
747000,1384
747300,1385
747400,1386
747500,1387
747800,1388
74800,1389
748100,1390
748700,1391
750900,1392
75100,1393
752500,1394
752800,1395
75300,1396
753000,1397
754200,1398
754300,1399
754500,1400
755100,1401
755200,1402
756200,1403
75700,1404
757900,1405
75900,1406
760300,1407
760700,1408
76100,1409
761600,1410
761700,1411
762100,1412
762400,1413
762600,1414
763100,1415
763300,1416
764100,1417
764200,1418
764800,1419
76500,1420
765200,1421
766300,1422
766400,1423
766800,1424
768100,1425
768300,1426
768600,1427
768700,1428
769100,1429
769500,1430
77000,1431
770400,1432
77100,1433
771300,1434
771500,1435
77200,1436
772800,1437
773200,1438
773300,1439
773500,1440
77400,1441
774500,1442
774800,1443
775200,1444
77800,1445
778400,1446
779100,1447
779800,1448
780300,1449
780900,1450
781000,1451
781500,1452
781800,1453
782000,1454
782100,1455
782900,1456
783800,1457
78500,1458
785500,1459
786400,1460
786500,1461
788000,1462
788100,1463
78900,1464
789900,1465
790100,1466
790300,1467
790900,1468
792600,1469
792800,1470
792900,1471
793200,1472
793500,1473
793800,1474
793900,1475
794000,1476
794300,1477
794700,1478
79500,1479
795000,1480
795300,1481
795400,1482
796000,1483
796700,1484
798200,1485
798300,1486
798600,1487
798700,1488
799100,1489
799500,1490
799900,1491
800000,1492
800400,1493
800900,1494
801400,1495
801600,1496
802200,1497
802400,1498
802500,1499
802600,1500
80300,1501
803000,1502
803100,1503
803300,1504
803500,1505
804900,1506
805000,1507
805200,1508
805300,1509
806000,1510
806500,1511
806800,1512
807500,1513
807600,1514
808400,1515
809600,1516
809900,1517
810100,1518
810500,1519
811100,1520
811300,1521
811700,1522
812300,1523
812700,1524
813300,1525
813600,1526
813700,1527
814000,1528
814500,1529
814900,1530
81500,1531
815200,1532
816400,1533
816500,1534
816600,1535
817500,1536
818100,1537
818600,1538
818700,1539
818900,1540
81900,1541
820000,1542
820100,1543
822000,1544
822100,1545
822300,1546
822700,1547
823300,1548
824100,1549
824500,1550
824800,1551
82500,1552
825200,1553
82600,1554
826200,1555
828200,1556
828700,1557
829100,1558
829500,1559
829800,1560
830200,1561
830800,1562
831100,1563
831200,1564
831800,1565
831900,1566
832100,1567
832300,1568
832700,1569
833100,1570
833800,1571
833900,1572
83400,1573
834100,1574
835000,1575
835800,1576
83600,1577
836200,1578
836300,1579
836500,1580
837000,1581
837800,1582
838000,1583
838200,1584
838500,1585
83900,1586
839000,1587
839800,1588
8400,1589
84000,1590
840700,1591
841200,1592
841900,1593
842000,1594
842300,1595
843100,1596
843600,1597
845800,1598
846800,1599
84700,1600
847100,1601
847300,1602
847900,1603
84800,1604
849000,1605
849600,1606
849700,1607
850000,1608
850300,1609
850500,1610
850900,1611
851700,1612
851800,1613
85200,1614
852000,1615
852400,1616
852500,1617
852800,1618
852900,1619
85400,1620
854100,1621
854900,1622
855100,1623
855700,1624
855800,1625
85600,1626
856100,1627
856600,1628
857000,1629
857600,1630
857800,1631
859900,1632
860300,1633
861000,1634
861300,1635
861500,1636
863000,1637
863100,1638
863300,1639
863600,1640
863800,1641
86500,1642
86600,1643
866300,1644
866400,1645
866600,1646
86700,1647
867300,1648
86800,1649
868200,1650
868600,1651
86900,1652
869400,1653
870000,1654
871200,1655
871900,1656
872700,1657
872800,1658
873000,1659
873800,1660
874100,1661
874800,1662
87500,1663
875400,1664
875700,1665
875800,1666
877900,1667
87800,1668
878500,1669
879200,1670
879400,1671
879900,1672
880100,1673
880400,1674
880500,1675
880600,1676
880700,1677
881600,1678
882300,1679
882600,1680
883100,1681
883200,1682
883300,1683
883400,1684
883600,1685
884300,1686
884400,1687
884600,1688
88500,1689
885200,1690
885300,1691
885400,1692
88600,1693
886000,1694
886200,1695
88700,1696
887400,1697
888800,1698
88900,1699
889800,1700
89000,1701
890100,1702
890500,1703
890800,1704
891000,1705
891500,1706
891600,1707
892000,1708
893100,1709
893200,1710
893700,1711
89400,1712
894700,1713
895500,1714
895800,1715
896500,1716
897500,1717
898400,1718
898500,1719
898600,1720
898700,1721
900,1722
9000,1723
900000,1724
900300,1725
900400,1726
900500,1727
901200,1728
901300,1729
903200,1730
903900,1731
904100,1732
905700,1733
90600,1734
907000,1735
907100,1736
90800,1737
908100,1738
908200,1739
908700,1740
908800,1741
908900,1742
909100,1743
909600,1744
909700,1745
909900,1746
910400,1747
910500,1748
910800,1749
910900,1750
911700,1751
911800,1752
91300,1753
913100,1754
913500,1755
913700,1756
913800,1757
914300,1758
914600,1759
915300,1760
916100,1761
916300,1762
916900,1763
91700,1764
917000,1765
917200,1766
917500,1767
917800,1768
91800,1769
918000,1770
9200,1771
92100,1772
921100,1773
921300,1774
921400,1775
922200,1776
923100,1777
923400,1778
925000,1779
926600,1780
927800,1781
928800,1782
930600,1783
930900,1784
931200,1785
931700,1786
933100,1787
933500,1788
93400,1789
934800,1790
936000,1791
936300,1792
93700,1793
937600,1794
93800,1795
938500,1796
939300,1797
939500,1798
939600,1799
939700,1800
941300,1801
942100,1802
942700,1803
942900,1804
943400,1805
943700,1806
944900,1807
945600,1808
945800,1809
946400,1810
946800,1811
94700,1812
947300,1813
947500,1814
947800,1815
948200,1816
948400,1817
948600,1818
949000,1819
949800,1820
9500,1821
95000,1822
950500,1823
951300,1824
952900,1825
953000,1826
953300,1827
954100,1828
954400,1829
954700,1830
95500,1831
955100,1832
955900,1833
956300,1834
957700,1835
957800,1836
958900,1837
95900,1838
959100,1839
959400,1840
959900,1841
960100,1842
961200,1843
96200,1844
962200,1845
962500,1846
963700,1847
964000,1848
964600,1849
966400,1850
966700,1851
966800,1852
96700,1853
967200,1854
967300,1855
968100,1856
968600,1857
968900,1858
9700,1859
97000,1860
971500,1861
971700,1862
971800,1863
972000,1864
972300,1865
972900,1866
973200,1867
973600,1868
973800,1869
974200,1870
974400,1871
974800,1872
974900,1873
975200,1874
975900,1875
97600,1876
976100,1877
976700,1878
977200,1879
977600,1880
977800,1881
978000,1882
978400,1883
978900,1884
979400,1885
980700,1886
981300,1887
982200,1888
982400,1889
983500,1890
983600,1891
983700,1892
98400,1893
984100,1894
985000,1895
985800,1896
98600,1897
986400,1898
987600,1899
988700,1900
989500,1901
989600,1902
99000,1903
990300,1904
990900,1905
991000,1906
991300,1907
991400,1908
991700,1909
992500,1910
993800,1911
994300,1912
994900,1913
99500,1914
995100,1915
995300,1916
995400,1917
996000,1918
996100,1919
996200,1920
996700,1921
997600,1922
998400,1923
998900,1924
999100,1925
999200,1926
999300,1927
999600,1928
1000200,1929
1000400,1930
1000600,1931
100100,1932
1001600,1933
100200,1934
1002100,1935
1002700,1936
1002800,1937
1003300,1938
1003400,1939
1003500,1940
1003600,1941
1004300,1942
1004500,1943
1005500,1944
1005600,1945
1005800,1946
1006600,1947
1007500,1948
1010000,1949
1010500,1950
1010700,1951
1010900,1952
101100,1953
1011300,1954
1011500,1955
1011600,1956
1012700,1957
1013000,1958
1013100,1959
1013200,1960
1013500,1961
1013800,1962
101400,1963
1014500,1964
1015300,1965
101700,1966
1017400,1967
102300,1968
103000,1969
103300,1970
103600,1971
103800,1972
103900,1973
104100,1974
105400,1975
105600,1976
105800,1977
106300,1978
10700,1979
107300,1980
107900,1981
10900,1982
109500,1983
109600,1984
110100,1985
110500,1986
110600,1987
11200,1988
113400,1989
113500,1990
11400,1991
114000,1992
114400,1993
115500,1994
115900,1995
116500,1996
116600,1997
116900,1998
117000,1999
117300,2000
117700,2001
118300,2002
119100,2003
119400,2004
12000,2005
121000,2006
121200,2007
121800,2008
123800,2009
124300,2010
125000,2011
125200,2012
125400,2013
125500,2014
125600,2015
126100,2016
126300,2017
127700,2018
128200,2019
128400,2020
128900,2021
129000,2022
129500,2023
130300,2024
130500,2025
13100,2026
131800,2027
13200,2028
132200,2029
132700,2030
134000,2031
134900,2032
135500,2033
135600,2034
13600,2035
136000,2036
136100,2037
136200,2038
136300,2039
136400,2040
136500,2041
136900,2042
137100,2043
137700,2044
138600,2045
139300,2046
139500,2047
139700,2048
1400,2049
140400,2050
140700,2051
14100,2052
141100,2053
141300,2054
141500,2055
141800,2056
141900,2057
142300,2058
142900,2059
143800,2060
145800,2061
146000,2062
14700,2063
147700,2064
147900,2065
148100,2066
148200,2067
149500,2068
149900,2069
151400,2070
151600,2071
152000,2072
152200,2073
152500,2074
152800,2075
153300,2076
154000,2077
155100,2078
155200,2079
155400,2080
15600,2081
156900,2082
157500,2083
157800,2084
158400,2085
158500,2086
158800,2087
159000,2088
159500,2089
159600,2090
160500,2091
160900,2092
162000,2093
162300,2094
162700,2095
163000,2096
163200,2097
163500,2098
163600,2099
163800,2100
164400,2101
165300,2102
168100,2103
168800,2104
169000,2105
169200,2106
169400,2107
170000,2108
170300,2109
170500,2110
170700,2111
171200,2112
172300,2113
172600,2114
172700,2115
172800,2116
175000,2117
175400,2118
175900,2119
176100,2120
178600,2121
178900,2122
179500,2123
179700,2124
1800,2125
180000,2126
181800,2127
183000,2128
183100,2129
183600,2130
18600,2131
186000,2132
187100,2133
187200,2134
187300,2135
187600,2136
189200,2137
189600,2138
190900,2139
19200,2140
192100,2141
192600,2142
194200,2143
194500,2144
194600,2145
195400,2146
195600,2147
196100,2148
196300,2149
197700,2150
197900,2151
19800,2152
199200,2153
200500,2154
201000,2155
201400,2156
201600,2157
202000,2158
202300,2159
203000,2160
203300,2161
203500,2162
203800,2163
203900,2164
204600,2165
205100,2166
205600,2167
20600,2168
206100,2169
206200,2170
206400,2171
206800,2172
207700,2173
20800,2174
208200,2175
209000,2176
209100,2177
209900,2178
2100,2179
210500,2180
210700,2181
211000,2182
211400,2183
211600,2184
212700,2185
213000,2186
213700,2187
213800,2188
21400,2189
214000,2190
214200,2191
214500,2192
215000,2193
215200,2194
215400,2195
215800,2196
216800,2197
216900,2198
21700,2199
218100,2200
218400,2201
218600,2202
219000,2203
219100,2204
22000,2205
220000,2206
220700,2207
220800,2208
221300,2209
222500,2210
223100,2211
223700,2212
223900,2213
224000,2214
225500,2215
225700,2216
225800,2217
225900,2218
226300,2219
226800,2220
227700,2221
227900,2222
228700,2223
228800,2224
228900,2225
229500,2226
229600,2227
229700,2228
230000,2229
230800,2230
231000,2231
231300,2232
232300,2233
232500,2234
232700,2235
23300,2236
233000,2237
234100,2238
234800,2239
23600,2240
236000,2241
236100,2242
236700,2243
237600,2244
238000,2245
238800,2246
23900,2247
239200,2248
239400,2249
239500,2250
239600,2251
240300,2252
240600,2253
240800,2254
240900,2255
241300,2256
242100,2257
242200,2258
243700,2259
244100,2260
244400,2261
24500,2262
245600,2263
245800,2264
24600,2265
246500,2266
247200,2267
247600,2268
24800,2269
248100,2270
248200,2271
248700,2272
248800,2273
249600,2274
250000,2275
250200,2276
251500,2277
25200,2278
252100,2279
252600,2280
254100,2281
254300,2282
254400,2283
254700,2284
255100,2285
255900,2286
25600,2287
256100,2288
256500,2289
256600,2290
256800,2291
257200,2292
257700,2293
258100,2294
258200,2295
25900,2296
259300,2297
259400,2298
260100,2299
260800,2300
261400,2301
261600,2302
261800,2303
262400,2304
262700,2305
262900,2306
26300,2307
263300,2308
266000,2309
266400,2310
266500,2311
268400,2312
268500,2313
269200,2314
269300,2315
270900,2316
27100,2317
271600,2318
272200,2319
272400,2320
272600,2321
27300,2322
274400,2323
274900,2324
275200,2325
275300,2326
275400,2327
275500,2328
275600,2329
275900,2330
276300,2331
27700,2332
277600,2333
277700,2334
278400,2335
279900,2336
28000,2337
280000,2338
280300,2339
281300,2340
281500,2341
282600,2342
28300,2343
283100,2344
283300,2345
283700,2346
28500,2347
285100,2348
285200,2349
285500,2350
286000,2351
286400,2352
286900,2353
287000,2354
287100,2355
287400,2356
287900,2357
288000,2358
288600,2359
289600,2360
289900,2361
290000,2362
290500,2363
291300,2364
291500,2365
291700,2366
291900,2367
292200,2368
29400,2369
294100,2370
294500,2371
29500,2372
295500,2373
295900,2374
296300,2375
296500,2376
296800,2377
297000,2378
297600,2379
297700,2380
298400,2381
300300,2382
300600,2383
301400,2384
301500,2385
301700,2386
302100,2387
302700,2388
30300,2389
304000,2390
304200,2391
304400,2392
304800,2393
306200,2394
307900,2395
308100,2396
309700,2397
309800,2398
31000,2399
310000,2400
310100,2401
310300,2402
310500,2403
311300,2404
311800,2405
312500,2406
312800,2407
313000,2408
313200,2409
31400,2410
315100,2411
315300,2412
31600,2413
316300,2414
317300,2415
317600,2416
317800,2417
318600,2418
319900,2419
320000,2420
320200,2421
320700,2422
32100,2423
321200,2424
321800,2425
321900,2426
322300,2427
323000,2428
323600,2429
324000,2430
324700,2431
324900,2432
325100,2433
325400,2434
325500,2435
325600,2436
32600,2437
326600,2438
32700,2439
327600,2440
328900,2441
329100,2442
3300,2443
330000,2444
330300,2445
331200,2446
33200,2447
332400,2448
332600,2449
333100,2450
333600,2451
333800,2452
334300,2453
334500,2454
334600,2455
334700,2456
334900,2457
335300,2458
337100,2459
337200,2460
337600,2461
338200,2462
338500,2463
339700,2464
339800,2465
3400,2466
341000,2467
341800,2468
34200,2469
342200,2470
342500,2471
342700,2472
344000,2473
344500,2474
34500,2475
345900,2476
34600,2477
346400,2478
346500,2479
346600,2480
347300,2481
347400,2482
347700,2483
34800,2484
348400,2485
348500,2486
348600,2487
349300,2488
349500,2489
3500,2490
350500,2491
350700,2492
353500,2493
353800,2494
354300,2495
354800,2496
355100,2497
356400,2498
356600,2499
357200,2500
357500,2501
358800,2502
358900,2503
35900,2504
359600,2505
359800,2506
360300,2507
360500,2508
360700,2509
361000,2510
361200,2511
361700,2512
361900,2513
362800,2514
36300,2515
363200,2516
364300,2517
364500,2518
364700,2519
365300,2520
365400,2521
365800,2522
366000,2523
366800,2524
367100,2525
367400,2526
367700,2527
369600,2528
369800,2529
370200,2530
371100,2531
371400,2532
372000,2533
372300,2534
373300,2535
373400,2536
373600,2537
374300,2538
374800,2539
375600,2540
376100,2541
377100,2542
377400,2543
377900,2544
378700,2545
378800,2546
378900,2547
379200,2548
380000,2549
380100,2550
380200,2551
380500,2552
380700,2553
380800,2554
381200,2555
382000,2556
382900,2557
383000,2558
383800,2559
384100,2560
385200,2561
386200,2562
386300,2563
386500,2564
386600,2565
387700,2566
388300,2567
388400,2568
389200,2569
389700,2570
389800,2571
390000,2572
391100,2573
392400,2574
392500,2575
392700,2576
392900,2577
393000,2578
393300,2579
393700,2580
39400,2581
394900,2582
395700,2583
395900,2584
39600,2585
396000,2586
396200,2587
396600,2588
397100,2589
397800,2590
398600,2591
398800,2592
39900,2593
399500,2594
40000,2595
400400,2596
400700,2597
401500,2598
401600,2599
401700,2600
401900,2601
40200,2602
403200,2603
403500,2604
403700,2605
404200,2606
404300,2607
405200,2608
405800,2609
406000,2610
406900,2611
407000,2612
407200,2613
407900,2614
408100,2615
408500,2616
408800,2617
409100,2618
410300,2619
410700,2620
410800,2621
41100,2622
411300,2623
411700,2624
413700,2625
413900,2626
414100,2627
41500,2628
415500,2629
415700,2630
41600,2631
416000,2632
417800,2633
418300,2634
418500,2635
418600,2636
418700,2637
419000,2638
419400,2639
419500,2640
4200,2641
420100,2642
420900,2643
42100,2644
421700,2645
422000,2646
422600,2647
422900,2648
423600,2649
424300,2650
426200,2651
426500,2652
426900,2653
427000,2654
427200,2655
427300,2656
427900,2657
428400,2658
429100,2659
429200,2660
429300,2661
429900,2662
430600,2663
430800,2664
431200,2665
431600,2666
431800,2667
43200,2668
432800,2669
433300,2670
433800,2671
434100,2672
434700,2673
43500,2674
435000,2675
435300,2676
43600,2677
436800,2678
437100,2679
437400,2680
437600,2681
437900,2682
438000,2683
438400,2684
43900,2685
439500,2686
440900,2687
441400,2688
441800,2689
442800,2690
443000,2691
443100,2692
443200,2693
443400,2694
444100,2695
444200,2696
444600,2697
445600,2698
446000,2699
446100,2700
446200,2701
446300,2702
446500,2703
447100,2704
447500,2705
447600,2706
447900,2707
448300,2708
44900,2709
449400,2710
449500,2711
449700,2712
450000,2713
450100,2714
450300,2715
450700,2716
45100,2717
451700,2718
451800,2719
452900,2720
453100,2721
453300,2722
454000,2723
454200,2724
454300,2725
454700,2726
45500,2727
455000,2728
456000,2729
456200,2730
456500,2731
456800,2732
45700,2733
45800,2734
458200,2735
458400,2736
458500,2737
458800,2738
458900,2739
459700,2740
459900,2741
460100,2742
460300,2743
461000,2744
461100,2745
461300,2746
461800,2747
462100,2748
462400,2749
463200,2750
46400,2751
464400,2752
464900,2753
465200,2754
465900,2755
46600,2756
466300,2757
466600,2758
466700,2759
467000,2760
467400,2761
467900,2762
468000,2763
468400,2764
46900,2765
469700,2766
470700,2767
471200,2768
471400,2769
471600,2770
472600,2771
47300,2772
473400,2773
47400,2774
474900,2775
475000,2776
475300,2777
476700,2778
477300,2779
477400,2780
477600,2781
478000,2782
478200,2783
478600,2784
479700,2785
479800,2786
480100,2787
480200,2788
48100,2789
481000,2790
481200,2791
481500,2792
481700,2793
481800,2794
482000,2795
482300,2796
483200,2797
483700,2798
483800,2799
483900,2800
484100,2801
484200,2802
484500,2803
485100,2804
485200,2805
485900,2806
48600,2807
486500,2808
487400,2809
487900,2810
488200,2811
488700,2812
489300,2813
4900,2814
490100,2815
490300,2816
49200,2817
492900,2818
493400,2819
493600,2820
493700,2821
494300,2822
494800,2823
495000,2824
495600,2825
495900,2826
496000,2827
496100,2828
496300,2829
496600,2830
49700,2831
497400,2832
498000,2833
498100,2834
498200,2835
499100,2836
499800,2837
499900,2838
5000,2839
50000,2840
500300,2841
500500,2842
500700,2843
501200,2844
502200,2845
503300,2846
503400,2847
50400,2848
504300,2849
505000,2850
505500,2851
505600,2852
505800,2853
507600,2854
508700,2855
508800,2856
50900,2857
509200,2858
509500,2859
509600,2860
509800,2861
510800,2862
510900,2863
511400,2864
511700,2865
512600,2866
513600,2867
513800,2868
515500,2869
515700,2870
516000,2871
516400,2872
516500,2873
516700,2874
516800,2875
517000,2876
518400,2877
519300,2878
519400,2879
519800,2880
5200,2881
520100,2882
520500,2883
521400,2884
521900,2885
522400,2886
523200,2887
523800,2888
524400,2889
52500,2890
525800,2891
526600,2892
526800,2893
527200,2894
527800,2895
529000,2896
529400,2897
529700,2898
5300,2899
530300,2900
530400,2901
531800,2902
53200,2903
533000,2904
533700,2905
533800,2906
53400,2907
534200,2908
534500,2909
535000,2910
535300,2911
535800,2912
536100,2913
536200,2914
536600,2915
536900,2916
537300,2917
537900,2918
538100,2919
538400,2920
539200,2921
539500,2922
540200,2923
540300,2924
540700,2925
541700,2926
542300,2927
542500,2928
543200,2929
544700,2930
54500,2931
546600,2932
546800,2933
547600,2934
548000,2935
548200,2936
54900,2937
549100,2938
549600,2939
55000,2940
550800,2941
55100,2942
551100,2943
551300,2944
551500,2945
551600,2946
551700,2947
551900,2948
552900,2949
553000,2950
553600,2951
553800,2952
55400,2953
55600,2954
556100,2955
557500,2956
558700,2957
559100,2958
559200,2959
56000,2960
560200,2961
560500,2962
561700,2963
561900,2964
562000,2965
562400,2966
562600,2967
562700,2968
564000,2969
564100,2970
564400,2971
564500,2972
564700,2973
565500,2974
566100,2975
566400,2976
567600,2977
56800,2978
568100,2979
569500,2980
570200,2981
570400,2982
571000,2983
571100,2984
571200,2985
573200,2986
573400,2987
573800,2988
574300,2989
574400,2990
574500,2991
57500,2992
575400,2993
575500,2994
576500,2995
576600,2996
57700,2997
577100,2998
577200,2999
577400,3000
577700,3001
578800,3002
578900,3003
57900,3004
579300,3005
580900,3006
581200,3007
581300,3008
582400,3009
582700,3010
583000,3011
583100,3012
583200,3013
583900,3014
584000,3015
584300,3016
58500,3017
586000,3018
587500,3019
587700,3020
587900,3021
588200,3022
588800,3023
588900,3024
589000,3025
589300,3026
589800,3027
591000,3028
591500,3029
591600,3030
591700,3031
592300,3032
592400,3033
592500,3034
592700,3035
592800,3036
593600,3037
594400,3038
594500,3039
595000,3040
595400,3041
595800,3042
596000,3043
596400,3044
596600,3045
596700,3046
597000,3047
597600,3048
6000,3049
600200,3050
600300,3051
60200,3052
602500,3053
602800,3054
60300,3055
603200,3056
604400,3057
604700,3058
604900,3059
605000,3060
605900,3061
606100,3062
606600,3063
606700,3064
607000,3065
607300,3066
607600,3067
608400,3068
608500,3069
609200,3070
609700,3071
610100,3072
610300,3073
610400,3074
610900,3075
611000,3076
611800,3077
611900,3078
612200,3079
613200,3080
614900,3081
61500,3082
615200,3083
616500,3084
617000,3085
617500,3086
617600,3087
617700,3088
618100,3089
618600,3090
618900,3091
619000,3092
619400,3093
621000,3094
621500,3095
621800,3096
622000,3097
622700,3098
62300,3099
623700,3100
623800,3101
624000,3102
625100,3103
625900,3104
62700,3105
627200,3106
627300,3107
627500,3108
627800,3109
628100,3110
628400,3111
629000,3112
629200,3113
630700,3114
632300,3115
632800,3116
632900,3117
633600,3118
633800,3119
635200,3120
635800,3121
636700,3122
63700,3123
637500,3124
638100,3125
638200,3126
638500,3127
639300,3128
639600,3129
639700,3130
639900,3131
640900,3132
641000,3133
641300,3134
641600,3135
641700,3136
64200,3137
642400,3138
642800,3139
64300,3140
643200,3141
643800,3142
644000,3143
644100,3144
644600,3145
645000,3146
645100,3147
645500,3148
645800,3149
646400,3150
646500,3151
647000,3152
647100,3153
647800,3154
648900,3155
65000,3156
651700,3157
651900,3158
652500,3159
653100,3160
65400,3161
654100,3162
655800,3163
656600,3164
658400,3165
659100,3166
659900,3167
661100,3168
662600,3169
66300,3170
663200,3171
663500,3172
664100,3173
665300,3174
665600,3175
665800,3176
666100,3177
666300,3178
666400,3179
667400,3180
66800,3181
668300,3182
668500,3183
669500,3184
669700,3185
6700,3186
671800,3187
672200,3188
673800,3189
674500,3190
675100,3191
675200,3192
675400,3193
677300,3194
677700,3195
678200,3196
678300,3197
679900,3198
680300,3199
680500,3200
681600,3201
682300,3202
683500,3203
683600,3204
683900,3205
68400,3206
685200,3207
685300,3208
685400,3209
686600,3210
687300,3211
688200,3212
688900,3213
689000,3214
689700,3215
690100,3216
690400,3217
690800,3218
69100,3219
692400,3220
692500,3221
692900,3222
693700,3223
694700,3224
694900,3225
695000,3226
695100,3227
695500,3228
695700,3229
695900,3230
69600,3231
696200,3232
697400,3233
697600,3234
698900,3235
69900,3236
699500,3237
699700,3238
700,3239
70000,3240
700200,3241
701700,3242
701800,3243
702600,3244
702800,3245
703100,3246
703600,3247
70400,3248
704500,3249
704700,3250
705100,3251
705600,3252
705900,3253
706000,3254
706800,3255
708000,3256
709100,3257
709500,3258
709900,3259
710900,3260
711500,3261
711700,3262
711800,3263
712300,3264
712800,3265
713200,3266
713500,3267
713900,3268
714200,3269
715000,3270
716100,3271
716300,3272
716500,3273
716700,3274
716800,3275
717000,3276
717600,3277
718000,3278
719700,3279
720200,3280
720400,3281
720500,3282
720700,3283
721700,3284
721900,3285
722200,3286
722400,3287
723300,3288
723400,3289
723500,3290
723800,3291
724100,3292
724700,3293
724900,3294
725500,3295
726100,3296
726700,3297
727000,3298
728400,3299
728700,3300
729100,3301
729300,3302
729400,3303
730000,3304
730100,3305
730200,3306
730300,3307
73100,3308
731200,3309
731300,3310
731500,3311
732100,3312
732900,3313
733200,3314
733800,3315
735700,3316
736200,3317
736400,3318
736600,3319
737300,3320
737400,3321
73800,3322
738500,3323
738600,3324
738800,3325
739000,3326
739400,3327
740600,3328
741400,3329
741500,3330
741600,3331
742200,3332
742300,3333
743000,3334
743900,3335
74400,3336
744100,3337
746200,3338
746700,3339
746800,3340
747700,3341
749700,3342
7500,3343
750000,3344
750600,3345
750800,3346
751100,3347
753100,3348
753300,3349
753600,3350
753700,3351
753900,3352
754000,3353
754400,3354
75500,3355
755600,3356
755800,3357
756000,3358
756800,3359
757100,3360
757300,3361
757600,3362
758400,3363
758500,3364
758800,3365
759600,3366
759900,3367
760100,3368
760800,3369
761200,3370
761300,3371
761500,3372
76200,3373
76300,3374
763600,3375
763800,3376
763900,3377
76400,3378
764300,3379
764400,3380
765000,3381
765300,3382
765700,3383
766200,3384
766500,3385
767100,3386
768200,3387
769000,3388
769900,3389
770000,3390
770100,3391
770300,3392
770600,3393
770700,3394
772700,3395
773100,3396
774600,3397
774900,3398
775000,3399
775400,3400
775500,3401
775700,3402
776900,3403
77700,3404
777000,3405
777100,3406
777300,3407
777700,3408
777800,3409
778300,3410
778600,3411
77900,3412
779200,3413
779400,3414
779500,3415
779700,3416
780400,3417
780500,3418
780600,3419
781100,3420
782200,3421
782700,3422
78300,3423
783500,3424
783900,3425
785200,3426
785700,3427
785800,3428
786300,3429
786600,3430
786800,3431
786900,3432
787500,3433
787600,3434
787800,3435
788300,3436
788700,3437
788900,3438
789000,3439
789200,3440
789500,3441
789800,3442
7900,3443
79000,3444
790000,3445
790200,3446
790400,3447
790800,3448
791000,3449
791100,3450
791400,3451
792400,3452
792500,3453
792700,3454
793400,3455
79400,3456
796600,3457
79700,3458
797400,3459
798500,3460
799000,3461
799600,3462
799700,3463
800,3464
80000,3465
800300,3466
80100,3467
801000,3468
801200,3469
802100,3470
803400,3471
804200,3472
804500,3473
804600,3474
80500,3475
805500,3476
805800,3477
807400,3478
8100,3479
810300,3480
810400,3481
810600,3482
810700,3483
811400,3484
811800,3485
813200,3486
813900,3487
814600,3488
814700,3489
815000,3490
815300,3491
815500,3492
816300,3493
817300,3494
817400,3495
817600,3496
818400,3497
819100,3498
820300,3499
820500,3500
820700,3501
82100,3502
821100,3503
821500,3504
821800,3505
821900,3506
822800,3507
823000,3508
823100,3509
823700,3510
824300,3511
824600,3512
825700,3513
825800,3514
825900,3515
826400,3516
826900,3517
827000,3518
827100,3519
827700,3520
828000,3521
828300,3522
829200,3523
83000,3524
830600,3525
83100,3526
83200,3527
832400,3528
832900,3529
83300,3530
833400,3531
833700,3532
834400,3533
834800,3534
834900,3535
835500,3536
836100,3537
836400,3538
83700,3539
837700,3540
837900,3541
83800,3542
838800,3543
838900,3544
839100,3545
839300,3546
839900,3547
840100,3548
840500,3549
84100,3550
841100,3551
841300,3552
841600,3553
841700,3554
841800,3555
84200,3556
842400,3557
842900,3558
843200,3559
843700,3560
844200,3561
844700,3562
844900,3563
845100,3564
845200,3565
845300,3566
845600,3567
845900,3568
846100,3569
846300,3570
846700,3571
847000,3572
847200,3573
847800,3574
848400,3575
848700,3576
84900,3577
849900,3578
850600,3579
850800,3580
851300,3581
851500,3582
851900,3583
85300,3584
853500,3585
854600,3586
855000,3587
855500,3588
856500,3589
856800,3590
85700,3591
857300,3592
85800,3593
8600,3594
86200,3595
86300,3596
863700,3597
864000,3598
864300,3599
864400,3600
864700,3601
864800,3602
865200,3603
865400,3604
865500,3605
866000,3606
866200,3607
866800,3608
867700,3609
868000,3610
868100,3611
868300,3612
868800,3613
869500,3614
870300,3615
870400,3616
870700,3617
870800,3618
87100,3619
871600,3620
871800,3621
872200,3622
872300,3623
872900,3624
87300,3625
873300,3626
874700,3627
874900,3628
875600,3629
875900,3630
876000,3631
876300,3632
876400,3633
876500,3634
876600,3635
876900,3636
877000,3637
877700,3638
877800,3639
878000,3640
878300,3641
878600,3642
879300,3643
881200,3644
881300,3645
881400,3646
881700,3647
882100,3648
882200,3649
882500,3650
883000,3651
884200,3652
885000,3653
885700,3654
886100,3655
887900,3656
888300,3657
889400,3658
890400,3659
89100,3660
891300,3661
891800,3662
89200,3663
892200,3664
892400,3665
892500,3666
894500,3667
895000,3668
895100,3669
895200,3670
895300,3671
896000,3672
896300,3673
896600,3674
896700,3675
899000,3676
899300,3677
900200,3678
901500,3679
901600,3680
902100,3681
902600,3682
902700,3683
903800,3684
90400,3685
90500,3686
905000,3687
905200,3688
906700,3689
906900,3690
907300,3691
907600,3692
908000,3693
908500,3694
90900,3695
909000,3696
909200,3697
909500,3698
91100,3699
911500,3700
912600,3701
912700,3702
913000,3703
913900,3704
914100,3705
914400,3706
914500,3707
914900,3708
91500,3709
915100,3710
915600,3711
916000,3712
916500,3713
917400,3714
917600,3715
917700,3716
917900,3717
919200,3718
919300,3719
919600,3720
92000,3721
920000,3722
921000,3723
921600,3724
922000,3725
922600,3726
922700,3727
922800,3728
92300,3729
923600,3730
923700,3731
923800,3732
924100,3733
924500,3734
924900,3735
925600,3736
925900,3737
926000,3738
926500,3739
926700,3740
927000,3741
927900,3742
92800,3743
928200,3744
928900,3745
929500,3746
9300,3747
931100,3748
933200,3749
934100,3750
935600,3751
936200,3752
937000,3753
937300,3754
93900,3755
939800,3756
939900,3757
940000,3758
941000,3759
941100,3760
942600,3761
942800,3762
943100,3763
943200,3764
943500,3765
944100,3766
944400,3767
945000,3768
945200,3769
945400,3770
946200,3771
946500,3772
947000,3773
947200,3774
94900,3775
949400,3776
949500,3777
950000,3778
950200,3779
950400,3780
950700,3781
950800,3782
95100,3783
952100,3784
953200,3785
953500,3786
953600,3787
953800,3788
953900,3789
954600,3790
955300,3791
955800,3792
956000,3793
956400,3794
956600,3795
956900,3796
957100,3797
957300,3798
958000,3799
958100,3800
958200,3801
958500,3802
958800,3803
960800,3804
962300,3805
962600,3806
96300,3807
963000,3808
963800,3809
964100,3810
964500,3811
964800,3812
964900,3813
965000,3814
965100,3815
965500,3816
96600,3817
966300,3818
966600,3819
967400,3820
967500,3821
967700,3822
96800,3823
968300,3824
968400,3825
968800,3826
96900,3827
969700,3828
970100,3829
970400,3830
970500,3831
97100,3832
971600,3833
971900,3834
973100,3835
973500,3836
974500,3837
975400,3838
976400,3839
976500,3840
977000,3841
977300,3842
978200,3843
978800,3844
97900,3845
979100,3846
979800,3847
980500,3848
980800,3849
980900,3850
98100,3851
981100,3852
981500,3853
981900,3854
982700,3855
983400,3856
983800,3857
984300,3858
984600,3859
986100,3860
986200,3861
987500,3862
987800,3863
988100,3864
988300,3865
988400,3866
988500,3867
988900,3868
989200,3869
989400,3870
9900,3871
990100,3872
990700,3873
991600,3874
991800,3875
992900,3876
993200,3877
993300,3878
994200,3879
995900,3880
997900,3881
1000000,3882
1000100,3883
1000500,3884
1000800,3885
1001400,3886
1001900,3887
1002500,3888
1003100,3889
1003900,3890
1004700,3891
100500,3892
1005100,3893
1005200,3894
1005400,3895
1006800,3896
1007600,3897
1007700,3898
1008000,3899
1008200,3900
1008300,3901
1008700,3902
1009300,3903
101000,3904
1010400,3905
1010800,3906
1011200,3907
1011900,3908
101200,3909
1012100,3910
1013300,3911
1013400,3912
1014100,3913
1014300,3914
1014900,3915
1015200,3916
1015900,3917
1017000,3918
1017600,3919
1017900,3920
102700,3921
102800,3922
102900,3923
103400,3924
103700,3925
104200,3926
104500,3927
104800,3928
104900,3929
105100,3930
105200,3931
105300,3932
10600,3933
106500,3934
108000,3935
108300,3936
108400,3937
108500,3938
108600,3939
109000,3940
1100,3941
110400,3942
110700,3943
110900,3944
11100,3945
111300,3946
111500,3947
112400,3948
112600,3949
112800,3950
113300,3951
115100,3952
115200,3953
115300,3954
115400,3955
115600,3956
116000,3957
116100,3958
116700,3959
118100,3960
118400,3961
118700,3962
118900,3963
119000,3964
119600,3965
120000,3966
120100,3967
120300,3968
121300,3969
122600,3970
122800,3971
122900,3972
12300,3973
123600,3974
124100,3975
124400,3976
125900,3977
126000,3978
126200,3979
126700,3980
127100,3981
127600,3982
12800,3983
129100,3984
129400,3985
129800,3986
130700,3987
131600,3988
131900,3989
132100,3990
132600,3991
133000,3992
133100,3993
133400,3994
13400,3995
134300,3996
134400,3997
134500,3998
134800,3999
135100,4000
136800,4001
137200,4002
138000,4003
138200,4004
138300,4005
138400,4006
138900,4007
139400,4008
140300,4009
141600,4010
141700,4011
142000,4012
142200,4013
142600,4014
143300,4015
143500,4016
143700,4017
144600,4018
144800,4019
145300,4020
146300,4021
146700,4022
147200,4023
14800,4024
148000,4025
148400,4026
148700,4027
149400,4028
149600,4029
149700,4030
150000,4031
150100,4032
150600,4033
151800,4034
151900,4035
152900,4036
15300,4037
153000,4038
153100,4039
153800,4040
15400,4041
154300,4042
154700,4043
154900,4044
155500,4045
155700,4046
156300,4047
156500,4048
156700,4049
157900,4050
158600,4051
158700,4052
158900,4053
159100,4054
159900,4055
160300,4056
160600,4057
160700,4058
161000,4059
161100,4060
161300,4061
162200,4062
162600,4063
16300,4064
163300,4065
164100,4066
164300,4067
164500,4068
165100,4069
165700,4070
165900,4071
166600,4072
167000,4073
16800,4074
168200,4075
168500,4076
168700,4077
168900,4078
16900,4079
169800,4080
170900,4081
171000,4082
171500,4083
17200,4084
173000,4085
173200,4086
173300,4087
173400,4088
174500,4089
174600,4090
175200,4091
176900,4092
177000,4093
178400,4094
178800,4095
17900,4096
179000,4097
179100,4098
179300,4099
180200,4100
180300,4101
180500,4102
180800,4103
181300,4104
182500,4105
18300,4106
183800,4107
184000,4108
184100,4109
184600,4110
184700,4111
18500,4112
185100,4113
185200,4114
185700,4115
185800,4116
186700,4117
187800,4118
187900,4119
188400,4120
188500,4121
18900,4122
190800,4123
191600,4124
191700,4125
191800,4126
192000,4127
19300,4128
193000,4129
193400,4130
193500,4131
193800,4132
19400,4133
194400,4134
196800,4135
197400,4136
197500,4137
198200,4138
198700,4139
19900,4140
199100,4141
200,4142
200000,4143
200100,4144
200300,4145
200700,4146
200900,4147
201900,4148
20200,4149
202100,4150
203200,4151
203700,4152
204400,4153
204500,4154
204900,4155
205000,4156
205300,4157
205400,4158
205900,4159
206300,4160
207000,4161
207600,4162
207900,4163
208100,4164
20900,4165
209300,4166
209400,4167
209500,4168
209600,4169
209700,4170
209800,4171
210400,4172
21100,4173
211200,4174
212900,4175
213100,4176
213300,4177
213400,4178
213900,4179
214400,4180
214800,4181
216200,4182
216400,4183
216700,4184
217100,4185
217700,4186
217900,4187
21800,4188
21900,4189
219800,4190
2200,4191
220500,4192
220600,4193
220900,4194
221800,4195
222100,4196
222200,4197
22300,4198
223200,4199
223600,4200
22400,4201
22500,4202
225000,4203
225600,4204
22600,4205
226500,4206
227200,4207
227300,4208
227400,4209
227500,4210
227600,4211
228500,4212
229200,4213
230300,4214
230500,4215
231200,4216
231400,4217
231800,4218
23200,4219
232000,4220
233300,4221
233400,4222
233500,4223
234000,4224
234200,4225
234500,4226
234700,4227
23500,4228
235000,4229
235300,4230
236300,4231
236400,4232
237000,4233
237100,4234
237300,4235
237700,4236
238100,4237
239100,4238
239800,4239
240500,4240
24100,4241
241000,4242
242000,4243
242300,4244
242700,4245
243000,4246
243100,4247
243200,4248
243500,4249
244200,4250
244900,4251
245000,4252
245500,4253
245700,4254
245900,4255
24700,4256
247100,4257
247300,4258
247400,4259
247800,4260
248400,4261
24900,4262
249200,4263
249500,4264
249900,4265
2500,4266
251400,4267
252500,4268
252800,4269
25300,4270
253500,4271
254600,4272
25500,4273
255700,4274
256000,4275
25700,4276
257900,4277
25800,4278
258300,4279
258500,4280
258900,4281
259500,4282
26000,4283
260000,4284
260400,4285
260600,4286
261000,4287
261300,4288
261500,4289
262500,4290
262600,4291
263600,4292
264200,4293
264400,4294
264700,4295
264800,4296
265000,4297
265100,4298
265400,4299
265600,4300
265700,4301
266300,4302
266700,4303
267500,4304
267600,4305
26800,4306
269400,4307
269500,4308
269600,4309
269900,4310
27000,4311
270400,4312
270500,4313
270600,4314
270800,4315
271400,4316
271500,4317
271800,4318
272900,4319
273900,4320
27400,4321
274200,4322
274300,4323
274600,4324
27500,4325
275000,4326
275100,4327
275800,4328
276200,4329
276700,4330
276900,4331
277100,4332
277900,4333
278600,4334
278900,4335
279000,4336
279100,4337
279300,4338
2800,4339
280600,4340
280900,4341
281100,4342
281400,4343
281700,4344
282300,4345
282700,4346
283500,4347
284400,4348
284600,4349
284900,4350
285400,4351
286100,4352
287800,4353
288400,4354
288500,4355
28900,4356
289100,4357
289700,4358
2900,4359
29000,4360
29200,4361
292700,4362
294200,4363
294800,4364
295100,4365
295200,4366
295800,4367
297100,4368
297800,4369
298500,4370
299700,4371
299800,4372
3000,4373
300000,4374
300200,4375
300400,4376
300500,4377
30200,4378
302400,4379
303300,4380
303400,4381
303500,4382
303600,4383
303800,4384
30400,4385
304700,4386
304900,4387
30500,4388
305200,4389
305300,4390
305700,4391
305800,4392
306600,4393
307500,4394
30800,4395
308700,4396
30900,4397
309200,4398
309500,4399
309600,4400
310200,4401
310800,4402
310900,4403
311900,4404
312300,4405
312600,4406
31300,4407
313600,4408
313900,4409
314600,4410
315600,4411
315700,4412
316100,4413
316800,4414
31700,4415
317100,4416
317400,4417
317700,4418
318400,4419
318900,4420
319100,4421
319300,4422
319600,4423
319700,4424
320300,4425
320400,4426
321400,4427
322400,4428
322600,4429
32300,4430
323300,4431
323700,4432
324200,4433
32500,4434
325700,4435
326100,4436
326800,4437
327100,4438
327500,4439
327700,4440
327800,4441
32800,4442
328700,4443
329000,4444
329400,4445
329800,4446
330500,4447
330600,4448
330900,4449
331500,4450
331700,4451
331800,4452
332000,4453
332100,4454
332800,4455
333400,4456
333700,4457
333900,4458
335000,4459
335100,4460
335400,4461
336000,4462
336200,4463
336700,4464
338000,4465
338100,4466
339100,4467
340000,4468
340300,4469
340400,4470
34100,4471
341500,4472
342900,4473
343700,4474
34400,4475
344100,4476
345100,4477
345300,4478
345400,4479
345600,4480
346200,4481
347600,4482
34900,4483
349000,4484
35000,4485
350300,4486
350400,4487
350900,4488
351000,4489
352000,4490
352600,4491
353200,4492
353300,4493
353400,4494
353600,4495
354200,4496
354600,4497
35500,4498
355300,4499
355500,4500
355600,4501
355800,4502
356100,4503
356500,4504
356700,4505
35700,4506
357000,4507
357600,4508
35800,4509
358000,4510
359200,4511
36000,4512
360100,4513
361300,4514
361400,4515
361600,4516
361800,4517
362200,4518
362500,4519
362700,4520
363100,4521
363500,4522
363600,4523
363700,4524
364200,4525
36500,4526
365900,4527
36600,4528
366200,4529
366500,4530
366600,4531
366700,4532
367200,4533
367500,4534
367900,4535
368500,4536
368600,4537
369700,4538
370500,4539
370900,4540
37100,4541
371700,4542
371900,4543
37200,4544
372700,4545
37300,4546
373000,4547
373700,4548
373800,4549
374100,4550
374500,4551
374600,4552
374700,4553
374900,4554
375200,4555
375400,4556
376000,4557
376900,4558
37700,4559
378000,4560
378600,4561
379500,4562
379800,4563
3800,4564
38000,4565
380900,4566
38100,4567
381000,4568
381300,4569
381800,4570
38200,4571
382100,4572
382700,4573
383100,4574
383200,4575
383500,4576
38400,4577
384000,4578
384500,4579
384800,4580
384900,4581
38500,4582
385700,4583
385900,4584
387100,4585
387500,4586
387900,4587
388700,4588
388800,4589
388900,4590
38900,4591
389300,4592
389400,4593
390100,4594
390300,4595
390700,4596
391300,4597
391400,4598
391500,4599
391600,4600
391700,4601
392000,4602
392100,4603
392600,4604
39300,4605
393200,4606
393400,4607
394000,4608
394100,4609
394400,4610
394500,4611
394800,4612
395200,4613
396300,4614
396500,4615
396700,4616
396900,4617
397200,4618
397700,4619
397900,4620
39800,4621
398000,4622
398200,4623
398500,4624
399300,4625
399900,4626
400000,4627
400600,4628
401000,4629
401100,4630
402400,4631
402800,4632
40300,4633
403000,4634
403400,4635
404400,4636
404700,4637
40500,4638
405500,4639
40600,4640
406300,4641
406500,4642
406700,4643
407700,4644
408900,4645
40900,4646
410100,4647
410200,4648
411600,4649
411800,4650
41200,4651
412100,4652
412500,4653
412900,4654
413000,4655
413100,4656
41400,4657
414200,4658
414400,4659
414700,4660
415300,4661
415400,4662
415800,4663
417000,4664
417100,4665
417200,4666
417600,4667
418200,4668
41900,4669
419700,4670
419800,4671
420800,4672
422700,4673
422800,4674
423500,4675
424000,4676
424200,4677
424400,4678
424600,4679
424700,4680
425400,4681
426000,4682
426600,4683
427400,4684
427800,4685
428500,4686
428600,4687
428700,4688
428800,4689
429600,4690
430300,4691
430500,4692
430700,4693
43100,4694
431700,4695
432300,4696
432400,4697
432600,4698
433100,4699
433400,4700
434000,4701
435200,4702
435800,4703
436500,4704
437200,4705
437500,4706
437700,4707
438300,4708
438600,4709
439100,4710
439700,4711
4400,4712
440600,4713
440700,4714
441000,4715
441300,4716
441900,4717
442300,4718
442600,4719
44300,4720
443500,4721
443600,4722
443900,4723
444700,4724
444800,4725
445000,4726
445200,4727
445700,4728
445800,4729
445900,4730
44600,4731
446600,4732
448000,4733
448600,4734
448900,4735
449000,4736
449900,4737
450400,4738
450900,4739
451100,4740
451500,4741
452400,4742
452600,4743
452800,4744
454400,4745
454500,4746
454600,4747
455300,4748
455900,4749
45600,4750
456100,4751
456300,4752
456400,4753
456600,4754
456900,4755
457200,4756
457300,4757
457500,4758
457600,4759
458100,4760
458300,4761
458700,4762
459100,4763
459300,4764
459800,4765
460400,4766
461200,4767
462000,4768
463300,4769
463800,4770
464700,4771
465500,4772
465800,4773
466000,4774
466900,4775
467100,4776
467200,4777
467300,4778
468800,4779
469100,4780
469200,4781
469600,4782
469800,4783
4700,4784
470200,4785
470300,4786
470400,4787
47100,4788
471300,4789
471700,4790
472800,4791
473200,4792
473900,4793
474400,4794
475900,4795
476300,4796
476500,4797
478300,4798
478400,4799
478700,4800
478900,4801
479000,4802
479900,4803
481400,4804
482700,4805
482900,4806
48400,4807
485500,4808
485600,4809
486600,4810
48700,4811
487200,4812
487600,4813
488400,4814
488500,4815
489100,4816
489500,4817
489600,4818
489900,4819
490000,4820
490200,4821
490900,4822
491400,4823
492300,4824
492800,4825
493000,4826
494000,4827
49500,4828
49600,4829
496200,4830
496700,4831
496900,4832
497000,4833
497100,4834
497200,4835
497300,4836
497600,4837
49800,4838
498300,4839
498600,4840
498800,4841
500,4842
500200,4843
502000,4844
502400,4845
502900,4846
503100,4847
503700,4848
504600,4849
504700,4850
505200,4851
506500,4852
506800,4853
507400,4854
507800,4855
508100,4856
508200,4857
509000,4858
510200,4859
510300,4860
510500,4861
510600,4862
510700,4863
51100,4864
511000,4865
511500,4866
511900,4867
512800,4868
513100,4869
513400,4870
513500,4871
514400,4872
514600,4873
515200,4874
515400,4875
516200,4876
516300,4877
517600,4878
517900,4879
518200,4880
518300,4881
518500,4882
518600,4883
518800,4884
518900,4885
519600,4886
519900,4887
520900,4888
521000,4889
521200,4890
521600,4891
52200,4892
522200,4893
522300,4894
523400,4895
524100,4896
524200,4897
524300,4898
525300,4899
525400,4900
525500,4901
525900,4902
526100,4903
526500,4904
526700,4905
526900,4906
527000,4907
527900,4908
528000,4909
528900,4910
52900,4911
529300,4912
529500,4913
530000,4914
530500,4915
530600,4916
531200,4917
531700,4918
532000,4919
532300,4920
532500,4921
532800,4922
533200,4923
534600,4924
535400,4925
535600,4926
536400,4927
536700,4928
537200,4929
537500,4930
538600,4931
538900,4932
539300,4933
539400,4934
539900,4935
54000,4936
540000,4937
540800,4938
543000,4939
543700,4940
544000,4941
544100,4942
544200,4943
545600,4944
545700,4945
545900,4946
546400,4947
547500,4948
547700,4949
548700,4950
549000,4951
549200,4952
549700,4953
5500,4954
55300,4955
553100,4956
554100,4957
554600,4958
554800,4959
556600,4960
55800,4961
558400,4962
558500,4963
559900,4964
5600,4965
560000,4966
560400,4967
561400,4968
561500,4969
562900,4970
563500,4971
564600,4972
564800,4973
564900,4974
565200,4975
565900,4976
566900,4977
567000,4978
567100,4979
567700,4980
568000,4981
568300,4982
568600,4983
568700,4984
56900,4985
569400,4986
57000,4987
570000,4988
571300,4989
571500,4990
571800,4991
57200,4992
572100,4993
572400,4994
572500,4995
572800,4996
573000,4997
573900,4998
57400,4999
574800,5000
575000,5001
575100,5002
576200,5003
577300,5004
578300,5005
578500,5006
578600,5007
578700,5008
579100,5009
579200,5010
579500,5011
579800,5012
580000,5013
580400,5014
580500,5015
581400,5016
581600,5017
581900,5018
582200,5019
583300,5020
583700,5021
583800,5022
584600,5023
585100,5024
586400,5025
587800,5026
588100,5027
588700,5028
590100,5029
59200,5030
592000,5031
593400,5032
593900,5033
594000,5034
594100,5035
594300,5036
594900,5037
595900,5038
59600,5039
596100,5040
596200,5041
596300,5042
596500,5043
597400,5044
597800,5045
597900,5046
598400,5047
598600,5048
59900,5049
599400,5050
599800,5051
600,5052
60000,5053
600400,5054
600900,5055
601100,5056
601200,5057
602900,5058
603300,5059
604100,5060
604500,5061
605700,5062
605800,5063
606000,5064
606500,5065
606900,5066
607200,5067
60800,5068
60900,5069
609000,5070
609300,5071
609600,5072
610200,5073
610800,5074
612000,5075
612400,5076
614200,5077
614500,5078
615300,5079
615600,5080
61600,5081
616100,5082
616200,5083
616400,5084
616700,5085
617300,5086
618300,5087
619200,5088
619300,5089
6200,5090
620200,5091
62100,5092
621700,5093
621900,5094
622600,5095
623100,5096
623400,5097
624500,5098
625000,5099
625700,5100
626100,5101
627400,5102
629700,5103
6300,5104
63000,5105
630500,5106
630900,5107
631200,5108
631300,5109
631600,5110
631700,5111
631800,5112
631900,5113
632000,5114
632100,5115
63300,5116
633900,5117
634100,5118
634300,5119
634800,5120
635000,5121
635100,5122
635600,5123
636600,5124
636900,5125
637800,5126
638900,5127
63900,5128
639000,5129
639800,5130
640000,5131
640300,5132
640400,5133
640600,5134
640700,5135
641800,5136
641900,5137
642500,5138
643100,5139
643500,5140
643700,5141
643900,5142
644400,5143
644500,5144
644700,5145
647200,5146
647300,5147
648800,5148
64900,5149
649100,5150
649700,5151
649900,5152
650500,5153
650600,5154
650900,5155
65100,5156
651100,5157
651600,5158
651800,5159
652300,5160
652400,5161
652600,5162
653200,5163
653900,5164
654300,5165
654800,5166
655200,5167
655500,5168
655700,5169
65600,5170
656200,5171
656400,5172
656900,5173
657500,5174
658100,5175
658900,5176
65900,5177
6600,5178
66000,5179
660100,5180
660600,5181
661000,5182
661700,5183
662300,5184
662500,5185
662800,5186
663000,5187
663400,5188
664400,5189
664900,5190
665400,5191
666200,5192
666500,5193
666900,5194
66700,5195
667100,5196
667500,5197
667700,5198
668100,5199
668400,5200
668600,5201
669400,5202
669600,5203
670100,5204
670700,5205
671300,5206
671600,5207
672400,5208
672600,5209
673100,5210
673200,5211
673400,5212
674100,5213
674200,5214
674900,5215
67500,5216
675600,5217
675900,5218
67600,5219
677100,5220
678600,5221
679000,5222
679200,5223
680400,5224
681000,5225
681800,5226
682800,5227
682900,5228
683100,5229
683700,5230
684600,5231
685000,5232
685900,5233
686700,5234
68700,5235
687000,5236
687800,5237
687900,5238
688000,5239
688100,5240
688700,5241
689600,5242
691200,5243
691400,5244
691600,5245
693300,5246
693900,5247
694300,5248
695200,5249
695800,5250
696500,5251
696800,5252
69700,5253
697000,5254
697100,5255
697300,5256
697500,5257
698000,5258
698400,5259
698700,5260
699100,5261
699600,5262
700300,5263
70100,5264
701300,5265
701600,5266
702000,5267
702700,5268
703800,5269
704400,5270
704600,5271
705200,5272
705500,5273
705800,5274
706200,5275
706600,5276
707500,5277
70800,5278
708700,5279
709000,5280
709200,5281
709700,5282
71000,5283
710600,5284
710700,5285
71200,5286
712100,5287
712400,5288
712600,5289
713300,5290
714700,5291
715200,5292
715500,5293
71600,5294
716000,5295
716900,5296
71700,5297
71800,5298
718200,5299
718400,5300
719000,5301
719800,5302
7200,5303
721100,5304
721400,5305
722500,5306
723900,5307
724500,5308
725100,5309
726200,5310
726400,5311
726600,5312
726800,5313
726900,5314
727100,5315
727700,5316
72800,5317
728500,5318
728600,5319
729200,5320
729500,5321
729700,5322
729800,5323
730400,5324
730600,5325
730700,5326
731700,5327
731900,5328
732300,5329
732400,5330
733500,5331
734000,5332
734800,5333
734900,5334
735400,5335
735600,5336
736500,5337
736700,5338
736800,5339
736900,5340
737000,5341
737100,5342
737600,5343
739200,5344
739700,5345
739800,5346
739900,5347
74000,5348
740000,5349
740100,5350
740400,5351
740900,5352
743800,5353
744200,5354
744800,5355
745300,5356
745400,5357
745700,5358
745800,5359
746500,5360
746900,5361
74700,5362
748500,5363
748900,5364
749300,5365
749500,5366
750200,5367
751300,5368
751600,5369
752000,5370
752100,5371
752200,5372
752700,5373
753200,5374
75400,5375
754100,5376
754800,5377
754900,5378
755000,5379
756500,5380
756700,5381
756900,5382
757000,5383
757200,5384
757800,5385
75800,5386
759000,5387
759300,5388
759400,5389
76000,5390
761000,5391
761400,5392
761800,5393
761900,5394
762300,5395
762500,5396
763200,5397
763700,5398
765100,5399
765500,5400
765600,5401
766000,5402
766100,5403
766700,5404
76700,5405
76800,5406
768000,5407
769600,5408
769700,5409
771000,5410
773000,5411
773900,5412
774700,5413
775800,5414
776200,5415
776600,5416
777500,5417
778200,5418
779300,5419
7800,5420
78100,5421
781200,5422
781400,5423
781900,5424
782500,5425
784300,5426
784500,5427
784800,5428
785000,5429
785400,5430
787900,5431
788200,5432
788500,5433
789600,5434
790700,5435
791500,5436
791600,5437
791700,5438
791800,5439
793000,5440
793100,5441
793600,5442
793700,5443
794500,5444
794800,5445
795500,5446
795700,5447
795800,5448
79600,5449
796100,5450
796200,5451
796500,5452
797300,5453
797600,5454
797700,5455
798800,5456
79900,5457
8000,5458
800500,5459
800800,5460
802000,5461
802300,5462
80400,5463
804100,5464
806100,5465
807700,5466
807800,5467
808300,5468
808900,5469
809000,5470
809100,5471
810200,5472
810900,5473
811200,5474
811500,5475
811600,5476
811900,5477
813400,5478
814100,5479
814200,5480
815100,5481
816100,5482
816200,5483
81700,5484
817200,5485
817800,5486
818500,5487
819000,5488
819300,5489
819900,5490
82000,5491
820200,5492
820400,5493
820900,5494
821200,5495
821600,5496
821700,5497
822200,5498
822400,5499
822500,5500
823200,5501
823500,5502
823900,5503
82400,5504
824200,5505
825000,5506
826300,5507
826800,5508
82700,5509
827300,5510
82800,5511
828600,5512
828800,5513
829300,5514
829400,5515
829600,5516
8300,5517
830100,5518
830300,5519
832500,5520
832600,5521
833300,5522
833600,5523
835100,5524
835300,5525
835900,5526
836600,5527
836700,5528
838600,5529
838700,5530
840000,5531
840200,5532
840600,5533
840800,5534
840900,5535
841500,5536
842100,5537
842700,5538
843300,5539
843400,5540
844000,5541
844300,5542
844800,5543
845000,5544
845500,5545
846000,5546
847400,5547
847500,5548
848200,5549
848800,5550
848900,5551
849100,5552
849400,5553
849800,5554
850400,5555
851000,5556
851200,5557
852100,5558
852300,5559
853200,5560
853400,5561
853600,5562
853800,5563
853900,5564
854200,5565
85500,5566
855200,5567
855300,5568
855400,5569
856300,5570
856400,5571
856900,5572
857500,5573
858000,5574
858200,5575
858800,5576
859100,5577
859300,5578
859700,5579
860400,5580
861100,5581
861800,5582
862000,5583
862600,5584
862700,5585
862800,5586
863400,5587
865000,5588
867100,5589
867400,5590
867500,5591
868900,5592
869200,5593
869300,5594
870600,5595
871100,5596
871700,5597
87200,5598
872500,5599
873400,5600
874000,5601
874600,5602
875500,5603
876700,5604
87700,5605
877200,5606
87900,5607
879500,5608
879800,5609
8800,5610
880200,5611
880800,5612
881000,5613
882000,5614
882400,5615
882900,5616
885500,5617
886500,5618
886600,5619
886800,5620
887300,5621
887600,5622
887700,5623
887800,5624
88800,5625
888100,5626
889600,5627
889700,5628
8900,5629
890000,5630
890600,5631
890700,5632
890900,5633
891700,5634
891900,5635
892100,5636
892300,5637
892900,5638
893400,5639
893600,5640
894300,5641
894400,5642
894600,5643
894900,5644
895900,5645
896900,5646
897600,5647
898200,5648
898900,5649
899200,5650
899400,5651
899500,5652
899600,5653
900100,5654
900600,5655
900700,5656
900900,5657
90100,5658
901000,5659
901400,5660
901700,5661
902000,5662
902200,5663
902300,5664
903100,5665
903600,5666
904300,5667
904600,5668
904700,5669
905100,5670
905400,5671
905600,5672
905900,5673
906000,5674
906100,5675
906800,5676
907400,5677
907700,5678
907800,5679
908400,5680
909300,5681
909800,5682
91000,5683
910600,5684
911200,5685
911300,5686
911600,5687
912200,5688
912300,5689
912400,5690
914800,5691
915000,5692
915200,5693
915400,5694
915500,5695
915800,5696
91600,5697
916200,5698
916400,5699
918300,5700
918500,5701
918700,5702
918900,5703
919000,5704
919500,5705
920200,5706
920300,5707
920900,5708
921200,5709
921900,5710
922400,5711
922500,5712
923300,5713
924000,5714
925400,5715
925800,5716
92600,5717
926100,5718
926200,5719
926300,5720
92700,5721
927100,5722
927300,5723
928700,5724
93000,5725
930000,5726
930100,5727
930300,5728
930700,5729
930800,5730
93100,5731
931000,5732
931300,5733
931900,5734
932600,5735
932900,5736
933600,5737
933900,5738
934000,5739
934500,5740
934600,5741
934700,5742
93500,5743
935000,5744
935300,5745
935500,5746
935800,5747
936100,5748
936400,5749
936500,5750
936600,5751
937700,5752
937900,5753
938100,5754
938200,5755
938300,5756
938900,5757
939000,5758
939200,5759
939400,5760
940100,5761
940300,5762
940600,5763
941500,5764
94200,5765
942200,5766
942300,5767
942500,5768
943300,5769
944300,5770
94500,5771
945900,5772
946000,5773
946100,5774
946700,5775
947700,5776
947900,5777
948700,5778
949300,5779
950600,5780
951600,5781
952200,5782
952400,5783
952800,5784
954000,5785
956100,5786
956700,5787
956800,5788
95700,5789
957000,5790
957200,5791
95800,5792
958300,5793
959000,5794
959200,5795
959600,5796
960500,5797
960700,5798
960900,5799
961600,5800
962000,5801
962100,5802
962400,5803
963100,5804
965200,5805
965800,5806
966000,5807
967600,5808
968500,5809
968700,5810
969000,5811
969400,5812
969500,5813
969800,5814
970700,5815
970800,5816
972400,5817
972500,5818
972700,5819
97300,5820
973700,5821
974000,5822
974600,5823
974700,5824
975300,5825
975600,5826
975700,5827
976900,5828
977100,5829
977500,5830
977900,5831
979000,5832
979200,5833
979300,5834
979500,5835
979700,5836
9800,5837
980000,5838
980300,5839
980400,5840
980600,5841
98300,5842
983200,5843
984200,5844
984500,5845
984800,5846
985700,5847
986500,5848
986700,5849
986800,5850
986900,5851
987200,5852
987400,5853
987900,5854
988000,5855
988600,5856
989100,5857
989700,5858
990000,5859
990500,5860
991900,5861
992200,5862
992400,5863
992600,5864
992700,5865
992800,5866
993000,5867
993100,5868
993500,5869
993700,5870
994000,5871
995000,5872
995200,5873
995800,5874
99600,5875
996400,5876
996800,5877
99700,5878
997400,5879
997500,5880
998000,5881
998300,5882
998600,5883
999000,5884
999500,5885
999700,5886
1000700,5887
1001100,5888
1001200,5889
1001300,5890
1002600,5891
100300,5892
1003000,5893
1003800,5894
1004400,5895
1004600,5896
1005000,5897
1005700,5898
1006100,5899
1006300,5900
1007900,5901
1008400,5902
1008800,5903
1008900,5904
100900,5905
1009800,5906
1009900,5907
10100,5908
1010100,5909
1011700,5910
1011800,5911
1012200,5912
1012400,5913
1013700,5914
1014400,5915
1014600,5916
1014700,5917
1015000,5918
1015400,5919
1015500,5920
1015700,5921
1016000,5922
1016100,5923
1016300,5924
1017800,5925
10200,5926
102100,5927
102500,5928
103100,5929
103200,5930
104700,5931
10500,5932
107000,5933
107400,5934
109700,5935
110000,5936
110800,5937
111800,5938
111900,5939
112000,5940
112700,5941
11300,5942
113600,5943
113800,5944
114100,5945
115700,5946
11600,5947
116800,5948
117400,5949
117600,5950
117800,5951
117900,5952
119200,5953
119300,5954
119700,5955
119800,5956
119900,5957
12100,5958
121100,5959
121600,5960
121700,5961
121900,5962
12200,5963
122100,5964
122400,5965
122500,5966
123500,5967
123700,5968
124700,5969
125700,5970
127300,5971
127400,5972
128100,5973
128300,5974
128800,5975
12900,5976
129200,5977
129700,5978
1300,5979
13000,5980
130000,5981
130100,5982
130200,5983
130900,5984
131300,5985
131400,5986
131500,5987
132400,5988
132900,5989
13300,5990
133500,5991
133600,5992
133700,5993
134200,5994
135000,5995
135200,5996
135300,5997
136600,5998
136700,5999
13700,6000
137600,6001
137800,6002
137900,6003
13800,6004
138700,6005
13900,6006
139900,6007
140500,6008
141400,6009
14200,6010
142100,6011
14300,6012
143900,6013
144100,6014
144300,6015
144500,6016
145000,6017
145100,6018
145200,6019
145400,6020
145500,6021
146100,6022
146500,6023
147000,6024
147100,6025
147600,6026
148300,6027
148800,6028
14900,6029
149100,6030
1500,6031
151000,6032
15200,6033
153500,6034
153600,6035
154200,6036
154800,6037
15500,6038
155000,6039
155300,6040
155800,6041
156100,6042
157000,6043
157400,6044
157700,6045
15800,6046
158000,6047
158100,6048
158300,6049
15900,6050
159200,6051
159700,6052
159800,6053
161500,6054
161800,6055
161900,6056
162800,6057
163400,6058
163700,6059
164200,6060
164600,6061
164900,6062
165200,6063
166000,6064
166400,6065
166900,6066
167600,6067
169100,6068
169300,6069
169600,6070
169700,6071
169900,6072
170600,6073
17100,6074
171700,6075
172100,6076
172200,6077
172500,6078
173600,6079
173800,6080
174000,6081
174100,6082
174400,6083
174900,6084
17500,6085
17700,6086
177100,6087
177400,6088
177800,6089
178500,6090
179200,6091
179400,6092
180700,6093
181100,6094
181200,6095
18200,6096
182000,6097
182300,6098
182400,6099
182600,6100
182700,6101
182800,6102
183900,6103
18400,6104
184400,6105
185000,6106
185400,6107
185500,6108
186500,6109
18700,6110
187400,6111
187500,6112
187700,6113
188100,6114
188700,6115
189000,6116
189500,6117
189700,6118
19000,6119
190200,6120
190500,6121
191100,6122
192200,6123
192900,6124
193100,6125
193200,6126
194300,6127
194800,6128
195300,6129
195900,6130
19600,6131
196200,6132
196500,6133
196600,6134
196900,6135
197300,6136
197800,6137
198000,6138
198100,6139
198300,6140
199000,6141
199500,6142
199600,6143
199700,6144
199800,6145
199900,6146
20000,6147
200200,6148
200400,6149
20100,6150
201500,6151
202200,6152
202500,6153
203400,6154
205700,6155
205800,6156
206500,6157
207200,6158
207400,6159
208600,6160
208900,6161
210000,6162
210900,6163
211100,6164
211300,6165
211500,6166
211700,6167
21200,6168
212300,6169
213600,6170
214300,6171
214700,6172
21500,6173
215500,6174
215600,6175
21600,6176
216000,6177
216100,6178
216500,6179
217500,6180
220200,6181
221400,6182
222400,6183
223800,6184
224300,6185
224400,6186
224500,6187
224700,6188
224800,6189
225100,6190
225300,6191
225400,6192
22700,6193
227100,6194
228000,6195
228100,6196
228300,6197
228600,6198
229000,6199
229400,6200
230600,6201
231700,6202
232800,6203
234400,6204
235800,6205
235900,6206
236200,6207
238200,6208
238400,6209
238500,6210
238600,6211
238900,6212
239000,6213
240100,6214
240700,6215
241400,6216
241500,6217
241700,6218
241900,6219
242600,6220
24300,6221
243600,6222
243800,6223
243900,6224
24400,6225
244000,6226
244800,6227
245300,6228
246300,6229
248000,6230
248600,6231
25000,6232
250300,6233
250900,6234
25100,6235
251900,6236
252300,6237
253000,6238
253900,6239
25400,6240
254200,6241
254500,6242
255500,6243
255600,6244
256700,6245
257300,6246
257400,6247
258700,6248
258800,6249
259000,6250
259100,6251
259600,6252
259700,6253
261100,6254
261700,6255
263000,6256
263500,6257
263700,6258
263800,6259
264000,6260
264100,6261
264500,6262
266800,6263
267200,6264
267300,6265
267700,6266
267800,6267
268300,6268
268600,6269
269700,6270
269800,6271
270200,6272
271200,6273
271700,6274
271900,6275
272700,6276
273100,6277
273300,6278
273400,6279
273500,6280
273700,6281
273800,6282
274100,6283
27600,6284
276500,6285
276800,6286
277200,6287
277500,6288
277800,6289
278100,6290
278200,6291
278500,6292
279200,6293
280200,6294
281900,6295
28200,6296
282100,6297
282200,6298
282900,6299
283200,6300
28400,6301
284700,6302
285300,6303
286200,6304
286300,6305
286500,6306
286700,6307
287200,6308
288200,6309
288300,6310
288700,6311
289000,6312
289200,6313
290100,6314
290300,6315
290600,6316
29100,6317
291100,6318
291800,6319
292300,6320
292500,6321
292600,6322
292800,6323
29300,6324
293000,6325
293400,6326
293500,6327
294300,6328
294400,6329
295000,6330
295300,6331
295600,6332
29600,6333
296000,6334
296100,6335
296700,6336
297300,6337
297400,6338
297500,6339
298700,6340
298800,6341
298900,6342
299300,6343
299900,6344
30000,6345
300900,6346
301100,6347
301300,6348
301800,6349
302500,6350
302600,6351
303100,6352
303900,6353
304100,6354
304500,6355
305100,6356
305600,6357
306000,6358
306300,6359
306400,6360
306500,6361
306700,6362
308200,6363
308800,6364
309300,6365
309400,6366
309900,6367
310400,6368
311000,6369
311400,6370
311700,6371
312000,6372
312700,6373
313400,6374
313700,6375
314100,6376
316200,6377
316500,6378
317500,6379
318000,6380
318300,6381
318700,6382
31900,6383
319800,6384
32000,6385
320100,6386
320500,6387
320800,6388
321300,6389
321500,6390
32200,6391
322000,6392
322100,6393
322800,6394
323100,6395
323200,6396
323400,6397
323500,6398
32400,6399
325000,6400
325200,6401
325900,6402
326200,6403
326300,6404
327000,6405
327300,6406
327400,6407
328000,6408
328100,6409
328300,6410
328500,6411
328600,6412
32900,6413
329700,6414
33000,6415
330100,6416
330800,6417
33100,6418
331000,6419
331100,6420
331900,6421
332500,6422
333300,6423
334100,6424
334200,6425
334400,6426
335500,6427
336800,6428
33700,6429
337300,6430
337700,6431
337800,6432
338300,6433
338700,6434
33900,6435
339000,6436
339300,6437
339600,6438
339900,6439
340200,6440
341200,6441
341300,6442
341400,6443
341600,6444
341700,6445
342100,6446
342400,6447
342800,6448
343200,6449
343800,6450
344300,6451
344400,6452
345500,6453
345700,6454
346000,6455
346100,6456
346800,6457
346900,6458
34700,6459
347500,6460
347900,6461
348700,6462
348800,6463
349100,6464
349200,6465
349600,6466
349700,6467
349900,6468
350000,6469
350800,6470
351200,6471
351300,6472
352100,6473
352200,6474
352400,6475
352500,6476
352800,6477
353000,6478
35400,6479
354000,6480
354700,6481
354900,6482
355000,6483
355900,6484
356300,6485
356800,6486
356900,6487
357700,6488
358500,6489
360200,6490
360600,6491
360900,6492
361500,6493
362100,6494
363000,6495
363400,6496
364400,6497
364600,6498
365500,6499
366100,6500
366400,6501
366900,6502
367600,6503
368000,6504
368400,6505
370600,6506
370700,6507
370800,6508
371600,6509
371800,6510
372200,6511
372500,6512
373200,6513
37400,6514
374000,6515
374200,6516
37500,6517
375500,6518
375800,6519
375900,6520
376200,6521
376700,6522
376800,6523
377000,6524
377800,6525
379600,6526
379700,6527
380400,6528
380600,6529
381500,6530
381900,6531
382300,6532
382800,6533
383600,6534
383700,6535
384600,6536
386400,6537
387300,6538
387600,6539
388100,6540
388600,6541
389000,6542
389100,6543
389500,6544
389600,6545
389900,6546
390200,6547
391900,6548
39200,6549
393100,6550
393600,6551
393800,6552
394300,6553
395000,6554
395100,6555
395400,6556
395500,6557
395600,6558
397400,6559
397500,6560
397600,6561
398100,6562
399700,6563
401300,6564
401400,6565
402200,6566
402300,6567
402900,6568
40400,6569
404000,6570
404600,6571
405100,6572
405300,6573
405600,6574
405700,6575
406100,6576
406400,6577
406800,6578
407100,6579
407300,6580
407500,6581
409800,6582
409900,6583
41000,6584
410000,6585
410400,6586
411200,6587
411500,6588
413500,6589
414500,6590
416400,6591
416600,6592
417300,6593
417400,6594
417700,6595
418400,6596
419200,6597
419600,6598
420200,6599
420500,6600
421000,6601
421600,6602
421900,6603
42200,6604
422300,6605
42300,6606
423100,6607
423700,6608
424100,6609
425500,6610
425800,6611
426300,6612
427700,6613
428000,6614
428200,6615
428300,6616
42900,6617
429000,6618
429800,6619
4300,6620
430900,6621
431900,6622
432200,6623
433700,6624
434300,6625
434400,6626
434500,6627
434800,6628
434900,6629
435100,6630
435600,6631
436000,6632
436600,6633
436900,6634
437000,6635
438100,6636
438200,6637
438800,6638
438900,6639
439200,6640
440100,6641
440200,6642
440300,6643
440500,6644
441200,6645
441600,6646
441700,6647
443800,6648
444000,6649
444400,6650
444500,6651
44500,6652
445100,6653
445300,6654
445500,6655
446800,6656
44700,6657
44800,6658
448100,6659
448200,6660
448800,6661
449100,6662
45000,6663
450500,6664
451000,6665
451200,6666
451300,6667
451900,6668
452300,6669
452500,6670
453000,6671
453400,6672
453500,6673
453600,6674
453700,6675
45400,6676
454100,6677
455100,6678
455400,6679
457400,6680
457700,6681
457800,6682
459000,6683
459600,6684
460800,6685
460900,6686
46100,6687
461700,6688
461900,6689
462200,6690
462300,6691
462600,6692
46300,6693
463000,6694
463100,6695
463500,6696
466100,6697
466800,6698
46700,6699
468100,6700
468200,6701
468500,6702
469500,6703
47000,6704
470800,6705
471000,6706
471100,6707
472200,6708
472500,6709
472700,6710
472900,6711
473000,6712
473100,6713
473500,6714
474600,6715
474700,6716
475200,6717
475400,6718
475600,6719
476000,6720
47700,6721
477200,6722
47900,6723
479100,6724
479400,6725
479500,6726
480000,6727
480400,6728
480900,6729
481100,6730
48200,6731
482500,6732
483300,6733
483400,6734
484000,6735
484300,6736
484600,6737
484700,6738
48500,6739
486000,6740
486200,6741
486300,6742
486700,6743
486800,6744
486900,6745
488100,6746
488300,6747
488600,6748
488900,6749
489000,6750
49000,6751
490500,6752
490800,6753
49100,6754
491800,6755
492000,6756
492500,6757
493100,6758
493200,6759
493300,6760
493900,6761
494100,6762
494400,6763
494500,6764
494700,6765
495200,6766
495300,6767
495700,6768
497500,6769
497900,6770
498900,6771
499000,6772
499400,6773
500100,6774
500400,6775
50100,6776
501100,6777
501300,6778
501400,6779
501600,6780
501800,6781
501900,6782
503500,6783
503900,6784
504500,6785
504900,6786
505300,6787
505400,6788
506200,6789
506400,6790
506700,6791
50700,6792
507100,6793
507500,6794
507900,6795
508300,6796
508400,6797
508600,6798
509100,6799
509700,6800
511200,6801
511600,6802
512100,6803
512200,6804
513200,6805
513300,6806
513700,6807
513900,6808
514100,6809
51500,6810
515300,6811
515800,6812
515900,6813
516600,6814
516900,6815
517300,6816
51800,6817
518000,6818
518100,6819
518700,6820
519000,6821
519200,6822
519500,6823
520300,6824
521500,6825
521700,6826
522100,6827
522700,6828
522800,6829
522900,6830
523000,6831
523100,6832
523600,6833
523700,6834
52400,6835
524600,6836
524700,6837
526200,6838
52700,6839
527500,6840
528200,6841
528500,6842
528600,6843
528700,6844
529800,6845
530200,6846
531100,6847
531300,6848
531600,6849
531900,6850
532100,6851
532900,6852
533100,6853
533300,6854
533900,6855
534300,6856
534900,6857
53500,6858
535100,6859
536300,6860
53700,6861
537000,6862
537400,6863
538300,6864
538500,6865
539100,6866
539700,6867
539800,6868
5400,6869
540100,6870
541300,6871
541800,6872
54200,6873
542700,6874
542800,6875
543300,6876
543400,6877
543500,6878
543600,6879
544500,6880
544900,6881
545000,6882
545200,6883
545400,6884
546200,6885
546500,6886
547100,6887
547400,6888
548400,6889
548500,6890
548600,6891
548800,6892
549300,6893
550000,6894
550500,6895
550900,6896
551400,6897
551800,6898
55200,6899
552800,6900
553500,6901
554000,6902
554200,6903
554300,6904
554700,6905
55500,6906
555300,6907
555400,6908
555900,6909
556200,6910
556400,6911
556700,6912
557000,6913
557700,6914
557800,6915
557900,6916
558200,6917
558300,6918
558600,6919
558900,6920
559800,6921
560800,6922
561000,6923
561200,6924
561300,6925
562200,6926
562800,6927
565300,6928
566000,6929
566700,6930
56700,6931
567400,6932
567500,6933
567900,6934
568800,6935
568900,6936
569800,6937
569900,6938
5700,6939
570700,6940
570800,6941
571400,6942
571600,6943
572300,6944
572600,6945
572900,6946
573700,6947
574200,6948
575300,6949
57600,6950
576100,6951
576300,6952
576400,6953
576700,6954
576900,6955
577900,6956
57800,6957
578100,6958
578400,6959
58000,6960
580200,6961
580800,6962
581000,6963
581100,6964
581500,6965
581700,6966
58200,6967
582500,6968
582600,6969
58300,6970
584200,6971
584700,6972
585000,6973
585600,6974
586300,6975
58700,6976
587400,6977
58800,6978
588000,6979
588400,6980
588500,6981
589100,6982
589200,6983
589400,6984
589500,6985
5900,6986
590300,6987
590600,6988
590700,6989
590800,6990
590900,6991
591100,6992
591900,6993
592200,6994
592600,6995
593300,6996
59400,6997
594700,6998
594800,6999
595200,7000
595300,7001
595700,7002
59700,7003
597700,7004
598200,7005
598700,7006
599000,7007
599200,7008
599500,7009
599600,7010
600100,7011
600500,7012
600600,7013
600800,7014
601300,7015
601500,7016
601600,7017
601900,7018
602100,7019
602300,7020
602400,7021
602600,7022
602700,7023
603800,7024
604000,7025
604200,7026
604800,7027
605100,7028
605200,7029
605300,7030
605400,7031
605500,7032
605600,7033
606300,7034
607500,7035
607900,7036
608100,7037
608900,7038
610600,7039
610700,7040
611100,7041
611200,7042
611300,7043
611400,7044
611500,7045
611600,7046
612700,7047
612800,7048
612900,7049
61300,7050
613400,7051
613700,7052
614000,7053
614100,7054
614300,7055
615400,7056
615500,7057
615800,7058
615900,7059
616800,7060
617400,7061
617800,7062
617900,7063
618000,7064
618800,7065
620000,7066
620400,7067
620800,7068
621200,7069
621400,7070
621600,7071
622300,7072
623600,7073
623900,7074
62400,7075
624200,7076
624300,7077
625200,7078
625300,7079
625400,7080
625500,7081
62600,7082
626000,7083
626400,7084
627000,7085
62800,7086
628300,7087
628700,7088
628800,7089
630600,7090
631000,7091
632200,7092
633400,7093
634000,7094
634500,7095
634700,7096
634900,7097
63500,7098
635400,7099
635900,7100
636300,7101
636500,7102
637200,7103
637300,7104
637400,7105
637600,7106
637700,7107
638400,7108
638700,7109
638800,7110
639100,7111
639200,7112
6400,7113
640100,7114
642200,7115
642700,7116
642900,7117
643400,7118
644300,7119
645900,7120
646200,7121
64700,7122
647900,7123
64800,7124
648000,7125
648200,7126
648700,7127
649300,7128
649400,7129
650300,7130
652100,7131
652800,7132
653400,7133
653600,7134
653700,7135
654200,7136
654500,7137
65500,7138
655000,7139
655100,7140
655400,7141
655600,7142
656100,7143
656700,7144
656800,7145
657100,7146
657300,7147
657400,7148
657600,7149
657900,7150
659000,7151
659200,7152
659500,7153
659700,7154
660300,7155
660500,7156
66100,7157
661200,7158
661300,7159
661900,7160
662000,7161
662400,7162
662700,7163
663100,7164
663900,7165
66400,7166
66500,7167
666000,7168
666800,7169
667800,7170
667900,7171
668200,7172
668700,7173
668800,7174
66900,7175
669300,7176
670000,7177
670400,7178
670500,7179
670900,7180
671000,7181
671500,7182
672000,7183
672300,7184
672700,7185
672800,7186
672900,7187
67300,7188
674000,7189
675300,7190
676800,7191
677000,7192
677600,7193
677800,7194
677900,7195
67800,7196
678400,7197
678500,7198
67900,7199
679400,7200
679800,7201
6800,7202
68000,7203
68100,7204
681200,7205
681300,7206
682000,7207
682200,7208
682500,7209
682600,7210
68300,7211
683200,7212
684100,7213
684300,7214
684500,7215
68500,7216
685500,7217
685600,7218
685800,7219
68600,7220
687200,7221
687400,7222
687700,7223
689100,7224
690500,7225
690700,7226
690900,7227
691100,7228
691300,7229
691700,7230
691900,7231
69200,7232
692300,7233
692700,7234
69300,7235
693000,7236
69400,7237
694000,7238
694200,7239
694800,7240
69500,7241
695400,7242
695600,7243
696100,7244
696400,7245
696600,7246
696900,7247
698100,7248
698500,7249
698800,7250
699200,7251
699300,7252
699400,7253
699800,7254
7000,7255
700500,7256
700900,7257
701200,7258
701400,7259
701500,7260
703300,7261
703500,7262
703700,7263
704000,7264
704200,7265
704900,7266
70500,7267
70600,7268
706500,7269
707000,7270
707700,7271
708200,7272
708500,7273
708900,7274
709300,7275
71100,7276
711300,7277
711400,7278
711600,7279
713000,7280
713400,7281
713800,7282
714100,7283
714300,7284
714600,7285
714800,7286
71500,7287
715100,7288
715400,7289
715600,7290
715700,7291
716400,7292
717100,7293
717500,7294
717700,7295
717800,7296
717900,7297
718600,7298
718800,7299
718900,7300
719100,7301
719200,7302
719600,7303
72000,7304
720100,7305
720800,7306
721500,7307
721800,7308
722100,7309
722800,7310
72300,7311
723000,7312
72400,7313
724300,7314
724400,7315
725300,7316
725400,7317
725600,7318
726300,7319
729000,7320
731000,7321
731400,7322
731800,7323
732500,7324
73300,7325
733400,7326
733600,7327
734200,7328
734300,7329
734500,7330
734700,7331
735000,7332
735300,7333
735500,7334
735900,7335
73600,7336
736300,7337
73700,7338
738300,7339
738400,7340
739500,7341
739600,7342
7400,7343
740500,7344
740700,7345
740800,7346
74100,7347
741800,7348
742700,7349
74300,7350
743100,7351
743200,7352
744500,7353
745100,7354
745900,7355
74600,7356
746000,7357
746100,7358
746400,7359
746600,7360
747100,7361
747200,7362
74900,7363
749200,7364
749400,7365
749600,7366
749900,7367
750100,7368
750300,7369
751000,7370
751200,7371
75200,7372
752600,7373
752900,7374
753400,7375
754600,7376
754700,7377
755400,7378
755700,7379
756600,7380
757400,7381
758600,7382
758900,7383
759500,7384
759800,7385
760000,7386
760400,7387
760900,7388
762200,7389
764500,7390
764700,7391
765400,7392
765800,7393
766600,7394
766900,7395
767400,7396
767500,7397
767700,7398
768400,7399
768900,7400
769200,7401
769800,7402
7700,7403
771100,7404
771600,7405
771700,7406
771800,7407
772100,7408
772300,7409
772400,7410
772500,7411
772900,7412
77300,7413
773700,7414
773800,7415
774000,7416
774200,7417
774300,7418
775100,7419
775300,7420
775900,7421
77600,7422
776000,7423
776100,7424
776700,7425
776800,7426
777200,7427
777400,7428
779000,7429
779900,7430
780000,7431
780100,7432
780700,7433
780800,7434
781600,7435
78200,7436
782300,7437
782400,7438
782800,7439
783100,7440
783200,7441
783400,7442
78400,7443
784000,7444
784100,7445
784200,7446
784600,7447
784700,7448
785300,7449
785900,7450
786200,7451
787100,7452
788800,7453
789400,7454
789700,7455
790500,7456
79100,7457
791200,7458
791900,7459
79200,7460
792000,7461
792300,7462
79300,7463
794400,7464
794900,7465
795200,7466
796400,7467
796800,7468
797100,7469
797500,7470
797900,7471
798000,7472
798900,7473
800100,7474
800600,7475
801100,7476
801500,7477
801800,7478
80200,7479
802700,7480
802900,7481
803200,7482
803800,7483
804000,7484
804400,7485
804700,7486
805100,7487
806300,7488
806900,7489
80700,7490
807200,7491
807300,7492
80800,7493
808700,7494
808800,7495
810800,7496
811000,7497
812400,7498
812500,7499
812900,7500
813500,7501
813800,7502
814800,7503
815800,7504
815900,7505
81600,7506
816700,7507
816900,7508
818200,7509
818300,7510
819400,7511
819600,7512
819700,7513
819800,7514
820600,7515
821300,7516
821400,7517
82200,7518
823400,7519
824900,7520
825100,7521
825300,7522
825400,7523
825500,7524
826500,7525
826700,7526
827500,7527
827800,7528
828400,7529
828500,7530
828900,7531
829000,7532
829700,7533
829900,7534
830000,7535
830400,7536
830500,7537
831000,7538
831300,7539
831700,7540
832000,7541
832800,7542
833000,7543
833200,7544
833500,7545
834700,7546
835200,7547
836000,7548
836800,7549
837100,7550
837300,7551
837400,7552
837500,7553
839500,7554
839600,7555
840300,7556
841000,7557
841400,7558
842500,7559
842600,7560
842800,7561
84300,7562
843000,7563
843500,7564
84400,7565
845700,7566
84600,7567
846200,7568
846400,7569
847600,7570
848300,7571
848600,7572
849300,7573
8500,7574
850100,7575
850200,7576
85100,7577
851100,7578
851400,7579
852200,7580
852700,7581
854500,7582
854700,7583
855600,7584
856000,7585
856700,7586
857400,7587
857700,7588
858100,7589
858300,7590
858400,7591
858500,7592
858900,7593
85900,7594
859200,7595
859500,7596
859800,7597
860000,7598
860500,7599
860700,7600
860900,7601
861400,7602
861700,7603
861900,7604
862300,7605
862400,7606
862900,7607
86400,7608
864100,7609
864500,7610
864600,7611
864900,7612
866900,7613
867000,7614
867800,7615
867900,7616
868700,7617
869000,7618
869100,7619
869700,7620
869800,7621
869900,7622
8700,7623
870200,7624
870900,7625
871000,7626
872400,7627
872600,7628
873100,7629
873700,7630
873900,7631
875000,7632
875200,7633
875300,7634
87600,7635
876100,7636
876200,7637
876800,7638
877100,7639
877400,7640
878100,7641
878400,7642
878800,7643
878900,7644
879100,7645
879600,7646
879700,7647
880000,7648
880900,7649
88100,7650
881100,7651
881500,7652
881800,7653
88200,7654
882800,7655
883500,7656
883800,7657
883900,7658
88400,7659
884000,7660
884500,7661
884700,7662
884800,7663
884900,7664
885100,7665
885600,7666
885900,7667
886700,7668
887100,7669
887200,7670
888000,7671
888600,7672
889000,7673
889200,7674
889900,7675
890200,7676
892800,7677
893300,7678
893900,7679
894000,7680
894100,7681
894800,7682
895400,7683
895700,7684
896100,7685
896200,7686
896400,7687
896800,7688
897100,7689
897200,7690
898000,7691
899100,7692
899700,7693
900800,7694
901100,7695
901900,7696
90200,7697
902400,7698
902800,7699
902900,7700
903300,7701
903400,7702
905300,7703
906200,7704
906400,7705
906500,7706
907900,7707
908600,7708
910200,7709
910300,7710
91200,7711
912500,7712
912800,7713
913400,7714
913600,7715
914000,7716
914200,7717
914700,7718
916600,7719
918100,7720
918600,7721
918800,7722
919800,7723
920100,7724
920700,7725
920800,7726
921500,7727
921700,7728
921800,7729
92200,7730
922100,7731
922300,7732
922900,7733
923200,7734
923500,7735
923900,7736
92400,7737
924200,7738
924600,7739
924700,7740
92500,7741
925500,7742
925700,7743
928000,7744
928100,7745
928300,7746
928400,7747
928500,7748
92900,7749
929000,7750
929100,7751
929200,7752
929300,7753
929400,7754
929700,7755
929800,7756
929900,7757
930200,7758
930400,7759
930500,7760
931400,7761
932000,7762
932100,7763
932200,7764
932300,7765
932400,7766
932500,7767
932800,7768
933000,7769
933800,7770
935400,7771
935700,7772
935900,7773
936900,7774
937400,7775
938000,7776
938600,7777
9400,7778
940200,7779
940400,7780
940500,7781
940700,7782
940900,7783
94100,7784
941700,7785
941900,7786
94300,7787
943000,7788
943600,7789
943800,7790
944000,7791
944500,7792
944600,7793
944700,7794
945100,7795
945700,7796
94600,7797
946600,7798
946900,7799
94800,7800
948100,7801
948500,7802
948900,7803
949900,7804
950900,7805
951000,7806
951100,7807
951200,7808
951500,7809
951800,7810
951900,7811
952000,7812
952500,7813
953400,7814
95400,7815
954200,7816
955000,7817
955200,7818
955600,7819
955700,7820
95600,7821
957600,7822
957900,7823
958600,7824
958700,7825
959300,7826
959500,7827
96000,7828
960000,7829
960600,7830
96100,7831
961100,7832
961300,7833
961400,7834
961500,7835
961700,7836
961900,7837
962700,7838
963300,7839
963400,7840
963600,7841
96400,7842
96500,7843
965600,7844
966100,7845
966500,7846
967100,7847
969100,7848
969300,7849
969600,7850
970200,7851
970300,7852
970900,7853
971000,7854
971200,7855
971300,7856
971400,7857
972100,7858
972600,7859
973000,7860
973900,7861
97400,7862
974100,7863
974300,7864
975100,7865
976000,7866
976200,7867
976300,7868
977400,7869
97800,7870
978100,7871
978600,7872
978700,7873
98000,7874
980100,7875
980200,7876
981000,7877
981200,7878
981400,7879
981700,7880
982000,7881
982300,7882
982500,7883
983900,7884
984400,7885
984900,7886
98500,7887
985200,7888
985400,7889
987000,7890
987100,7891
987300,7892
98800,7893
988200,7894
988800,7895
989300,7896
989900,7897
991200,7898
991500,7899
992300,7900
993900,7901
994500,7902
994700,7903
995500,7904
995700,7905
996900,7906
997000,7907
997100,7908
997200,7909
997300,7910
998500,7911
998800,7912
999400,7913
999900,7914
100000,7915
1000300,7916
1000900,7917
1002000,7918
1002300,7919
1002400,7920
1002900,7921
1003700,7922
1004000,7923
1004100,7924
1004900,7925
1005300,7926
1006000,7927
1006200,7928
1006500,7929
1006700,7930
1007300,7931
1007800,7932
1008600,7933
1009100,7934
1009400,7935
1009600,7936
1009700,7937
1010200,7938
1010300,7939
1010600,7940
1012300,7941
1012600,7942
1012800,7943
1012900,7944
1013900,7945
1014000,7946
1014200,7947
1015100,7948
1015800,7949
101600,7950
1016200,7951
1016600,7952
1016800,7953
1016900,7954
1017200,7955
1017300,7956
1017500,7957
1017700,7958
101800,7959
102000,7960
102200,7961
102400,7962
102600,7963
10300,7964
103500,7965
104000,7966
104400,7967
104600,7968
105500,7969
105700,7970
105900,7971
106000,7972
106700,7973
106900,7974
107100,7975
107200,7976
107500,7977
107600,7978
107700,7979
10800,7980
108100,7981
108200,7982
108700,7983
108900,7984
109400,7985
109800,7986
11000,7987
111000,7988
111100,7989
111600,7990
112100,7991
112200,7992
112500,7993
113700,7994
114500,7995
114600,7996
114700,7997
114800,7998
115800,7999
116200,8000
116400,8001
11700,8002
117500,8003
118000,8004
118800,8005
1200,8006
120200,8007
120400,8008
120500,8009
120800,8010
121400,8011
121500,8012
122000,8013
122200,8014
122700,8015
123100,8016
123300,8017
123900,8018
124000,8019
124500,8020
125100,8021
125300,8022
126800,8023
127200,8024
128500,8025
128700,8026
131100,8027
131200,8028
132000,8029
132300,8030
132500,8031
132800,8032
134600,8033
13500,8034
135400,8035
135700,8036
135900,8037
137500,8038
139000,8039
139100,8040
139200,8041
140000,8042
140100,8043
140800,8044
140900,8045
142400,8046
142700,8047
142800,8048
143000,8049
143100,8050
143200,8051
143400,8052
144400,8053
144900,8054
146600,8055
146900,8056
147400,8057
147500,8058
147800,8059
148500,8060
148600,8061
148900,8062
149000,8063
149200,8064
149300,8065
150300,8066
150400,8067
150700,8068
150900,8069
15100,8070
151500,8071
151700,8072
152400,8073
153200,8074
153400,8075
153700,8076
154100,8077
154400,8078
156000,8079
156200,8080
156400,8081
156600,8082
15700,8083
157100,8084
159300,8085
159400,8086
16000,8087
160200,8088
160400,8089
16100,8090
161200,8091
161400,8092
161700,8093
16200,8094
162500,8095
163100,8096
163900,8097
164000,8098
16500,8099
165000,8100
165500,8101
165600,8102
165800,8103
166100,8104
166300,8105
166500,8106
166700,8107
167100,8108
167300,8109
167400,8110
167500,8111
168300,8112
168400,8113
168600,8114
169500,8115
1700,8116
17000,8117
170100,8118
171800,8119
171900,8120
172400,8121
17400,8122
174200,8123
174300,8124
174700,8125
174800,8126
17600,8127
176000,8128
176400,8129
176500,8130
176600,8131
176700,8132
177300,8133
177500,8134
177700,8135
178700,8136
179600,8137
179800,8138
180100,8139
180400,8140
180600,8141
180900,8142
181000,8143
181600,8144
181900,8145
182200,8146
183300,8147
183400,8148
183500,8149
183700,8150
184300,8151
184500,8152
184900,8153
185300,8154
185600,8155
185900,8156
186800,8157
187000,8158
188000,8159
188200,8160
188300,8161
188600,8162
188900,8163
189100,8164
189300,8165
189900,8166
1900,8167
190100,8168
190300,8169
190600,8170
19100,8171
191200,8172
191300,8173
191500,8174
191900,8175
192300,8176
192500,8177
192700,8178
192800,8179
193300,8180
193900,8181
194100,8182
195100,8183
195200,8184
195700,8185
196000,8186
196400,8187
196700,8188
19700,8189
197100,8190
198500,8191
199400,8192
201100,8193
201300,8194
202400,8195
202800,8196
202900,8197
20300,8198
203600,8199
20400,8200
204100,8201
204300,8202
204800,8203
20500,8204
205200,8205
205500,8206
206000,8207
206600,8208
206900,8209
207100,8210
207500,8211
208000,8212
208400,8213
208500,8214
208700,8215
208800,8216
21000,8217
210200,8218
210300,8219
212400,8220
21300,8221
213200,8222
215100,8223
215900,8224
216300,8225
216600,8226
217200,8227
217600,8228
217800,8229
218000,8230
218200,8231
218500,8232
218700,8233
218800,8234
218900,8235
219300,8236
219400,8237
219500,8238
219600,8239
221100,8240
221200,8241
221600,8242
221900,8243
22200,8244
222900,8245
223000,8246
223400,8247
223500,8248
224100,8249
224600,8250
224900,8251
226100,8252
226400,8253
226600,8254
226700,8255
227000,8256
227800,8257
228200,8258
228400,8259
229100,8260
229900,8261
2300,8262
23000,8263
230700,8264
231100,8265
231600,8266
232100,8267
232400,8268
233200,8269
233700,8270
233800,8271
233900,8272
234300,8273
234900,8274
235400,8275
236600,8276
236900,8277
23700,8278
238300,8279
238700,8280
239300,8281
24000,8282
240000,8283
241200,8284
24200,8285
242800,8286
243400,8287
244300,8288
244700,8289
245200,8290
246000,8291
246100,8292
246200,8293
246400,8294
246800,8295
247500,8296
247700,8297
248300,8298
248500,8299
248900,8300
249100,8301
249800,8302
250100,8303
250500,8304
250600,8305
251000,8306
251100,8307
251200,8308
251300,8309
252000,8310
252200,8311
252400,8312
253100,8313
254800,8314
255000,8315
256200,8316
256400,8317
256900,8318
257600,8319
258000,8320
258400,8321
258600,8322
259900,8323
2600,8324
260300,8325
260500,8326
260900,8327
26100,8328
261900,8329
262100,8330
262800,8331
26400,8332
264900,8333
26500,8334
265500,8335
265800,8336
266100,8337
267100,8338
268100,8339
268200,8340
268900,8341
269000,8342
269100,8343
270300,8344
271100,8345
271300,8346
272000,8347
272300,8348
272800,8349
273000,8350
274000,8351
274800,8352
275700,8353
276100,8354
276400,8355
277400,8356
27800,8357
278000,8358
278300,8359
27900,8360
279400,8361
279600,8362
279800,8363
280100,8364
280400,8365
28100,8366
281200,8367
282000,8368
282800,8369
283000,8370
283400,8371
284500,8372
285700,8373
285800,8374
285900,8375
286800,8376
28700,8377
287500,8378
287600,8379
287700,8380
288800,8381
288900,8382
289400,8383
290700,8384
291400,8385
292000,8386
293200,8387
293600,8388
293900,8389
294000,8390
294600,8391
294700,8392
295400,8393
295700,8394
296200,8395
296400,8396
29700,8397
29800,8398
298100,8399
298200,8400
298300,8401
299000,8402
299200,8403
30100,8404
302200,8405
302800,8406
302900,8407
303200,8408
303700,8409
304300,8410
30700,8411
307000,8412
307100,8413
307200,8414
308000,8415
308500,8416
308600,8417
310600,8418
311100,8419
312400,8420
313100,8421
313300,8422
314200,8423
314400,8424
314500,8425
314900,8426
315000,8427
315200,8428
315400,8429
315500,8430
315800,8431
315900,8432
316000,8433
317900,8434
31800,8435
318500,8436
318800,8437
319500,8438
321000,8439
322900,8440
323800,8441
323900,8442
324500,8443
325800,8444
326900,8445
327900,8446
328200,8447
328800,8448
329600,8449
330200,8450
331400,8451
332200,8452
332700,8453
332900,8454
333500,8455
33400,8456
335800,8457
335900,8458
336100,8459
336300,8460
336400,8461
336600,8462
338400,8463
338600,8464
338900,8465
339200,8466
339500,8467
340500,8468
340600,8469
34300,8470
343400,8471
343600,8472
343900,8473
344700,8474
344800,8475
344900,8476
345800,8477
346300,8478
347000,8479
348000,8480
348200,8481
349800,8482
350100,8483
35100,8484
351100,8485
351600,8486
352700,8487
353100,8488
353700,8489
354400,8490
355400,8491
355700,8492
356000,8493
356200,8494
357300,8495
357400,8496
357800,8497
357900,8498
358600,8499
359000,8500
359100,8501
359400,8502
359500,8503
360800,8504
36100,8505
361100,8506
362300,8507
362600,8508
363300,8509
36400,8510
364800,8511
365200,8512
365600,8513
365700,8514
366300,8515
36800,8516
368100,8517
368300,8518
368700,8519
368800,8520
368900,8521
369000,8522
369200,8523
369300,8524
369500,8525
369900,8526
370000,8527
370300,8528
370400,8529
371300,8530
371500,8531
372400,8532
372600,8533
373100,8534
373500,8535
375300,8536
375700,8537
376400,8538
376500,8539
377700,8540
37800,8541
378200,8542
378300,8543
37900,8544
379400,8545
379900,8546
380300,8547
381700,8548
382400,8549
382500,8550
383900,8551
384200,8552
385600,8553
386100,8554
387400,8555
388200,8556
39000,8557
390600,8558
39100,8559
391000,8560
392200,8561
392300,8562
393900,8563
396100,8564
396800,8565
397000,8566
397300,8567
398300,8568
398400,8569
398700,8570
399200,8571
399400,8572
400200,8573
401200,8574
402100,8575
402600,8576
403800,8577
404100,8578
404900,8579
405900,8580
406200,8581
40700,8582
407400,8583
407600,8584
407800,8585
408000,8586
408200,8587
408600,8588
409200,8589
409400,8590
409600,8591
4100,8592
411100,8593
411900,8594
412600,8595
41300,8596
413200,8597
413300,8598
413800,8599
414600,8600
414900,8601
415100,8602
415200,8603
415900,8604
417500,8605
418100,8606
418800,8607
418900,8608
419100,8609
420400,8610
420600,8611
420700,8612
421100,8613
421400,8614
421800,8615
422500,8616
423000,8617
423900,8618
42400,8619
424900,8620
425000,8621
425200,8622
425700,8623
426400,8624
426700,8625
426800,8626
42700,8627
427500,8628
428100,8629
428900,8630
430000,8631
430400,8632
431000,8633
431100,8634
432500,8635
43300,8636
433500,8637
433900,8638
435400,8639
435500,8640
435700,8641
436200,8642
437300,8643
43800,8644
438500,8645
438700,8646
439400,8647
439900,8648
44000,8649
44100,8650
441500,8651
44200,8652
442000,8653
442900,8654
443300,8655
444300,8656
445400,8657
447000,8658
447200,8659
447300,8660
448400,8661
448500,8662
449300,8663
449600,8664
449800,8665
4500,8666
450200,8667
450800,8668
451400,8669
451600,8670
45200,8671
452000,8672
45300,8673
455500,8674
455600,8675
455700,8676
456700,8677
457100,8678
458000,8679
459200,8680
459400,8681
459500,8682
4600,8683
46000,8684
460000,8685
460200,8686
460600,8687
462500,8688
463400,8689
463700,8690
463900,8691
464000,8692
464100,8693
464500,8694
464600,8695
464800,8696
465300,8697
465400,8698
465700,8699
466200,8700
46800,8701
468300,8702
468600,8703
468700,8704
469000,8705
469300,8706
470600,8707
471800,8708
472400,8709
473600,8710
474000,8711
474100,8712
474300,8713
474500,8714
474800,8715
475100,8716
475800,8717
47600,8718
476800,8719
476900,8720
477700,8721
477800,8722
47800,8723
478100,8724
478800,8725
479300,8726
4800,8727
48000,8728
480600,8729
480700,8730
482100,8731
483000,8732
483500,8733
484400,8734
484800,8735
484900,8736
485000,8737
485800,8738
486400,8739
487000,8740
487100,8741
487300,8742
487500,8743
489200,8744
489400,8745
489700,8746
490400,8747
490700,8748
491000,8749
491200,8750
491700,8751
492200,8752
492400,8753
49300,8754
493800,8755
494200,8756
494600,8757
495100,8758
496400,8759
496500,8760
496800,8761
497800,8762
498400,8763
49900,8764
499200,8765
499600,8766
500600,8767
501700,8768
50200,8769
502300,8770
502700,8771
503000,8772
503200,8773
504200,8774
504400,8775
504800,8776
50500,8777
505700,8778
50600,8779
506600,8780
506900,8781
507300,8782
507700,8783
508000,8784
508500,8785
51000,8786
510000,8787
511800,8788
512000,8789
512400,8790
512500,8791
51300,8792
51400,8793
514000,8794
514200,8795
514300,8796
514500,8797
515000,8798
51600,8799
51700,8800
517100,8801
517200,8802
517400,8803
517500,8804
517700,8805
51900,8806
519100,8807
520400,8808
520600,8809
520700,8810
520800,8811
52100,8812
523900,8813
524500,8814
524900,8815
525000,8816
525100,8817
525200,8818
525700,8819
52600,8820
526300,8821
526400,8822
527100,8823
527400,8824
527600,8825
528400,8826
529100,8827
529200,8828
529600,8829
530700,8830
530900,8831
53100,8832
531000,8833
532200,8834
532400,8835
533500,8836
533600,8837
534100,8838
534700,8839
535700,8840
537800,8841
538000,8842
538700,8843
538800,8844
540400,8845
540500,8846
540900,8847
541000,8848
541500,8849
541900,8850
542400,8851
543800,8852
54400,8853
544400,8854
546100,8855
54700,8856
547000,8857
547200,8858
547900,8859
548100,8860
548900,8861
549400,8862
549900,8863
550100,8864
550200,8865
550400,8866
550700,8867
551000,8868
552100,8869
552400,8870
552500,8871
552600,8872
553200,8873
553700,8874
554500,8875
554900,8876
555200,8877
555500,8878
555700,8879
556900,8880
557100,8881
557200,8882
557400,8883
55900,8884
559000,8885
560300,8886
560900,8887
56100,8888
561100,8889
561600,8890
561800,8891
562300,8892
563200,8893
563700,8894
564300,8895
56500,8896
565400,8897
565600,8898
565700,8899
565800,8900
56600,8901
566300,8902
566800,8903
567300,8904
567800,8905
568200,8906
569000,8907
569300,8908
569600,8909
570100,8910
570300,8911
570600,8912
571700,8913
572000,8914
57300,8915
573300,8916
573600,8917
574100,8918
574600,8919
574900,8920
577000,8921
577500,8922
578000,8923
579600,8924
579900,8925
580100,8926
580300,8927
580600,8928
58100,8929
581800,8930
582100,8931
582300,8932
582800,8933
582900,8934
583500,8935
58400,8936
584400,8937
584500,8938
584900,8939
585200,8940
585300,8941
585700,8942
585800,8943
585900,8944
586200,8945
586700,8946
586800,8947
587000,8948
588300,8949
588600,8950
58900,8951
589600,8952
589700,8953
589900,8954
590200,8955
590400,8956
591200,8957
591400,8958
592100,8959
593100,8960
593200,8961
593800,8962
594200,8963
59500,8964
597100,8965
597300,8966
59800,8967
598500,8968
598800,8969
599100,8970
599300,8971
600000,8972
60100,8973
603000,8974
603400,8975
603600,8976
603700,8977
603900,8978
60400,8979
604600,8980
60500,8981
606800,8982
607100,8983
608600,8984
608800,8985
609100,8986
609400,8987
609900,8988
610000,8989
61200,8990
612100,8991
612300,8992
612500,8993
612600,8994
613600,8995
61400,8996
614400,8997
614600,8998
614800,8999
615100,9000
615700,9001
616600,9002
618200,9003
618400,9004
61900,9005
619800,9006
619900,9007
620100,9008
620300,9009
620900,9010
621300,9011
62200,9012
622100,9013
622200,9014
622400,9015
623500,9016
624600,9017
624900,9018
62500,9019
625600,9020
625800,9021
626300,9022
626600,9023
626700,9024
626900,9025
627100,9026
627900,9027
628000,9028
628500,9029
628600,9030
628900,9031
62900,9032
629600,9033
629900,9034
630100,9035
630200,9036
630300,9037
631100,9038
631500,9039
632700,9040
633000,9041
633300,9042
633500,9043
633700,9044
63400,9045
634200,9046
634400,9047
634600,9048
635700,9049
636100,9050
636800,9051
637100,9052
638000,9053
639400,9054
64000,9055
640200,9056
640500,9057
642000,9058
642300,9059
642600,9060
643300,9061
644800,9062
645400,9063
645700,9064
64600,9065
646300,9066
646600,9067
647500,9068
648300,9069
648600,9070
649200,9071
649500,9072
649800,9073
650100,9074
650200,9075
651200,9076
651300,9077
65200,9078
65300,9079
653500,9080
653800,9081
654000,9082
654700,9083
654900,9084
655300,9085
656000,9086
65700,9087
657200,9088
657800,9089
65800,9090
658000,9091
658500,9092
658800,9093
659300,9094
659400,9095
660000,9096
660200,9097
660700,9098
661500,9099
661800,9100
663600,9101
663700,9102
664200,9103
664500,9104
664600,9105
664700,9106
665000,9107
665100,9108
665500,9109
665700,9110
665900,9111
66600,9112
667000,9113
668000,9114
668900,9115
669000,9116
669100,9117
669900,9118
67000,9119
670200,9120
670300,9121
670600,9122
671100,9123
671900,9124
672500,9125
673500,9126
673900,9127
67400,9128
674400,9129
675000,9130
675500,9131
676000,9132
676200,9133
676900,9134
677200,9135
678100,9136
678900,9137
679100,9138
679700,9139
680200,9140
680700,9141
681100,9142
681400,9143
681900,9144
68200,9145
682400,9146
683800,9147
684000,9148
684400,9149
684700,9150
684800,9151
685100,9152
685700,9153
686200,9154
686400,9155
686500,9156
686900,9157
687100,9158
689300,9159
689400,9160
689800,9161
6900,9162
690000,9163
690200,9164
690600,9165
692000,9166
692100,9167
692200,9168
693100,9169
693200,9170
693500,9171
693800,9172
694600,9173
696000,9174
697900,9175
69800,9176
698200,9177
698300,9178
699900,9179
700000,9180
701100,9181
701900,9182
702100,9183
702200,9184
702300,9185
702900,9186
703000,9187
703900,9188
704100,9189
704300,9190
704800,9191
705000,9192
705300,9193
705400,9194
706100,9195
706300,9196
707300,9197
707400,9198
707800,9199
708100,9200
708400,9201
708600,9202
709600,9203
709800,9204
7100,9205
710300,9206
710500,9207
711000,9208
712700,9209
712900,9210
71300,9211
713100,9212
713600,9213
713700,9214
71400,9215
714000,9216
714900,9217
716200,9218
717400,9219
718100,9220
718300,9221
719500,9222
720600,9223
720900,9224
721300,9225
722300,9226
722700,9227
723200,9228
724000,9229
724200,9230
724800,9231
725200,9232
725700,9233
725900,9234
72600,9235
726000,9236
727500,9237
727600,9238
727800,9239
727900,9240
728200,9241
728900,9242
72900,9243
729900,9244
7300,9245
730500,9246
730800,9247
730900,9248
731600,9249
73200,9250
732000,9251
732200,9252
732700,9253
732800,9254
733000,9255
733300,9256
733700,9257
733900,9258
73400,9259
734100,9260
734400,9261
73500,9262
735100,9263
736100,9264
737200,9265
737500,9266
737700,9267
737800,9268
737900,9269
738700,9270
73900,9271
739100,9272
740300,9273
741100,9274
741200,9275
741300,9276
741700,9277
742000,9278
742100,9279
742400,9280
742500,9281
742600,9282
742900,9283
743300,9284
743400,9285
743700,9286
744300,9287
744700,9288
74500,9289
745500,9290
747600,9291
747900,9292
748400,9293
748600,9294
748800,9295
749000,9296
749100,9297
749800,9298
75000,9299
750500,9300
750700,9301
751400,9302
751500,9303
751700,9304
751800,9305
751900,9306
752300,9307
752400,9308
753500,9309
753800,9310
755300,9311
755500,9312
755900,9313
75600,9314
756100,9315
756400,9316
757500,9317
758000,9318
758100,9319
758200,9320
758300,9321
758700,9322
759100,9323
759200,9324
760200,9325
760500,9326
760600,9327
762700,9328
762800,9329
763000,9330
763400,9331
763500,9332
764000,9333
764600,9334
764900,9335
765900,9336
76600,9337
767200,9338
767300,9339
767600,9340
767800,9341
767900,9342
768500,9343
76900,9344
769300,9345
769400,9346
770200,9347
770500,9348
771200,9349
771400,9350
772000,9351
772200,9352
772600,9353
773400,9354
773600,9355
774400,9356
77500,9357
775600,9358
776400,9359
777600,9360
777900,9361
778100,9362
778500,9363
778700,9364
778800,9365
78000,9366
780200,9367
781300,9368
782600,9369
783000,9370
783300,9371
783600,9372
784400,9373
784900,9374
785100,9375
785600,9376
78600,9377
786000,9378
786100,9379
786700,9380
78700,9381
787000,9382
787200,9383
787300,9384
787400,9385
787700,9386
788600,9387
789100,9388
789300,9389
790600,9390
791300,9391
792100,9392
793300,9393
794100,9394
794600,9395
795100,9396
795900,9397
796300,9398
796900,9399
797000,9400
797200,9401
797800,9402
79800,9403
798100,9404
799200,9405
799300,9406
799400,9407
799800,9408
800200,9409
800700,9410
801700,9411
803700,9412
803900,9413
804300,9414
804800,9415
805400,9416
805600,9417
805700,9418
805900,9419
80600,9420
806200,9421
806400,9422
806600,9423
806700,9424
807100,9425
807900,9426
808000,9427
808100,9428
808200,9429
808500,9430
808600,9431
80900,9432
809200,9433
809300,9434
809400,9435
809500,9436
809700,9437
809800,9438
81000,9439
810000,9440
81100,9441
81200,9442
812000,9443
812100,9444
812200,9445
812600,9446
812800,9447
813000,9448
813100,9449
81400,9450
814300,9451
814400,9452
815400,9453
815600,9454
815700,9455
816800,9456
817100,9457
817900,9458
81800,9459
818000,9460
819200,9461
8200,9462
820800,9463
821000,9464
822600,9465
822900,9466
82300,9467
823600,9468
823800,9469
824700,9470
825600,9471
826100,9472
826600,9473
827400,9474
827600,9475
827900,9476
828100,9477
830700,9478
830900,9479
831400,9480
831500,9481
831600,9482
832200,9483
834000,9484
834200,9485
834300,9486
834500,9487
834600,9488
83500,9489
835400,9490
835600,9491
835700,9492
836900,9493
837200,9494
837600,9495
838100,9496
838300,9497
838400,9498
839200,9499
839400,9500
839700,9501
840400,9502
842200,9503
843800,9504
843900,9505
844400,9506
844500,9507
844600,9508
84500,9509
846500,9510
846600,9511
846900,9512
847700,9513
848000,9514
848100,9515
848500,9516
849200,9517
849500,9518
850700,9519
851600,9520
852600,9521
853000,9522
853100,9523
853300,9524
853700,9525
854000,9526
854300,9527
854400,9528
854800,9529
855900,9530
857100,9531
857200,9532
857900,9533
858600,9534
858700,9535
859000,9536
86000,9537
860100,9538
860600,9539
86100,9540
861200,9541
862100,9542
862500,9543
863200,9544
863900,9545
864200,9546
865100,9547
865600,9548
865700,9549
865800,9550
866100,9551
866500,9552
867600,9553
868400,9554
868500,9555
869600,9556
87000,9557
870100,9558
870500,9559
871300,9560
871400,9561
871500,9562
872000,9563
872100,9564
873200,9565
873500,9566
873600,9567
87400,9568
874200,9569
874300,9570
874400,9571
874500,9572
877300,9573
877500,9574
877600,9575
878200,9576
878700,9577
879000,9578
88000,9579
880300,9580
881900,9581
88300,9582
883700,9583
885800,9584
886300,9585
886400,9586
886900,9587
887000,9588
887500,9589
888200,9590
888400,9591
888500,9592
888700,9593
888900,9594
889100,9595
889500,9596
891100,9597
891200,9598
891400,9599
892600,9600
892700,9601
89300,9602
893000,9603
893500,9604
893800,9605
894200,9606
895600,9607
89600,9608
89700,9609
897000,9610
897300,9611
897400,9612
897700,9613
897800,9614
897900,9615
898100,9616
898300,9617
898800,9618
89900,9619
899800,9620
899900,9621
90000,9622
901800,9623
902500,9624
90300,9625
903000,9626
903500,9627
904000,9628
904200,9629
904400,9630
904500,9631
904800,9632
904900,9633
905500,9634
905800,9635
906300,9636
90700,9637
907200,9638
907500,9639
909400,9640
9100,9641
910000,9642
910100,9643
910700,9644
911000,9645
911100,9646
911400,9647
911900,9648
912000,9649
912100,9650
913200,9651
913300,9652
91400,9653
915700,9654
915900,9655
916700,9656
916800,9657
917100,9658
917300,9659
918200,9660
918400,9661
91900,9662
919400,9663
919700,9664
919900,9665
920400,9666
920600,9667
923000,9668
924300,9669
924400,9670
924800,9671
925100,9672
925200,9673
926800,9674
926900,9675
927200,9676
927400,9677
927600,9678
927700,9679
928600,9680
929600,9681
931500,9682
931600,9683
931800,9684
93200,9685
932700,9686
93300,9687
933400,9688
933700,9689
934200,9690
934300,9691
934400,9692
934900,9693
935100,9694
935200,9695
93600,9696
936700,9697
936800,9698
937100,9699
937200,9700
937500,9701
937800,9702
938400,9703
938800,9704
939100,9705
94000,9706
940800,9707
941200,9708
941400,9709
941600,9710
941800,9711
942400,9712
943900,9713
94400,9714
944800,9715
945300,9716
945500,9717
946300,9718
947100,9719
947600,9720
948000,9721
948300,9722
948800,9723
949600,9724
949700,9725
950100,9726
950300,9727
951400,9728
951700,9729
952300,9730
952600,9731
952700,9732
95300,9733
953100,9734
953700,9735
954300,9736
954800,9737
954900,9738
955400,9739
955500,9740
956200,9741
956500,9742
957500,9743
958400,9744
959800,9745
9600,9746
960200,9747
960300,9748
960400,9749
961000,9750
961800,9751
962800,9752
962900,9753
963200,9754
963900,9755
964200,9756
964300,9757
965300,9758
965400,9759
965900,9760
966200,9761
966900,9762
967000,9763
967800,9764
967900,9765
968000,9766
968200,9767
969200,9768
970000,9769
970600,9770
971100,9771
97200,9772
972200,9773
972800,9774
973300,9775
973400,9776
97500,9777
975500,9778
975800,9779
976600,9780
976800,9781
97700,9782
977700,9783
978300,9784
978500,9785
979600,9786
979900,9787
981600,9788
981800,9789
98200,9790
982100,9791
982600,9792
982900,9793
983000,9794
983100,9795
983300,9796
984000,9797
984700,9798
985100,9799
985300,9800
985500,9801
985900,9802
986000,9803
986300,9804
986600,9805
98700,9806
98900,9807
989000,9808
989800,9809
990200,9810
990400,9811
990600,9812
990800,9813
99100,9814
99200,9815
992000,9816
992100,9817
99300,9818
993400,9819
993600,9820
99400,9821
994100,9822
994400,9823
994600,9824
994800,9825
996500,9826
996600,9827
997700,9828
997800,9829
99800,9830
998100,9831
998200,9832
998700,9833
99900,9834
999800,9835
